order_id,order_date,order_placed_time,day_of_week,city,vendor_id,vendor_name,order_type,driver_id,distance_km,weather_condition,is_peak_hour,order_value_inr,delivery_time_min,is_delayed,is_cancelled,customer_rating
ORD00001,1/3/2026,22:33:00,Saturday,Mumbai,V007,Wok This Way,Grocery,DRV008,2.35,Clear,0,164.02,27.5,0,0,4
ORD00002,2/7/2026,16:01:00,Saturday,Delhi,V006,Tandoori Nights,Food Delivery,DRV014,0.9,Clear,0,370.86,21,0,0,4
ORD00003,4/8/2026,16:56:00,Wednesday,Chennai,V002,Urban Tadka,Food Delivery,DRV001,0.66,Clear,0,374.36,16.1,0,0,5
ORD00004,4/20/2026,22:38:00,Monday,Chennai,V001,Spice Route Kitchen,Food Delivery,DRV037,4.71,Rain,0,1053.9,41.3,0,0,4
ORD00005,3/10/2026,22:50:00,Tuesday,Chennai,V001,Spice Route Kitchen,Food Delivery,DRV060,1.2,Clear,0,258.1,24.7,0,0,4
ORD00006,2/14/2026,15:44:00,Saturday,Delhi,V005,Green Leaf Cafe,Food Delivery,DRV057,5.16,Clear,0,255.03,41.2,0,0,3
ORD00007,6/10/2026,16:47:00,Wednesday,Bengaluru,V004,Curry Express,Food Delivery,DRV041,2.07,Clear,0,510.12,26.2,0,0,4
ORD00008,3/2/2026,22:19:00,Monday,Bengaluru,V010,Bun Intended Burgers,Food Delivery,DRV002,13.26,Clear,0,1031.71,87.6,1,0,3
ORD00009,4/20/2026,15:03:00,Monday,Hyderabad,V011,Roti Roll Co.,Food Delivery,DRV032,3.64,Clear,0,878.65,36.1,0,0,3
ORD00010,4/24/2026,17:31:00,Friday,Delhi,V005,Green Leaf Cafe,Food Delivery,DRV059,1.53,Rain,0,401.91,18.1,0,0,3
ORD00011,4/27/2026,12:40:00,Monday,Bengaluru,V004,Curry Express,Food Delivery,DRV030,3.99,Clear,1,1010.6,36.7,0,0,4
ORD00012,4/11/2026,21:11:00,Saturday,Mumbai,V012,Dosa Point,Food Delivery,DRV052,2.85,Clear,1,227.7,34.7,0,0,5
ORD00013,4/15/2026,14:55:00,Wednesday,Bengaluru,V004,Curry Express,Grocery,DRV014,2.35,Heavy Traffic Event,0,536.51,19.8,0,0,5
ORD00014,4/8/2026,15:37:00,Wednesday,Chennai,V001,Spice Route Kitchen,Food Delivery,DRV021,3.49,Clear,0,763.38,35.3,0,0,4
ORD00015,2/11/2026,15:33:00,Wednesday,Delhi,V005,Green Leaf Cafe,Pharmacy,DRV029,2.59,Rain,0,668.08,36.1,0,0,3
ORD00016,1/31/2026,16:55:00,Saturday,Chennai,V003,Bowl & Broth,Food Delivery,DRV027,0.65,Clear,0,497.97,14.2,0,0,5
ORD00017,5/7/2026,14:17:00,Thursday,Hyderabad,V009,Sushi Central,Food Delivery,DRV045,3.73,Rain,0,368.67,37.2,0,0,4
ORD00018,4/15/2026,15:39:00,Wednesday,Mumbai,V012,Dosa Point,Food Delivery,DRV043,2.38,Clear,0,282.64,21.8,0,0,5
ORD00019,6/23/2026,15:49:00,Tuesday,Mumbai,V012,Dosa Point,Grocery,DRV042,1.96,Clear,0,533.38,25.4,0,0,5
ORD00020,2/3/2026,11:25:00,Tuesday,Delhi,V005,Green Leaf Cafe,Food Delivery,DRV025,0.54,Clear,0,965.05,13.3,0,0,4
ORD00021,4/29/2026,15:43:00,Wednesday,Mumbai,V007,Wok This Way,Grocery,DRV047,2.78,Clear,0,172.13,24.5,0,0,3
ORD00022,3/27/2026,12:25:00,Friday,Delhi,V005,Green Leaf Cafe,Food Delivery,DRV058,8.08,Clear,1,761.33,56.9,1,0,3
ORD00023,6/19/2026,22:51:00,Friday,Bengaluru,V008,Pizza Junction,Food Delivery,DRV043,5.56,Clear,0,1325.07,41,0,0,5
ORD00024,3/11/2026,17:20:00,Wednesday,Bengaluru,V008,Pizza Junction,Food Delivery,DRV025,1.59,Clear,0,1148.46,17,0,0,5
ORD00025,4/13/2026,16:43:00,Monday,Hyderabad,V009,Sushi Central,Grocery,DRV055,1.97,Rain,0,1081.11,23.8,0,0,5
ORD00026,1/18/2026,10:56:00,Sunday,Hyderabad,V011,Roti Roll Co.,Food Delivery,DRV016,2.65,Clear,0,694.01,24.1,0,0,4
ORD00027,2/8/2026,22:46:00,Sunday,Hyderabad,V011,Roti Roll Co.,Food Delivery,DRV009,3.47,Rain,0,1171.98,29.6,0,0,3
ORD00028,2/11/2026,16:50:00,Wednesday,Delhi,V005,Green Leaf Cafe,Food Delivery,DRV019,2.05,Clear,0,1114.75,24.9,0,0,4
ORD00029,2/15/2026,15:33:00,Sunday,Chennai,V003,Bowl & Broth,Food Delivery,DRV057,2.32,Rain,0,599.83,25.8,0,0,5
ORD00030,3/20/2026,19:57:00,Friday,Delhi,V006,Tandoori Nights,Food Delivery,DRV019,0.41,Rain,1,1360.71,19.2,0,0,4
ORD00031,5/6/2026,14:43:00,Wednesday,Delhi,V005,Green Leaf Cafe,Food Delivery,DRV058,4.91,Heavy Traffic Event,0,360.8,42.4,0,0,3
ORD00032,2/17/2026,14:15:00,Tuesday,Chennai,V002,Urban Tadka,Grocery,DRV013,1.78,Clear,0,1285.99,18.9,0,0,5
ORD00033,4/10/2026,12:24:00,Friday,Chennai,V002,Urban Tadka,Food Delivery,DRV033,7.91,Clear,1,719.93,57.1,1,0,5
ORD00034,6/5/2026,20:58:00,Friday,Mumbai,V007,Wok This Way,Food Delivery,DRV014,2.62,Heavy Traffic Event,1,382.46,40.6,0,0,3
ORD00035,4/22/2026,14:06:00,Wednesday,Bengaluru,V008,Pizza Junction,Grocery,DRV005,1.53,Clear,0,233.16,21.8,0,0,5
ORD00036,5/16/2026,16:41:00,Saturday,Mumbai,V007,Wok This Way,Grocery,DRV027,1.87,Clear,0,236.48,22.6,0,0,3
ORD00037,4/5/2026,17:46:00,Sunday,Mumbai,V007,Wok This Way,Food Delivery,DRV043,8.45,Rain,0,427.39,65.4,1,0,2
ORD00038,4/16/2026,15:41:00,Thursday,Mumbai,V007,Wok This Way,Grocery,DRV058,3.84,Rain,0,406.53,43.7,0,0,2
ORD00039,1/22/2026,15:12:00,Thursday,Delhi,V006,Tandoori Nights,Food Delivery,DRV047,0.83,Clear,0,774.92,19.8,0,0,4
ORD00040,2/19/2026,20:44:00,Thursday,Chennai,V001,Spice Route Kitchen,Food Delivery,DRV024,1.72,Clear,1,1042.26,25.3,0,0,4
ORD00041,1/20/2026,15:31:00,Tuesday,Mumbai,V012,Dosa Point,Food Delivery,DRV026,3.62,Clear,0,805.23,29.4,0,0,5
ORD00042,5/3/2026,19:29:00,Sunday,Hyderabad,V009,Sushi Central,Grocery,DRV041,2.76,Clear,1,551.93,25.6,0,0,4
ORD00043,4/20/2026,13:06:00,Monday,Delhi,V006,Tandoori Nights,Food Delivery,DRV055,3.93,Clear,1,1198.16,,0,1,
ORD00044,6/26/2026,12:23:00,Friday,Delhi,V005,Green Leaf Cafe,Grocery,DRV008,1.66,Clear,1,730.07,26.3,0,0,3
ORD00045,1/21/2026,16:17:00,Wednesday,Mumbai,V012,Dosa Point,Food Delivery,DRV010,4.04,Clear,0,822.21,38.9,0,0,4
ORD00046,5/26/2026,13:40:00,Tuesday,Bengaluru,V008,Pizza Junction,Food Delivery,DRV060,3.76,Clear,1,1355.23,43.3,0,0,5
ORD00047,6/16/2026,18:02:00,Tuesday,Chennai,V003,Bowl & Broth,Food Delivery,DRV019,2.79,Rain,0,971.45,29.8,0,0,5
ORD00048,3/12/2026,20:25:00,Thursday,Bengaluru,V010,Bun Intended Burgers,Food Delivery,DRV033,1.52,Clear,1,621.1,13.8,0,0,4
ORD00049,3/2/2026,12:46:00,Monday,Chennai,V003,Bowl & Broth,Food Delivery,DRV037,6.42,Clear,1,1116.57,41.4,0,0,4
ORD00050,5/18/2026,21:20:00,Monday,Chennai,V002,Urban Tadka,Food Delivery,DRV031,5.93,Clear,1,886.01,45.8,1,0,5
ORD00051,3/3/2026,13:24:00,Tuesday,Bengaluru,V010,Bun Intended Burgers,Food Delivery,DRV044,6.9,Clear,1,843.37,55.4,1,0,4
ORD00052,4/28/2026,19:22:00,Tuesday,Bengaluru,V008,Pizza Junction,Food Delivery,DRV051,1.59,Rain,1,876.83,21.6,0,0,5
ORD00053,4/19/2026,12:24:00,Sunday,Delhi,V005,Green Leaf Cafe,Food Delivery,DRV059,1.88,Rain,1,699.12,24.1,0,0,3
ORD00054,1/30/2026,9:18:00,Friday,Mumbai,V007,Wok This Way,Food Delivery,DRV041,1.47,Clear,0,310.29,32,0,0,4
ORD00055,3/18/2026,19:20:00,Wednesday,Mumbai,V007,Wok This Way,Food Delivery,DRV051,2.73,Clear,1,700.21,34,0,0,3
ORD00056,3/31/2026,19:06:00,Tuesday,Chennai,V002,Urban Tadka,Food Delivery,DRV033,1.67,Clear,1,152.49,,0,1,
ORD00057,2/15/2026,13:29:00,Sunday,Mumbai,V007,Wok This Way,Grocery,DRV035,5.88,Clear,1,431.26,55.8,1,0,3
ORD00058,6/23/2026,22:08:00,Tuesday,Hyderabad,V011,Roti Roll Co.,Food Delivery,DRV048,0.53,Clear,0,352.24,15.4,0,0,4
ORD00059,3/2/2026,20:21:00,Monday,Bengaluru,V004,Curry Express,Grocery,DRV035,2.28,Rain,1,1334.02,34.6,0,0,4
ORD00060,4/12/2026,22:27:00,Sunday,Bengaluru,V010,Bun Intended Burgers,Grocery,DRV009,2.49,Clear,0,298.38,20,0,0,5
ORD00061,5/3/2026,20:31:00,Sunday,Mumbai,V007,Wok This Way,Food Delivery,DRV053,3.34,Clear,1,134.07,35.9,0,0,3
ORD00062,5/12/2026,13:37:00,Tuesday,Delhi,V006,Tandoori Nights,Food Delivery,DRV053,2.22,Rain,1,892.03,26.7,0,0,3
ORD00063,3/20/2026,22:42:00,Friday,Bengaluru,V008,Pizza Junction,Food Delivery,DRV058,3.79,Heavy Traffic Event,0,159.91,37.9,0,0,4
ORD00064,3/2/2026,19:06:00,Monday,Hyderabad,V011,Roti Roll Co.,Food Delivery,DRV003,2.85,Clear,1,219.54,31.7,0,0,3
ORD00065,4/17/2026,14:05:00,Friday,Delhi,V006,Tandoori Nights,Grocery,DRV021,2.47,Clear,0,1091.57,31.8,0,0,4
ORD00066,2/9/2026,22:55:00,Monday,Mumbai,V012,Dosa Point,Food Delivery,DRV009,2.64,Clear,0,366.53,28.7,0,0,5
ORD00067,5/15/2026,10:26:00,Friday,Chennai,V002,Urban Tadka,Food Delivery,DRV003,9.44,Clear,0,1011.25,55.4,1,0,4
ORD00068,4/7/2026,17:43:00,Tuesday,Chennai,V001,Spice Route Kitchen,Food Delivery,DRV059,2.88,Clear,0,1239.62,39.9,0,0,4
ORD00069,1/13/2026,8:03:00,Tuesday,Chennai,V003,Bowl & Broth,Food Delivery,DRV020,11.4,Clear,0,1064.11,52.4,1,0,4
ORD00070,5/9/2026,16:16:00,Saturday,Bengaluru,V004,Curry Express,Food Delivery,DRV037,1.36,Clear,0,1126.52,22.9,0,0,4
ORD00071,6/9/2026,16:53:00,Tuesday,Bengaluru,V008,Pizza Junction,Food Delivery,DRV043,2.34,Clear,0,345.96,22.3,0,0,5
ORD00072,4/24/2026,13:30:00,Friday,Delhi,V005,Green Leaf Cafe,Food Delivery,DRV003,1.59,Clear,1,1164.27,34.5,0,0,3
ORD00073,4/17/2026,16:05:00,Friday,Hyderabad,V009,Sushi Central,Pharmacy,DRV009,1.98,Rain,0,541.19,32.9,0,0,4
ORD00074,2/16/2026,18:29:00,Monday,Delhi,V006,Tandoori Nights,Grocery,DRV032,4.96,Clear,0,780.58,40.1,0,0,3
ORD00075,5/3/2026,16:15:00,Sunday,Bengaluru,V008,Pizza Junction,Pharmacy,DRV043,3.1,Rain,0,425.52,36.7,0,0,5
ORD00076,6/8/2026,21:01:00,Monday,Delhi,V005,Green Leaf Cafe,Food Delivery,DRV014,1.58,Clear,1,1088.49,27,0,0,3
ORD00077,6/26/2026,17:15:00,Friday,Hyderabad,V011,Roti Roll Co.,Food Delivery,DRV032,4.05,Clear,0,1195.36,38,0,0,3
ORD00078,5/4/2026,11:17:00,Monday,Bengaluru,V004,Curry Express,Food Delivery,DRV050,1.48,Clear,0,1387.39,12.2,0,0,5
ORD00079,1/24/2026,18:01:00,Saturday,Hyderabad,V011,Roti Roll Co.,Grocery,DRV017,6.9,Clear,0,250.81,52.3,1,0,3
ORD00080,5/20/2026,13:07:00,Wednesday,Chennai,V002,Urban Tadka,Food Delivery,DRV034,2.82,Heavy Traffic Event,1,392.77,28.9,0,0,5
ORD00081,4/12/2026,15:32:00,Sunday,Mumbai,V012,Dosa Point,Food Delivery,DRV007,1.89,Clear,0,921.56,21.8,0,0,5
ORD00082,1/23/2026,17:25:00,Friday,Mumbai,V007,Wok This Way,Food Delivery,DRV011,3.67,Clear,0,1379.97,34.3,0,0,3
ORD00083,3/28/2026,16:17:00,Saturday,Chennai,V002,Urban Tadka,Food Delivery,DRV017,4.42,Clear,0,251.57,31.1,0,0,5
ORD00084,4/11/2026,8:19:00,Saturday,Chennai,V001,Spice Route Kitchen,Food Delivery,DRV002,1.95,Clear,0,1371.16,24.2,0,0,4
ORD00085,1/8/2026,17:56:00,Thursday,Chennai,V002,Urban Tadka,Food Delivery,DRV028,7.41,Clear,0,1146.21,59.3,1,0,4
ORD00086,3/28/2026,10:09:00,Saturday,Bengaluru,V010,Bun Intended Burgers,Food Delivery,DRV019,4.88,Clear,0,1369.11,41.2,0,0,5
ORD00087,3/20/2026,10:09:00,Friday,Mumbai,V007,Wok This Way,Food Delivery,DRV054,3.71,Clear,0,159.24,25.6,0,0,4
ORD00088,3/18/2026,14:21:00,Wednesday,Bengaluru,V008,Pizza Junction,Grocery,DRV036,2.41,Clear,0,1237.98,26.6,0,0,5
ORD00089,6/28/2026,14:21:00,Sunday,Bengaluru,V010,Bun Intended Burgers,Food Delivery,DRV030,1.53,Clear,0,349.99,13.7,0,0,5
ORD00090,3/14/2026,16:34:00,Saturday,Mumbai,V012,Dosa Point,Grocery,DRV005,5.56,Clear,0,536.24,40.5,0,0,5
ORD00091,3/23/2026,13:04:00,Monday,Mumbai,V007,Wok This Way,Food Delivery,DRV043,2.76,Rain,1,1334.19,30.2,0,0,3
ORD00092,4/7/2026,19:41:00,Tuesday,Delhi,V005,Green Leaf Cafe,Pharmacy,DRV009,0.66,Rain,1,799.9,30.6,0,0,4
ORD00093,2/10/2026,13:05:00,Tuesday,Mumbai,V007,Wok This Way,Pharmacy,DRV034,3,Clear,1,533.61,31.1,0,0,3
ORD00094,5/1/2026,12:01:00,Friday,Mumbai,V007,Wok This Way,Food Delivery,DRV008,3.7,Clear,1,319.89,41.1,0,0,3
ORD00095,4/30/2026,22:22:00,Thursday,Chennai,V002,Urban Tadka,Food Delivery,DRV001,2.98,Clear,0,396.06,31.4,0,0,5
ORD00096,1/29/2026,16:18:00,Thursday,Mumbai,V012,Dosa Point,Food Delivery,DRV034,0.98,Heavy Traffic Event,0,637.3,18,0,0,5
ORD00097,6/12/2026,21:18:00,Friday,Delhi,V006,Tandoori Nights,Food Delivery,DRV058,2.05,Clear,1,627.1,29.7,0,0,3
ORD00098,3/21/2026,8:34:00,Saturday,Chennai,V001,Spice Route Kitchen,Food Delivery,DRV002,0.28,Clear,0,733.35,25.2,0,0,5
ORD00099,1/27/2026,15:14:00,Tuesday,Mumbai,V012,Dosa Point,Food Delivery,DRV021,0.18,Clear,0,370.6,12.9,0,0,5
ORD00100,3/10/2026,13:28:00,Tuesday,Hyderabad,V011,Roti Roll Co.,Food Delivery,DRV028,3.19,Clear,1,810.13,36.1,0,0,4
ORD00101,3/13/2026,22:48:00,Friday,Chennai,V002,Urban Tadka,Food Delivery,DRV049,1.07,Rain,0,846.16,16.5,0,0,5
ORD00102,3/9/2026,15:06:00,Monday,Chennai,V001,Spice Route Kitchen,Grocery,DRV024,3.82,Clear,0,646.12,45.2,1,0,4
ORD00103,2/12/2026,19:16:00,Thursday,Chennai,V001,Spice Route Kitchen,Food Delivery,DRV050,2.09,Clear,1,315.82,33.1,0,0,4
ORD00104,1/5/2026,17:35:00,Monday,Delhi,V006,Tandoori Nights,Food Delivery,DRV035,5.31,Clear,0,884.22,54.2,1,0,2
ORD00105,5/11/2026,8:20:00,Monday,Mumbai,V007,Wok This Way,Food Delivery,DRV037,3.43,Rain,0,1264.56,41,0,0,3
ORD00106,3/21/2026,20:39:00,Saturday,Bengaluru,V004,Curry Express,Food Delivery,DRV058,1.48,Clear,1,546.24,21.8,0,0,4
ORD00107,3/7/2026,22:26:00,Saturday,Chennai,V002,Urban Tadka,Food Delivery,DRV055,4.65,Heavy Traffic Event,0,805.86,40.5,0,0,5
ORD00108,6/26/2026,15:22:00,Friday,Mumbai,V012,Dosa Point,Grocery,DRV022,2.07,Heavy Traffic Event,0,234.08,26.7,0,0,5
ORD00109,5/21/2026,18:02:00,Thursday,Mumbai,V012,Dosa Point,Food Delivery,DRV011,1.05,Clear,0,1176.37,17.3,0,0,5
ORD00110,6/3/2026,13:54:00,Wednesday,Mumbai,V012,Dosa Point,Grocery,DRV016,1.72,Rain,1,391.34,33.6,0,0,5
ORD00111,2/1/2026,17:20:00,Sunday,Chennai,V003,Bowl & Broth,Grocery,DRV014,2.71,Clear,0,298.17,30.2,0,0,5
ORD00112,1/27/2026,14:04:00,Tuesday,Delhi,V006,Tandoori Nights,Grocery,DRV013,4.83,Clear,0,1318.65,41.7,0,0,4
ORD00113,1/1/2026,8:35:00,Thursday,Delhi,V006,Tandoori Nights,Food Delivery,DRV050,0.82,Clear,0,193.96,13.8,0,0,4
ORD00114,4/22/2026,17:13:00,Wednesday,Mumbai,V012,Dosa Point,Food Delivery,DRV037,2.08,Clear,0,1254.85,28.4,0,0,5
ORD00115,4/5/2026,15:10:00,Sunday,Mumbai,V007,Wok This Way,Food Delivery,DRV021,3.5,Clear,0,1093.17,,0,1,
ORD00116,4/24/2026,13:03:00,Friday,Chennai,V002,Urban Tadka,Food Delivery,DRV053,2.98,Clear,1,744.95,29.2,0,0,5
ORD00117,4/28/2026,20:36:00,Tuesday,Mumbai,V012,Dosa Point,Food Delivery,DRV041,2.07,Clear,1,1000.81,28.6,0,0,5
ORD00118,5/21/2026,20:29:00,Thursday,Mumbai,V012,Dosa Point,Food Delivery,DRV005,1.79,Clear,1,1063.92,29.1,0,0,5
ORD00119,1/16/2026,18:04:00,Friday,Bengaluru,V008,Pizza Junction,Food Delivery,DRV043,0.79,Rain,0,647.53,13.7,0,0,5
ORD00120,2/23/2026,19:36:00,Monday,Chennai,V001,Spice Route Kitchen,Grocery,DRV058,2.35,Clear,1,732.17,33.4,0,0,4
ORD00121,2/22/2026,22:35:00,Sunday,Bengaluru,V004,Curry Express,Food Delivery,DRV040,6.76,Clear,0,886.12,42,0,0,4
ORD00122,6/19/2026,13:07:00,Friday,Chennai,V002,Urban Tadka,Food Delivery,DRV049,0.29,Rain,1,450.79,13.2,0,0,5
ORD00123,6/26/2026,18:32:00,Friday,Delhi,V005,Green Leaf Cafe,Grocery,DRV021,5.41,Clear,0,1049.25,37,0,0,4
ORD00124,4/8/2026,16:29:00,Wednesday,Delhi,V006,Tandoori Nights,Food Delivery,DRV047,0.67,Clear,0,325.89,22.5,0,0,4
ORD00125,5/11/2026,22:05:00,Monday,Mumbai,V012,Dosa Point,Food Delivery,DRV027,5.93,Clear,0,1000.49,46,1,0,5
ORD00126,1/7/2026,18:11:00,Wednesday,Bengaluru,V010,Bun Intended Burgers,Food Delivery,DRV004,0.71,Clear,0,613.28,24.1,0,0,5
ORD00127,3/16/2026,17:00:00,Monday,Delhi,V006,Tandoori Nights,Food Delivery,DRV016,4.12,Clear,0,408.56,32.5,0,0,5
ORD00128,5/2/2026,20:15:00,Saturday,Bengaluru,V008,Pizza Junction,Grocery,DRV038,2.6,Clear,1,388.6,33.4,0,0,4
ORD00129,3/20/2026,11:13:00,Friday,Chennai,V001,Spice Route Kitchen,Pharmacy,DRV027,3.39,Clear,0,997.97,32.8,0,0,5
ORD00130,4/13/2026,16:10:00,Monday,Mumbai,V007,Wok This Way,Grocery,DRV017,0.74,Clear,0,1309.91,13.9,0,0,3
ORD00131,5/25/2026,15:28:00,Monday,Bengaluru,V004,Curry Express,Food Delivery,DRV006,0.83,Clear,0,193.32,17.1,0,0,5
ORD00132,5/16/2026,17:56:00,Saturday,Hyderabad,V009,Sushi Central,Grocery,DRV054,1.16,Rain,0,668.98,17.9,0,0,4
ORD00133,1/12/2026,22:08:00,Monday,Hyderabad,V011,Roti Roll Co.,Grocery,DRV020,1.79,Clear,0,283.82,22.2,0,0,3
ORD00134,3/17/2026,13:43:00,Tuesday,Bengaluru,V010,Bun Intended Burgers,Food Delivery,DRV057,1.01,Clear,1,354.26,20.5,0,0,5
ORD00135,4/12/2026,15:06:00,Sunday,Delhi,V006,Tandoori Nights,Food Delivery,DRV006,7.13,Clear,0,1204.06,48.8,1,0,3
ORD00136,6/2/2026,17:27:00,Tuesday,Delhi,V006,Tandoori Nights,Grocery,DRV010,7.67,Clear,0,1371.92,51.3,1,0,2
ORD00137,3/1/2026,18:30:00,Sunday,Bengaluru,V010,Bun Intended Burgers,Food Delivery,DRV002,2.54,Rain,0,203.46,30.7,0,0,4
ORD00138,3/12/2026,19:21:00,Thursday,Chennai,V001,Spice Route Kitchen,Grocery,DRV008,0.26,Clear,1,487.54,15,0,0,5
ORD00139,4/4/2026,15:32:00,Saturday,Bengaluru,V008,Pizza Junction,Food Delivery,DRV028,5.27,Clear,0,378.58,38.5,0,0,5
ORD00140,5/28/2026,14:47:00,Thursday,Mumbai,V012,Dosa Point,Food Delivery,DRV030,3.32,Heavy Traffic Event,0,932.38,36.1,0,0,5
ORD00141,5/4/2026,11:01:00,Monday,Hyderabad,V011,Roti Roll Co.,Food Delivery,DRV038,4.99,Clear,0,812.22,32.6,0,0,3
ORD00142,6/12/2026,17:18:00,Friday,Hyderabad,V011,Roti Roll Co.,Food Delivery,DRV026,4.29,Clear,0,248.82,26.1,0,0,3
ORD00143,4/21/2026,15:34:00,Tuesday,Bengaluru,V010,Bun Intended Burgers,Food Delivery,DRV034,1.22,Rain,0,536.13,17.7,0,0,5
ORD00144,1/31/2026,17:58:00,Saturday,Mumbai,V007,Wok This Way,Pharmacy,DRV053,4.65,Clear,0,956.05,35.4,0,0,3
ORD00145,4/28/2026,21:00:00,Tuesday,Chennai,V002,Urban Tadka,Food Delivery,DRV019,3.67,Clear,1,1370.3,25.2,0,0,5
ORD00146,3/17/2026,9:57:00,Tuesday,Hyderabad,V009,Sushi Central,Grocery,DRV045,3.43,Rain,0,1352.4,36,0,0,5
ORD00147,1/21/2026,17:31:00,Wednesday,Bengaluru,V004,Curry Express,Grocery,DRV035,1.73,Clear,0,409.73,20.1,0,0,4
ORD00148,6/12/2026,21:39:00,Friday,Hyderabad,V011,Roti Roll Co.,Food Delivery,DRV030,4.75,Clear,1,669.35,37.5,0,0,3
ORD00149,2/9/2026,15:43:00,Monday,Bengaluru,V004,Curry Express,Grocery,DRV015,6.29,Clear,0,890.46,45.7,1,0,4
ORD00150,6/20/2026,15:46:00,Saturday,Bengaluru,V008,Pizza Junction,Food Delivery,DRV044,6.32,Clear,0,1336.68,57.8,1,0,4
ORD00151,6/10/2026,8:02:00,Wednesday,Delhi,V006,Tandoori Nights,Food Delivery,DRV035,7.38,Rain,0,371.01,57.9,1,0,2
ORD00152,4/17/2026,16:50:00,Friday,Bengaluru,V008,Pizza Junction,Food Delivery,DRV054,1.79,Clear,0,1312.64,22.6,0,0,5
ORD00153,6/8/2026,16:01:00,Monday,Chennai,V003,Bowl & Broth,Grocery,DRV019,1.42,Clear,0,646.11,18.9,0,0,5
ORD00154,5/2/2026,14:42:00,Saturday,Mumbai,V012,Dosa Point,Food Delivery,DRV033,4.49,Rain,0,703.98,42.8,0,0,5
ORD00155,3/14/2026,14:44:00,Saturday,Chennai,V001,Spice Route Kitchen,Food Delivery,DRV051,1.14,Clear,0,1289.01,25.7,0,0,4
ORD00156,4/25/2026,18:31:00,Saturday,Bengaluru,V004,Curry Express,Food Delivery,DRV037,3.83,Clear,0,277.44,30.3,0,0,5
ORD00157,3/11/2026,21:23:00,Wednesday,Mumbai,V012,Dosa Point,Grocery,DRV003,1.28,Clear,1,1217.68,20.9,0,0,5
ORD00158,6/10/2026,8:21:00,Wednesday,Bengaluru,V008,Pizza Junction,Food Delivery,DRV037,2.47,Clear,0,1259.32,23.4,0,0,5
ORD00159,3/15/2026,14:39:00,Sunday,Hyderabad,V011,Roti Roll Co.,Food Delivery,DRV056,6.3,Clear,0,1371.14,41.7,0,0,3
ORD00160,1/8/2026,9:22:00,Thursday,Bengaluru,V010,Bun Intended Burgers,Food Delivery,DRV037,2.15,Rain,0,726.73,33.7,0,0,4
ORD00161,6/23/2026,14:22:00,Tuesday,Hyderabad,V011,Roti Roll Co.,Food Delivery,DRV059,2.92,Clear,0,1193.34,27.6,0,0,3
ORD00162,2/1/2026,15:39:00,Sunday,Chennai,V003,Bowl & Broth,Food Delivery,DRV013,4.03,Clear,0,921.58,47,1,0,4
ORD00163,3/25/2026,18:08:00,Wednesday,Bengaluru,V010,Bun Intended Burgers,Grocery,DRV054,4.74,Clear,0,287.24,38.5,0,0,5
ORD00164,5/3/2026,15:02:00,Sunday,Chennai,V001,Spice Route Kitchen,Grocery,DRV011,1.23,Clear,0,380.13,23.2,0,0,4
ORD00165,5/11/2026,21:26:00,Monday,Chennai,V002,Urban Tadka,Food Delivery,DRV008,0.18,Clear,1,1213.07,28.8,0,0,5
ORD00166,1/12/2026,21:26:00,Monday,Bengaluru,V008,Pizza Junction,Grocery,DRV021,3,Clear,1,579.16,33.8,0,0,5
ORD00167,4/6/2026,19:58:00,Monday,Bengaluru,V008,Pizza Junction,Grocery,DRV060,2.38,Clear,1,962.93,28.7,0,0,5
ORD00168,5/11/2026,14:40:00,Monday,Hyderabad,V009,Sushi Central,Food Delivery,DRV045,5.24,Clear,0,1342.55,46.2,1,0,4
ORD00169,1/21/2026,20:14:00,Wednesday,Bengaluru,V008,Pizza Junction,Pharmacy,DRV003,0.96,Clear,1,1148.46,20.9,0,0,5
ORD00170,6/1/2026,16:12:00,Monday,Delhi,V005,Green Leaf Cafe,Food Delivery,DRV032,2.26,Clear,0,695.17,28.4,0,0,4
ORD00171,4/25/2026,15:27:00,Saturday,Bengaluru,V004,Curry Express,Food Delivery,DRV008,1.4,Clear,0,467.4,19.1,0,0,4
ORD00172,2/18/2026,15:06:00,Wednesday,Hyderabad,V011,Roti Roll Co.,Food Delivery,DRV008,1.91,Rain,0,124.89,26.7,0,0,4
ORD00173,1/19/2026,14:15:00,Monday,Mumbai,V012,Dosa Point,Food Delivery,DRV048,1.8,Rain,0,1318.49,31.7,0,0,5
ORD00174,1/1/2026,12:42:00,Thursday,Mumbai,V007,Wok This Way,Food Delivery,DRV012,2.83,Heavy Traffic Event,1,1399.32,35.9,0,0,3
ORD00175,4/1/2026,15:27:00,Wednesday,Mumbai,V007,Wok This Way,Food Delivery,DRV013,1.7,Clear,0,652.22,19.6,0,0,4
ORD00176,2/8/2026,17:35:00,Sunday,Delhi,V006,Tandoori Nights,Food Delivery,DRV021,2.04,Clear,0,993.21,28.9,0,0,4
ORD00177,2/21/2026,14:03:00,Saturday,Delhi,V005,Green Leaf Cafe,Food Delivery,DRV024,2.69,Rain,0,1192.98,22.8,0,0,3
ORD00178,1/2/2026,15:56:00,Friday,Bengaluru,V004,Curry Express,Food Delivery,DRV058,5.63,Clear,0,1217.13,45.6,1,0,4
ORD00179,1/22/2026,13:01:00,Thursday,Hyderabad,V009,Sushi Central,Food Delivery,DRV043,4.97,Clear,1,968.65,36.1,0,0,4
ORD00180,5/21/2026,19:27:00,Thursday,Bengaluru,V008,Pizza Junction,Pharmacy,DRV026,4.38,Clear,1,865.23,40.7,0,0,4
ORD00181,6/28/2026,16:56:00,Sunday,Bengaluru,V008,Pizza Junction,Food Delivery,DRV010,2.24,Clear,0,523.39,21.2,0,0,5
ORD00182,4/26/2026,20:55:00,Sunday,Mumbai,V012,Dosa Point,Food Delivery,DRV050,3.4,Clear,1,130.04,35,0,0,5
ORD00183,3/16/2026,14:44:00,Monday,Delhi,V006,Tandoori Nights,Food Delivery,DRV014,3.59,Clear,0,819.62,36.2,0,0,3
ORD00184,1/25/2026,22:31:00,Sunday,Chennai,V001,Spice Route Kitchen,Food Delivery,DRV059,2.14,Clear,0,1375.86,28,0,0,4
ORD00185,6/15/2026,12:12:00,Monday,Hyderabad,V009,Sushi Central,Food Delivery,DRV034,3.78,Clear,1,1089.36,42.6,0,0,5
ORD00186,3/24/2026,19:56:00,Tuesday,Chennai,V001,Spice Route Kitchen,Food Delivery,DRV028,2.26,Rain,1,412.71,37.4,0,0,4
ORD00187,2/2/2026,15:47:00,Monday,Mumbai,V012,Dosa Point,Grocery,DRV054,1.31,Rain,0,629.23,22.1,0,0,5
ORD00188,1/6/2026,10:26:00,Tuesday,Delhi,V005,Green Leaf Cafe,Food Delivery,DRV026,6.04,Clear,0,1295.35,43.8,0,0,4
ORD00189,5/16/2026,13:56:00,Saturday,Hyderabad,V011,Roti Roll Co.,Grocery,DRV021,3.55,Clear,1,781.37,29.8,0,0,3
ORD00190,6/2/2026,15:45:00,Tuesday,Mumbai,V007,Wok This Way,Food Delivery,DRV048,0.81,Rain,0,1214.44,13.8,0,0,3
ORD00191,2/23/2026,21:27:00,Monday,Bengaluru,V004,Curry Express,Food Delivery,DRV052,1.55,Clear,1,664.29,,0,1,
ORD00192,1/12/2026,14:42:00,Monday,Hyderabad,V009,Sushi Central,Food Delivery,DRV004,1.79,Clear,0,1357.56,22.7,0,0,4
ORD00193,6/2/2026,15:17:00,Tuesday,Hyderabad,V009,Sushi Central,Food Delivery,DRV054,5.63,Clear,0,639.36,39.8,0,0,4
ORD00194,3/16/2026,18:01:00,Monday,Hyderabad,V011,Roti Roll Co.,Food Delivery,DRV048,6.91,Clear,0,499.6,43.5,0,0,3
ORD00195,5/21/2026,18:10:00,Thursday,Delhi,V006,Tandoori Nights,Grocery,DRV047,2.52,Clear,0,1009.08,29.1,0,0,4
ORD00196,3/4/2026,14:57:00,Wednesday,Hyderabad,V009,Sushi Central,Food Delivery,DRV003,4.13,Clear,0,737.6,37.3,0,0,5
ORD00197,3/11/2026,9:49:00,Wednesday,Bengaluru,V004,Curry Express,Food Delivery,DRV049,2.5,Clear,0,812.14,27,0,0,4
ORD00198,6/21/2026,13:51:00,Sunday,Chennai,V003,Bowl & Broth,Food Delivery,DRV008,0.38,Clear,1,440.6,9.3,0,0,5
ORD00199,6/13/2026,8:39:00,Saturday,Mumbai,V007,Wok This Way,Grocery,DRV033,2.75,Clear,0,671.09,26.4,0,0,3
ORD00200,3/19/2026,17:19:00,Thursday,Chennai,V002,Urban Tadka,Grocery,DRV014,3.93,Clear,0,1119.67,31.5,0,0,5
ORD00201,2/20/2026,14:25:00,Friday,Bengaluru,V004,Curry Express,Food Delivery,DRV026,0.81,Clear,0,865.19,17.3,0,0,4
ORD00202,3/28/2026,13:16:00,Saturday,Chennai,V002,Urban Tadka,Food Delivery,DRV027,2.68,Heavy Traffic Event,1,670.88,33.8,0,0,5
ORD00203,4/27/2026,13:00:00,Monday,Chennai,V003,Bowl & Broth,Food Delivery,DRV029,5.61,Clear,1,342.82,42.6,0,0,5
ORD00204,6/8/2026,13:34:00,Monday,Chennai,V003,Bowl & Broth,Food Delivery,DRV036,1.15,Clear,1,1322.75,16.1,0,0,5
ORD00205,5/14/2026,13:39:00,Thursday,Bengaluru,V010,Bun Intended Burgers,Food Delivery,DRV047,7.4,Rain,1,451.15,61.2,1,0,4
ORD00206,5/7/2026,13:38:00,Thursday,Bengaluru,V010,Bun Intended Burgers,Pharmacy,DRV016,6.25,Clear,1,223.87,42.7,0,0,4
ORD00207,3/10/2026,15:16:00,Tuesday,Delhi,V006,Tandoori Nights,Pharmacy,DRV046,1.81,Clear,0,595.02,28.2,0,0,4
ORD00208,6/14/2026,21:02:00,Sunday,Mumbai,V012,Dosa Point,Pharmacy,DRV050,10.24,Clear,1,951.13,85.4,1,0,4
ORD00209,4/1/2026,19:35:00,Wednesday,Chennai,V002,Urban Tadka,Food Delivery,DRV001,3.45,Clear,1,1098.48,22.2,0,0,5
ORD00210,5/22/2026,22:44:00,Friday,Delhi,V005,Green Leaf Cafe,Food Delivery,DRV027,4.5,Rain,0,779.21,44.2,0,0,3
ORD00211,5/30/2026,19:18:00,Saturday,Bengaluru,V010,Bun Intended Burgers,Grocery,DRV009,0.98,Heavy Traffic Event,1,219.38,15.5,0,0,5
ORD00212,5/31/2026,21:44:00,Sunday,Mumbai,V007,Wok This Way,Food Delivery,DRV047,0.28,Clear,1,746.4,18.3,0,0,3
ORD00213,5/10/2026,18:30:00,Sunday,Delhi,V005,Green Leaf Cafe,Food Delivery,DRV028,2.11,Clear,0,518.08,23.4,0,0,3
ORD00214,4/13/2026,22:24:00,Monday,Mumbai,V012,Dosa Point,Grocery,DRV034,1.24,Rain,0,647.31,18.4,0,0,5
ORD00215,3/31/2026,22:25:00,Tuesday,Chennai,V001,Spice Route Kitchen,Food Delivery,DRV039,2.63,Rain,0,656.67,36.7,0,0,5
ORD00216,2/15/2026,8:42:00,Sunday,Bengaluru,V010,Bun Intended Burgers,Food Delivery,DRV041,1.01,Rain,0,800.42,17.8,0,0,5
ORD00217,6/8/2026,15:04:00,Monday,Hyderabad,V009,Sushi Central,Grocery,DRV012,5.77,Clear,0,352.61,38.9,0,0,4
ORD00218,3/9/2026,19:25:00,Monday,Chennai,V002,Urban Tadka,Grocery,DRV004,0.42,Clear,1,714.23,,0,1,
ORD00219,5/30/2026,20:22:00,Saturday,Hyderabad,V011,Roti Roll Co.,Grocery,DRV039,4.94,Clear,1,987.17,,0,1,
ORD00220,4/22/2026,18:10:00,Wednesday,Chennai,V003,Bowl & Broth,Food Delivery,DRV026,2.91,Rain,0,1258.08,29.2,0,0,4
ORD00221,2/18/2026,13:18:00,Wednesday,Hyderabad,V011,Roti Roll Co.,Food Delivery,DRV017,3.45,Clear,1,868.38,31.6,0,0,3
ORD00222,4/29/2026,19:16:00,Wednesday,Mumbai,V007,Wok This Way,Food Delivery,DRV028,1.03,Clear,1,712.79,21.8,0,0,4
ORD00223,5/27/2026,19:44:00,Wednesday,Delhi,V005,Green Leaf Cafe,Grocery,DRV022,3.68,Clear,1,163.11,29,0,0,4
ORD00224,4/24/2026,21:46:00,Friday,Delhi,V005,Green Leaf Cafe,Food Delivery,DRV018,0.78,Clear,1,1201.44,17.2,0,0,3
ORD00225,6/12/2026,22:47:00,Friday,Bengaluru,V004,Curry Express,Food Delivery,DRV035,2.86,Clear,0,148.71,31.5,0,0,4
ORD00226,1/3/2026,11:18:00,Saturday,Hyderabad,V011,Roti Roll Co.,Grocery,DRV003,3.1,Clear,0,919.51,25.6,0,0,4
ORD00227,3/21/2026,18:22:00,Saturday,Chennai,V003,Bowl & Broth,Grocery,DRV012,7.61,Clear,0,752.51,54.9,1,0,3
ORD00228,4/17/2026,10:26:00,Friday,Delhi,V006,Tandoori Nights,Pharmacy,DRV041,5.61,Heavy Traffic Event,0,944.65,54.4,1,0,3
ORD00229,4/18/2026,13:41:00,Saturday,Mumbai,V007,Wok This Way,Food Delivery,DRV055,1.43,Clear,1,339.44,22.6,0,0,4
ORD00230,6/22/2026,16:28:00,Monday,Bengaluru,V004,Curry Express,Food Delivery,DRV008,1.02,Clear,0,241.48,16.9,0,0,4
ORD00231,4/20/2026,21:52:00,Monday,Chennai,V001,Spice Route Kitchen,Food Delivery,DRV035,2.97,Clear,1,376.71,36.9,0,0,4
ORD00232,4/22/2026,22:45:00,Wednesday,Mumbai,V007,Wok This Way,Food Delivery,DRV029,1.99,Clear,0,228.93,26.2,0,0,3
ORD00233,1/14/2026,15:31:00,Wednesday,Bengaluru,V010,Bun Intended Burgers,Food Delivery,DRV036,3.8,Clear,0,982.71,28,0,0,5
ORD00234,6/5/2026,12:04:00,Friday,Delhi,V006,Tandoori Nights,Food Delivery,DRV040,1.69,Clear,1,508.64,,0,1,
ORD00235,3/29/2026,11:27:00,Sunday,Mumbai,V012,Dosa Point,Pharmacy,DRV048,4.78,Clear,0,820.46,37.7,0,0,5
ORD00236,6/1/2026,22:52:00,Monday,Mumbai,V007,Wok This Way,Food Delivery,DRV019,3.91,Clear,0,962.35,39.3,0,0,3
ORD00237,5/6/2026,15:30:00,Wednesday,Mumbai,V007,Wok This Way,Food Delivery,DRV060,2.7,Clear,0,827.41,33.4,0,0,3
ORD00238,1/30/2026,21:28:00,Friday,Mumbai,V012,Dosa Point,Grocery,DRV006,3.46,Rain,1,599.42,44.5,0,0,5
ORD00239,3/2/2026,18:33:00,Monday,Hyderabad,V011,Roti Roll Co.,Grocery,DRV049,10.8,Rain,0,922.98,79.6,1,0,2
ORD00240,2/22/2026,13:55:00,Sunday,Chennai,V001,Spice Route Kitchen,Pharmacy,DRV017,0.94,Clear,1,1021.23,27.3,0,0,4
ORD00241,1/31/2026,9:12:00,Saturday,Chennai,V002,Urban Tadka,Food Delivery,DRV023,2.89,Rain,0,921.69,21.8,0,0,5
ORD00242,5/11/2026,12:35:00,Monday,Mumbai,V012,Dosa Point,Food Delivery,DRV043,4.18,Clear,1,953.94,43.9,0,0,5
ORD00243,4/12/2026,22:22:00,Sunday,Delhi,V005,Green Leaf Cafe,Food Delivery,DRV051,2.81,Clear,0,496.03,27.8,0,0,4
ORD00244,2/27/2026,21:55:00,Friday,Bengaluru,V008,Pizza Junction,Food Delivery,DRV032,7.41,Clear,1,815.07,59.5,1,0,4
ORD00245,2/26/2026,14:04:00,Thursday,Chennai,V003,Bowl & Broth,Food Delivery,DRV016,0.56,Rain,0,699.6,12.7,0,0,4
ORD00246,3/3/2026,15:53:00,Tuesday,Bengaluru,V008,Pizza Junction,Food Delivery,DRV003,1.57,Clear,0,1089.02,,0,1,
ORD00247,6/5/2026,13:42:00,Friday,Mumbai,V012,Dosa Point,Food Delivery,DRV054,1.95,Clear,1,363.98,26.1,0,0,5
ORD00248,2/1/2026,15:06:00,Sunday,Delhi,V006,Tandoori Nights,Grocery,DRV058,0.41,Heavy Traffic Event,0,819.77,19.8,0,0,3
ORD00249,4/29/2026,22:48:00,Wednesday,Mumbai,V007,Wok This Way,Grocery,DRV055,8.23,Clear,0,445.04,55.1,1,0,2
ORD00250,1/13/2026,16:43:00,Tuesday,Delhi,V005,Green Leaf Cafe,Grocery,DRV054,2.17,Clear,0,662.14,19.6,0,0,4
ORD00251,3/19/2026,14:02:00,Thursday,Bengaluru,V010,Bun Intended Burgers,Grocery,DRV042,2.87,Clear,0,579.79,24.1,0,0,5
ORD00252,1/29/2026,10:32:00,Thursday,Bengaluru,V008,Pizza Junction,Grocery,DRV008,6.06,Rain,0,1154.76,52.3,1,0,4
ORD00253,2/19/2026,13:00:00,Thursday,Chennai,V001,Spice Route Kitchen,Food Delivery,DRV006,1.72,Clear,1,326.36,28.4,0,0,4
ORD00254,3/17/2026,12:36:00,Tuesday,Mumbai,V007,Wok This Way,Food Delivery,DRV048,3.56,Clear,1,179.89,35.5,0,0,3
ORD00255,2/15/2026,12:20:00,Sunday,Mumbai,V007,Wok This Way,Grocery,DRV059,7.53,Clear,1,157.32,55.6,1,0,3
ORD00256,4/11/2026,13:29:00,Saturday,Chennai,V002,Urban Tadka,Food Delivery,DRV042,1.71,Heavy Traffic Event,1,525.23,33,0,0,5
ORD00257,4/6/2026,17:25:00,Monday,Delhi,V006,Tandoori Nights,Grocery,DRV046,4.39,Rain,0,257.75,46.3,1,0,2
ORD00258,4/3/2026,14:33:00,Friday,Bengaluru,V010,Bun Intended Burgers,Food Delivery,DRV006,2.65,Clear,0,683.93,29.3,0,0,5
ORD00259,2/17/2026,22:01:00,Tuesday,Mumbai,V007,Wok This Way,Food Delivery,DRV019,7.21,Clear,0,1255.51,59.1,1,0,3
ORD00260,1/31/2026,15:44:00,Saturday,Chennai,V002,Urban Tadka,Food Delivery,DRV052,2.6,Clear,0,549.6,19.9,0,0,5
ORD00261,5/31/2026,22:07:00,Sunday,Delhi,V005,Green Leaf Cafe,Grocery,DRV049,3.67,Clear,0,132.4,25.1,0,0,3
ORD00262,4/16/2026,15:57:00,Thursday,Bengaluru,V010,Bun Intended Burgers,Food Delivery,DRV046,5.17,Clear,0,368.89,36.9,0,0,5
ORD00263,5/26/2026,13:13:00,Tuesday,Hyderabad,V011,Roti Roll Co.,Grocery,DRV010,2.41,Rain,1,968.38,22,0,0,4
ORD00264,1/30/2026,16:47:00,Friday,Bengaluru,V004,Curry Express,Grocery,DRV016,4.79,Clear,0,339.26,32.6,0,0,4
ORD00265,5/6/2026,13:37:00,Wednesday,Chennai,V003,Bowl & Broth,Grocery,DRV006,3.75,Clear,1,1240.15,28.3,0,0,5
ORD00266,1/29/2026,18:21:00,Thursday,Delhi,V005,Green Leaf Cafe,Food Delivery,DRV053,0.99,Clear,0,1103.05,19.9,0,0,4
ORD00267,3/1/2026,16:50:00,Sunday,Chennai,V002,Urban Tadka,Food Delivery,DRV031,4.82,Rain,0,722.82,38.3,0,0,5
ORD00268,2/15/2026,21:06:00,Sunday,Mumbai,V007,Wok This Way,Grocery,DRV049,1.02,Heavy Traffic Event,1,1328.23,,0,1,
ORD00269,3/19/2026,14:45:00,Thursday,Delhi,V006,Tandoori Nights,Food Delivery,DRV037,4.27,Clear,0,952.54,33,0,0,4
ORD00270,2/3/2026,16:24:00,Tuesday,Chennai,V002,Urban Tadka,Food Delivery,DRV002,1.5,Clear,0,665.79,22.8,0,0,5
ORD00271,4/25/2026,20:23:00,Saturday,Hyderabad,V011,Roti Roll Co.,Food Delivery,DRV037,3.42,Clear,1,889.17,33.3,0,0,3
ORD00272,6/28/2026,18:46:00,Sunday,Bengaluru,V004,Curry Express,Food Delivery,DRV023,4.39,Clear,0,121.42,37.5,0,0,4
ORD00273,2/28/2026,12:26:00,Saturday,Bengaluru,V004,Curry Express,Grocery,DRV015,2.78,Rain,1,240.86,27.8,0,0,4
ORD00274,4/27/2026,14:17:00,Monday,Bengaluru,V004,Curry Express,Pharmacy,DRV032,4.06,Clear,0,1209.47,29.7,0,0,4
ORD00275,4/10/2026,20:22:00,Friday,Hyderabad,V009,Sushi Central,Food Delivery,DRV054,1.71,Clear,1,688.45,22,0,0,5
ORD00276,3/14/2026,17:40:00,Saturday,Chennai,V001,Spice Route Kitchen,Grocery,DRV045,3.31,Clear,0,448.63,31.6,0,0,4
ORD00277,5/12/2026,16:11:00,Tuesday,Chennai,V003,Bowl & Broth,Food Delivery,DRV048,8.98,Clear,0,481.3,49.8,1,0,4
ORD00278,6/25/2026,15:03:00,Thursday,Mumbai,V007,Wok This Way,Food Delivery,DRV052,1.42,Clear,0,513.95,20.5,0,0,4
ORD00279,4/9/2026,12:52:00,Thursday,Bengaluru,V008,Pizza Junction,Food Delivery,DRV013,1.49,Clear,1,1101.15,30.5,0,0,5
ORD00280,5/2/2026,14:21:00,Saturday,Chennai,V001,Spice Route Kitchen,Food Delivery,DRV029,0.95,Rain,0,554.31,27.8,0,0,3
ORD00281,6/29/2026,15:20:00,Monday,Mumbai,V012,Dosa Point,Food Delivery,DRV054,1.21,Clear,0,949.74,19.7,0,0,5
ORD00282,2/17/2026,15:06:00,Tuesday,Bengaluru,V010,Bun Intended Burgers,Food Delivery,DRV054,2.87,Clear,0,194.96,25.4,0,0,4
ORD00283,1/18/2026,12:15:00,Sunday,Hyderabad,V009,Sushi Central,Food Delivery,DRV029,3.17,Clear,1,303.64,23.2,0,0,5
ORD00284,3/26/2026,15:11:00,Thursday,Bengaluru,V010,Bun Intended Burgers,Pharmacy,DRV001,0.76,Rain,0,533.57,13.7,0,0,5
ORD00285,5/10/2026,10:23:00,Sunday,Delhi,V006,Tandoori Nights,Food Delivery,DRV053,3.77,Clear,0,269.07,31.6,0,0,4
ORD00286,3/10/2026,13:26:00,Tuesday,Chennai,V002,Urban Tadka,Food Delivery,DRV006,3.29,Rain,1,716.63,40.4,0,0,5
ORD00287,4/23/2026,16:10:00,Thursday,Chennai,V003,Bowl & Broth,Food Delivery,DRV015,2.85,Clear,0,920.42,24.4,0,0,5
ORD00288,2/6/2026,14:03:00,Friday,Bengaluru,V010,Bun Intended Burgers,Food Delivery,DRV004,3.2,Clear,0,129.39,22.2,0,0,5
ORD00289,4/11/2026,22:02:00,Saturday,Hyderabad,V009,Sushi Central,Food Delivery,DRV043,12.2,Clear,0,874.19,69,1,0,3
ORD00290,1/31/2026,12:07:00,Saturday,Chennai,V002,Urban Tadka,Food Delivery,DRV018,0.57,Heavy Traffic Event,1,1307.91,22.7,0,0,5
ORD00291,4/26/2026,15:28:00,Sunday,Mumbai,V012,Dosa Point,Pharmacy,DRV008,0.92,Clear,0,823.83,20.6,0,0,5
ORD00292,1/18/2026,13:47:00,Sunday,Delhi,V005,Green Leaf Cafe,Grocery,DRV057,3.72,Rain,1,948.75,40.7,0,0,4
ORD00293,3/30/2026,17:43:00,Monday,Mumbai,V012,Dosa Point,Grocery,DRV033,1.01,Clear,0,1185.74,21.4,0,0,5
ORD00294,6/22/2026,21:38:00,Monday,Chennai,V001,Spice Route Kitchen,Food Delivery,DRV035,8.48,Clear,1,626.88,55.8,1,0,4
ORD00295,4/17/2026,22:20:00,Friday,Mumbai,V007,Wok This Way,Food Delivery,DRV047,0.95,Clear,0,152.25,15.1,0,0,3
ORD00296,5/6/2026,14:43:00,Wednesday,Bengaluru,V004,Curry Express,Food Delivery,DRV054,0.83,Clear,0,656.45,,0,1,
ORD00297,6/13/2026,13:05:00,Saturday,Delhi,V006,Tandoori Nights,Food Delivery,DRV049,2.85,Clear,1,582.91,28,0,0,3
ORD00298,2/5/2026,9:50:00,Thursday,Chennai,V001,Spice Route Kitchen,Food Delivery,DRV051,4.84,Rain,0,447.35,46.5,1,0,3
ORD00299,2/25/2026,16:34:00,Wednesday,Chennai,V002,Urban Tadka,Food Delivery,DRV052,1.92,Clear,0,581.28,18.8,0,0,5
ORD00300,5/1/2026,19:55:00,Friday,Bengaluru,V008,Pizza Junction,Food Delivery,DRV042,2.41,Clear,1,1061.97,36,0,0,5
ORD00301,1/25/2026,8:53:00,Sunday,Hyderabad,V009,Sushi Central,Food Delivery,DRV007,1.22,Clear,0,520.13,14.7,0,0,4
ORD00302,5/25/2026,11:22:00,Monday,Bengaluru,V008,Pizza Junction,Grocery,DRV045,4.64,Clear,0,979.79,32.1,0,0,4
ORD00303,1/27/2026,13:18:00,Tuesday,Bengaluru,V010,Bun Intended Burgers,Grocery,DRV041,3.34,Clear,1,593.9,36.5,0,0,4
ORD00304,1/26/2026,17:37:00,Monday,Mumbai,V007,Wok This Way,Grocery,DRV017,2.13,Clear,0,507.16,26.8,0,0,4
ORD00305,1/18/2026,21:19:00,Sunday,Bengaluru,V008,Pizza Junction,Food Delivery,DRV011,3.81,Clear,1,1222.62,30.2,0,0,5
ORD00306,5/3/2026,13:55:00,Sunday,Delhi,V005,Green Leaf Cafe,Food Delivery,DRV008,1.93,Rain,1,987.49,31.6,0,0,4
ORD00307,6/22/2026,13:05:00,Monday,Hyderabad,V011,Roti Roll Co.,Food Delivery,DRV059,2.76,Rain,1,893.52,33.3,0,0,4
ORD00308,5/8/2026,12:49:00,Friday,Chennai,V003,Bowl & Broth,Food Delivery,DRV050,5.7,Rain,1,512.07,54,1,0,4
ORD00309,2/18/2026,13:55:00,Wednesday,Mumbai,V007,Wok This Way,Food Delivery,DRV001,1.65,Rain,1,191.89,22,0,0,3
ORD00310,1/31/2026,15:01:00,Saturday,Chennai,V002,Urban Tadka,Food Delivery,DRV025,2.22,Clear,0,882.07,18.4,0,0,5
ORD00311,4/27/2026,15:27:00,Monday,Chennai,V002,Urban Tadka,Food Delivery,DRV005,1.95,Rain,0,452.29,28.9,0,0,5
ORD00312,2/6/2026,15:12:00,Friday,Delhi,V005,Green Leaf Cafe,Food Delivery,DRV001,3.64,Clear,0,416.76,31.3,0,0,3
ORD00313,4/22/2026,18:06:00,Wednesday,Hyderabad,V011,Roti Roll Co.,Grocery,DRV039,1.37,Heavy Traffic Event,0,1163.29,24.4,0,0,3
ORD00314,1/2/2026,19:27:00,Friday,Delhi,V006,Tandoori Nights,Grocery,DRV046,2.59,Rain,1,630.26,33.2,0,0,4
ORD00315,6/21/2026,12:01:00,Sunday,Mumbai,V012,Dosa Point,Food Delivery,DRV057,0.51,Clear,1,492.94,16.3,0,0,5
ORD00316,6/25/2026,20:43:00,Thursday,Delhi,V006,Tandoori Nights,Grocery,DRV023,5.73,Clear,1,330.29,53.2,1,0,3
ORD00317,1/4/2026,18:02:00,Sunday,Mumbai,V012,Dosa Point,Food Delivery,DRV059,1.26,Clear,0,1213.05,18.8,0,0,5
ORD00318,5/31/2026,15:00:00,Sunday,Chennai,V001,Spice Route Kitchen,Food Delivery,DRV032,2.78,Heavy Traffic Event,0,1004.8,45.3,1,0,3
ORD00319,4/27/2026,12:32:00,Monday,Hyderabad,V009,Sushi Central,Grocery,DRV044,0.37,Clear,1,1361.11,22.1,0,0,5
ORD00320,3/12/2026,22:08:00,Thursday,Mumbai,V007,Wok This Way,Food Delivery,DRV015,1.92,Clear,0,924.56,25.1,0,0,4
ORD00321,4/23/2026,20:04:00,Thursday,Bengaluru,V010,Bun Intended Burgers,Food Delivery,DRV036,0.16,Clear,1,826.48,8.3,0,0,5
ORD00322,2/12/2026,14:37:00,Thursday,Chennai,V003,Bowl & Broth,Food Delivery,DRV050,7.06,Rain,0,724.82,49.1,1,0,3
ORD00323,1/5/2026,17:18:00,Monday,Mumbai,V012,Dosa Point,Food Delivery,DRV056,3.72,Clear,0,816.29,26.8,0,0,5
ORD00324,2/14/2026,20:20:00,Saturday,Hyderabad,V009,Sushi Central,Food Delivery,DRV029,2.96,Clear,1,829.11,26.4,0,0,4
ORD00325,2/6/2026,21:06:00,Friday,Chennai,V002,Urban Tadka,Food Delivery,DRV027,1.88,Clear,1,715.25,24.6,0,0,5
ORD00326,3/29/2026,17:15:00,Sunday,Bengaluru,V004,Curry Express,Food Delivery,DRV012,5.36,Rain,0,1159.11,46.1,1,0,4
ORD00327,5/23/2026,16:20:00,Saturday,Bengaluru,V004,Curry Express,Grocery,DRV016,2.22,Clear,0,696.45,18.2,0,0,5
ORD00328,2/3/2026,18:32:00,Tuesday,Bengaluru,V004,Curry Express,Food Delivery,DRV026,1.55,Clear,0,1345.13,22.6,0,0,5
ORD00329,5/3/2026,17:30:00,Sunday,Bengaluru,V008,Pizza Junction,Food Delivery,DRV048,2.5,Clear,0,824.85,23.9,0,0,5
ORD00330,3/30/2026,17:50:00,Monday,Chennai,V003,Bowl & Broth,Food Delivery,DRV032,1.44,Clear,0,1213.82,17.4,0,0,5
ORD00331,1/16/2026,14:40:00,Friday,Hyderabad,V011,Roti Roll Co.,Food Delivery,DRV006,4.43,Rain,0,391.03,30.1,0,0,4
ORD00332,5/13/2026,14:15:00,Wednesday,Bengaluru,V008,Pizza Junction,Food Delivery,DRV003,0.42,Clear,0,507.55,13.7,0,0,5
ORD00333,2/1/2026,18:41:00,Sunday,Bengaluru,V004,Curry Express,Food Delivery,DRV051,2.98,Clear,0,743.63,29,0,0,4
ORD00334,4/4/2026,13:47:00,Saturday,Mumbai,V012,Dosa Point,Food Delivery,DRV021,0.68,Clear,1,295.16,22.4,0,0,5
ORD00335,4/1/2026,14:43:00,Wednesday,Mumbai,V007,Wok This Way,Food Delivery,DRV050,2.56,Rain,0,200.78,26.6,0,0,3
ORD00336,2/12/2026,15:25:00,Thursday,Hyderabad,V009,Sushi Central,Pharmacy,DRV052,5.83,Clear,0,603.83,36.6,0,0,5
ORD00337,1/7/2026,10:49:00,Wednesday,Mumbai,V007,Wok This Way,Food Delivery,DRV050,5.57,Clear,0,563.13,37.6,0,0,4
ORD00338,1/18/2026,19:57:00,Sunday,Delhi,V005,Green Leaf Cafe,Food Delivery,DRV019,3.19,Clear,1,377.87,34.8,0,0,3
ORD00339,1/30/2026,11:18:00,Friday,Delhi,V005,Green Leaf Cafe,Food Delivery,DRV018,2.25,Clear,0,602.54,27.5,0,0,4
ORD00340,3/12/2026,21:20:00,Thursday,Delhi,V005,Green Leaf Cafe,Food Delivery,DRV046,1.82,Clear,1,516.41,24.4,0,0,4
ORD00341,5/17/2026,15:13:00,Sunday,Bengaluru,V004,Curry Express,Pharmacy,DRV040,3.22,Clear,0,383.69,33.4,0,0,4
ORD00342,5/31/2026,20:18:00,Sunday,Bengaluru,V004,Curry Express,Pharmacy,DRV034,0.14,Clear,1,1081.82,20.4,0,0,4
ORD00343,4/24/2026,13:37:00,Friday,Bengaluru,V004,Curry Express,Food Delivery,DRV054,6.38,Heavy Traffic Event,1,1378.17,60.3,1,0,3
ORD00344,3/14/2026,13:37:00,Saturday,Hyderabad,V009,Sushi Central,Food Delivery,DRV014,4.98,Clear,1,624.01,42.7,0,0,5
ORD00345,2/11/2026,14:21:00,Wednesday,Mumbai,V012,Dosa Point,Food Delivery,DRV023,1.96,Clear,0,656.75,26.6,0,0,5
ORD00346,2/16/2026,22:07:00,Monday,Mumbai,V007,Wok This Way,Food Delivery,DRV049,2.69,Clear,0,1038.1,35.6,0,0,3
ORD00347,3/27/2026,18:40:00,Friday,Mumbai,V012,Dosa Point,Grocery,DRV044,3.26,Heavy Traffic Event,0,381.11,33.4,0,0,5
ORD00348,6/24/2026,15:17:00,Wednesday,Mumbai,V007,Wok This Way,Food Delivery,DRV052,5.48,Clear,0,1365.77,,0,1,
ORD00349,3/1/2026,10:26:00,Sunday,Bengaluru,V010,Bun Intended Burgers,Food Delivery,DRV014,1.86,Clear,0,355.91,,0,1,
ORD00350,1/4/2026,13:24:00,Sunday,Delhi,V005,Green Leaf Cafe,Pharmacy,DRV029,2.48,Clear,1,1133.75,28,0,0,4
ORD00351,3/2/2026,16:54:00,Monday,Mumbai,V007,Wok This Way,Grocery,DRV006,0.05,Heavy Traffic Event,0,1338.74,16.5,0,0,3
ORD00352,1/15/2026,12:25:00,Thursday,Chennai,V003,Bowl & Broth,Food Delivery,DRV023,7.18,Clear,1,622.92,52.2,1,0,4
ORD00353,1/2/2026,20:55:00,Friday,Hyderabad,V009,Sushi Central,Grocery,DRV017,2.7,Clear,1,392.82,32.2,0,0,4
ORD00354,4/3/2026,22:36:00,Friday,Delhi,V005,Green Leaf Cafe,Food Delivery,DRV015,2.34,Rain,0,161.46,24.6,0,0,3
ORD00355,3/3/2026,20:14:00,Tuesday,Hyderabad,V011,Roti Roll Co.,Food Delivery,DRV018,2.66,Clear,1,1201.34,22.3,0,0,4
ORD00356,6/6/2026,16:42:00,Saturday,Chennai,V002,Urban Tadka,Food Delivery,DRV051,5.98,Clear,0,1346.42,34.5,0,0,5
ORD00357,5/31/2026,14:52:00,Sunday,Bengaluru,V004,Curry Express,Food Delivery,DRV015,2.02,Clear,0,614.45,18.3,0,0,5
ORD00358,1/2/2026,18:30:00,Friday,Chennai,V002,Urban Tadka,Food Delivery,DRV051,0.35,Clear,0,897.38,15.2,0,0,5
ORD00359,3/30/2026,22:16:00,Monday,Delhi,V006,Tandoori Nights,Food Delivery,DRV022,7.05,Clear,0,1340.23,49.2,1,0,3
ORD00360,6/7/2026,11:42:00,Sunday,Bengaluru,V008,Pizza Junction,Food Delivery,DRV035,1,Rain,0,1144.18,19.6,0,0,5
ORD00361,3/6/2026,13:25:00,Friday,Delhi,V006,Tandoori Nights,Food Delivery,DRV017,3.06,Clear,1,1018,28.6,0,0,3
ORD00362,3/21/2026,12:50:00,Saturday,Bengaluru,V010,Bun Intended Burgers,Food Delivery,DRV054,1.22,Heavy Traffic Event,1,847.38,24.9,0,0,5
ORD00363,4/4/2026,18:10:00,Saturday,Delhi,V005,Green Leaf Cafe,Food Delivery,DRV006,7.68,Clear,0,352.66,49.4,1,0,3
ORD00364,2/23/2026,15:09:00,Monday,Mumbai,V007,Wok This Way,Food Delivery,DRV049,1.31,Clear,0,1187.94,22.7,0,0,3
ORD00365,5/26/2026,13:48:00,Tuesday,Delhi,V006,Tandoori Nights,Food Delivery,DRV016,0.41,Clear,1,253.52,16.6,0,0,4
ORD00366,6/13/2026,15:07:00,Saturday,Hyderabad,V011,Roti Roll Co.,Food Delivery,DRV047,5.19,Clear,0,452.86,35.3,0,0,3
ORD00367,6/24/2026,15:29:00,Wednesday,Chennai,V002,Urban Tadka,Pharmacy,DRV056,4.24,Clear,0,477.29,30.4,0,0,5
ORD00368,1/12/2026,20:38:00,Monday,Chennai,V002,Urban Tadka,Food Delivery,DRV018,3.72,Clear,1,202.23,27.6,0,0,5
ORD00369,3/18/2026,15:54:00,Wednesday,Hyderabad,V009,Sushi Central,Grocery,DRV010,0.75,Clear,0,967.12,22,0,0,5
ORD00370,2/26/2026,12:38:00,Thursday,Bengaluru,V010,Bun Intended Burgers,Food Delivery,DRV038,5.17,Clear,1,761.33,33.4,0,0,4
ORD00371,6/7/2026,13:32:00,Sunday,Hyderabad,V009,Sushi Central,Grocery,DRV029,2.23,Clear,1,1051.14,31,0,0,4
ORD00372,6/1/2026,8:02:00,Monday,Hyderabad,V009,Sushi Central,Food Delivery,DRV026,0.88,Rain,0,684.15,16.3,0,0,4
ORD00373,5/14/2026,17:12:00,Thursday,Bengaluru,V008,Pizza Junction,Food Delivery,DRV010,1.28,Clear,0,776.43,25.3,0,0,5
ORD00374,5/21/2026,17:49:00,Thursday,Delhi,V005,Green Leaf Cafe,Pharmacy,DRV001,0.56,Clear,0,162.26,13.4,0,0,4
ORD00375,5/9/2026,12:13:00,Saturday,Chennai,V003,Bowl & Broth,Grocery,DRV016,4.64,Clear,1,386.38,38.3,0,0,5
ORD00376,4/17/2026,18:18:00,Friday,Chennai,V002,Urban Tadka,Grocery,DRV003,2.11,Clear,0,451.47,17.5,0,0,5
ORD00377,6/13/2026,12:57:00,Saturday,Chennai,V002,Urban Tadka,Food Delivery,DRV054,4.08,Clear,1,549.67,30.2,0,0,5
ORD00378,1/24/2026,17:11:00,Saturday,Chennai,V003,Bowl & Broth,Food Delivery,DRV044,11.79,Clear,0,924.78,69.5,1,0,3
ORD00379,3/19/2026,15:08:00,Thursday,Delhi,V005,Green Leaf Cafe,Food Delivery,DRV058,0.43,Clear,0,998.95,13.3,0,0,4
ORD00380,5/28/2026,15:28:00,Thursday,Delhi,V005,Green Leaf Cafe,Grocery,DRV005,2.89,Clear,0,1239.67,29.1,0,0,4
ORD00381,6/7/2026,13:00:00,Sunday,Bengaluru,V004,Curry Express,Grocery,DRV050,1.85,Rain,1,307,22.4,0,0,5
ORD00382,1/20/2026,8:53:00,Tuesday,Bengaluru,V010,Bun Intended Burgers,Food Delivery,DRV044,0.91,Rain,0,1105.63,24.7,0,0,4
ORD00383,1/12/2026,18:30:00,Monday,Hyderabad,V009,Sushi Central,Food Delivery,DRV003,4.08,Clear,0,926,28.3,0,0,4
ORD00384,4/29/2026,18:46:00,Wednesday,Hyderabad,V009,Sushi Central,Food Delivery,DRV025,4.55,Clear,0,1083.64,42.2,0,0,4
ORD00385,4/7/2026,22:27:00,Tuesday,Delhi,V006,Tandoori Nights,Grocery,DRV002,2.12,Clear,0,438.46,,0,1,
ORD00386,6/7/2026,13:12:00,Sunday,Mumbai,V012,Dosa Point,Food Delivery,DRV025,1.09,Clear,1,970.35,,0,1,
ORD00387,1/2/2026,9:34:00,Friday,Chennai,V003,Bowl & Broth,Pharmacy,DRV019,5.48,Clear,0,464.56,31.5,0,0,4
ORD00388,4/24/2026,20:24:00,Friday,Bengaluru,V010,Bun Intended Burgers,Food Delivery,DRV030,1.89,Rain,1,1287.01,22.3,0,0,5
ORD00389,1/24/2026,14:51:00,Saturday,Chennai,V001,Spice Route Kitchen,Pharmacy,DRV014,6.95,Clear,0,549.32,46.9,1,0,4
ORD00390,3/24/2026,12:54:00,Tuesday,Mumbai,V007,Wok This Way,Food Delivery,DRV034,3.83,Clear,1,1029.34,40,0,0,3
ORD00391,6/27/2026,17:16:00,Saturday,Bengaluru,V010,Bun Intended Burgers,Pharmacy,DRV030,1.21,Clear,0,733.92,,0,1,
ORD00392,3/12/2026,18:40:00,Thursday,Bengaluru,V008,Pizza Junction,Food Delivery,DRV010,1.19,Clear,0,252.66,14.4,0,0,4
ORD00393,1/2/2026,17:48:00,Friday,Bengaluru,V008,Pizza Junction,Food Delivery,DRV026,2.26,Clear,0,1270.75,22.3,0,0,5
ORD00394,3/29/2026,21:53:00,Sunday,Mumbai,V012,Dosa Point,Pharmacy,DRV030,2.76,Heavy Traffic Event,1,309.25,40.4,0,0,5
ORD00395,1/27/2026,16:33:00,Tuesday,Hyderabad,V011,Roti Roll Co.,Grocery,DRV029,4.25,Rain,0,1033.54,32,0,0,3
ORD00396,3/29/2026,12:38:00,Sunday,Bengaluru,V010,Bun Intended Burgers,Food Delivery,DRV005,3.37,Rain,1,868.71,37.2,0,0,4
ORD00397,5/28/2026,22:29:00,Thursday,Delhi,V006,Tandoori Nights,Food Delivery,DRV012,7.04,Clear,0,500.03,47,1,0,3
ORD00398,5/10/2026,12:36:00,Sunday,Bengaluru,V008,Pizza Junction,Food Delivery,DRV024,2.77,Rain,1,1146.88,35,0,0,4
ORD00399,1/23/2026,15:09:00,Friday,Delhi,V005,Green Leaf Cafe,Food Delivery,DRV057,5.12,Clear,0,582.7,47.6,1,0,4
ORD00400,3/26/2026,15:49:00,Thursday,Bengaluru,V008,Pizza Junction,Food Delivery,DRV035,4.63,Clear,0,893.85,35,0,0,4
ORD00401,2/12/2026,22:18:00,Thursday,Bengaluru,V010,Bun Intended Burgers,Food Delivery,DRV040,2.34,Clear,0,224.97,18.6,0,0,4
ORD00402,3/31/2026,14:43:00,Tuesday,Hyderabad,V009,Sushi Central,Grocery,DRV037,5.66,Clear,0,382.37,39.4,0,0,4
ORD00403,5/28/2026,17:10:00,Thursday,Bengaluru,V010,Bun Intended Burgers,Food Delivery,DRV036,2.11,Clear,0,224.88,24.8,0,0,5
ORD00404,6/14/2026,15:26:00,Sunday,Chennai,V002,Urban Tadka,Grocery,DRV011,2.25,Clear,0,1146.91,15.7,0,0,5
ORD00405,1/21/2026,16:39:00,Wednesday,Mumbai,V007,Wok This Way,Food Delivery,DRV022,3.2,Clear,0,1314.49,31.5,0,0,3
ORD00406,5/14/2026,12:44:00,Thursday,Hyderabad,V011,Roti Roll Co.,Food Delivery,DRV056,6.32,Clear,1,359.8,44.3,0,0,3
ORD00407,6/29/2026,17:29:00,Monday,Hyderabad,V011,Roti Roll Co.,Food Delivery,DRV021,3.81,Clear,0,301.99,28.5,0,0,3
ORD00408,6/9/2026,8:52:00,Tuesday,Chennai,V002,Urban Tadka,Grocery,DRV014,2.91,Clear,0,148.14,23.5,0,0,5
ORD00409,1/17/2026,13:05:00,Saturday,Chennai,V003,Bowl & Broth,Food Delivery,DRV018,2.57,Clear,1,1198.01,24.4,0,0,5
ORD00410,4/4/2026,13:45:00,Saturday,Chennai,V002,Urban Tadka,Food Delivery,DRV053,1.89,Clear,1,633.24,29.4,0,0,5
ORD00411,2/18/2026,15:33:00,Wednesday,Chennai,V001,Spice Route Kitchen,Grocery,DRV038,0.95,Clear,0,1382,15.2,0,0,5
ORD00412,4/1/2026,14:57:00,Wednesday,Chennai,V003,Bowl & Broth,Grocery,DRV034,0.43,Clear,0,816.48,6.9,0,0,4
ORD00413,1/31/2026,13:00:00,Saturday,Chennai,V002,Urban Tadka,Food Delivery,DRV004,2.85,Clear,1,823.84,22.1,0,0,5
ORD00414,3/27/2026,15:11:00,Friday,Bengaluru,V010,Bun Intended Burgers,Food Delivery,DRV047,3.62,Rain,0,204,40.4,0,0,4
ORD00415,5/20/2026,16:35:00,Wednesday,Mumbai,V007,Wok This Way,Food Delivery,DRV040,2.89,Clear,0,301.27,29.9,0,0,3
ORD00416,3/12/2026,22:18:00,Thursday,Mumbai,V007,Wok This Way,Food Delivery,DRV011,2.76,Rain,0,1020.1,30.6,0,0,3
ORD00417,4/12/2026,15:00:00,Sunday,Delhi,V006,Tandoori Nights,Pharmacy,DRV029,5.75,Rain,0,475.23,45.9,1,0,3
ORD00418,5/4/2026,18:21:00,Monday,Bengaluru,V010,Bun Intended Burgers,Food Delivery,DRV010,7.16,Clear,0,187.47,51.6,1,0,4
ORD00419,2/18/2026,15:05:00,Wednesday,Delhi,V006,Tandoori Nights,Grocery,DRV052,2.2,Rain,0,953.24,24.5,0,0,3
ORD00420,5/6/2026,13:58:00,Wednesday,Hyderabad,V011,Roti Roll Co.,Pharmacy,DRV009,2.35,Clear,1,706.5,25.4,0,0,3
ORD00421,6/2/2026,22:31:00,Tuesday,Bengaluru,V004,Curry Express,Food Delivery,DRV042,0.78,Clear,0,969.94,16.1,0,0,5
ORD00422,1/20/2026,12:40:00,Tuesday,Hyderabad,V011,Roti Roll Co.,Food Delivery,DRV055,3.78,Rain,1,843.14,39.9,0,0,4
ORD00423,4/25/2026,12:26:00,Saturday,Hyderabad,V011,Roti Roll Co.,Pharmacy,DRV029,5.51,Rain,1,866.33,,0,1,
ORD00424,4/3/2026,22:02:00,Friday,Delhi,V006,Tandoori Nights,Grocery,DRV025,9.05,Rain,0,1061.12,63.7,1,0,2
ORD00425,3/25/2026,10:15:00,Wednesday,Mumbai,V012,Dosa Point,Food Delivery,DRV022,0.94,Rain,0,1060.5,18.9,0,0,5
ORD00426,4/10/2026,12:07:00,Friday,Bengaluru,V004,Curry Express,Food Delivery,DRV040,2.58,Clear,1,671.66,34.5,0,0,4
ORD00427,6/29/2026,15:18:00,Monday,Chennai,V002,Urban Tadka,Food Delivery,DRV017,0.75,Clear,0,1333.69,21.2,0,0,5
ORD00428,6/20/2026,18:12:00,Saturday,Hyderabad,V011,Roti Roll Co.,Food Delivery,DRV040,3.58,Rain,0,796.07,40.1,0,0,3
ORD00429,3/6/2026,15:57:00,Friday,Chennai,V002,Urban Tadka,Food Delivery,DRV045,2.04,Rain,0,502.63,,0,1,
ORD00430,5/21/2026,13:04:00,Thursday,Bengaluru,V010,Bun Intended Burgers,Grocery,DRV039,1.2,Clear,1,384.5,20.8,0,0,5
ORD00431,4/2/2026,13:49:00,Thursday,Hyderabad,V011,Roti Roll Co.,Grocery,DRV017,1.85,Rain,1,1054.11,19.9,0,0,3
ORD00432,6/12/2026,22:00:00,Friday,Hyderabad,V009,Sushi Central,Food Delivery,DRV058,1.54,Clear,0,1362.31,25.1,0,0,5
ORD00433,6/26/2026,17:39:00,Friday,Mumbai,V007,Wok This Way,Food Delivery,DRV003,4.46,Clear,0,1094.09,33.7,0,0,3
ORD00434,6/8/2026,16:35:00,Monday,Delhi,V005,Green Leaf Cafe,Food Delivery,DRV055,2.34,Clear,0,657.92,,0,1,
ORD00435,6/8/2026,11:41:00,Monday,Bengaluru,V008,Pizza Junction,Food Delivery,DRV015,2.25,Clear,0,1238.46,31.8,0,0,4
ORD00436,2/4/2026,19:26:00,Wednesday,Delhi,V005,Green Leaf Cafe,Grocery,DRV028,1.43,Clear,1,1104.46,20.3,0,0,4
ORD00437,4/18/2026,14:47:00,Saturday,Delhi,V005,Green Leaf Cafe,Food Delivery,DRV023,1.1,Clear,0,231.04,18.2,0,0,4
ORD00438,2/5/2026,14:29:00,Thursday,Hyderabad,V009,Sushi Central,Food Delivery,DRV036,1.89,Clear,0,485.88,25.3,0,0,4
ORD00439,5/6/2026,15:08:00,Wednesday,Chennai,V002,Urban Tadka,Food Delivery,DRV041,3.25,Clear,0,641.06,34.9,0,0,5
ORD00440,2/18/2026,15:53:00,Wednesday,Bengaluru,V008,Pizza Junction,Food Delivery,DRV034,0.77,Clear,0,787.1,13.8,0,0,5
ORD00441,2/23/2026,16:26:00,Monday,Delhi,V005,Green Leaf Cafe,Food Delivery,DRV018,5.82,Rain,0,1134.65,45.1,1,0,3
ORD00442,1/24/2026,21:37:00,Saturday,Mumbai,V012,Dosa Point,Food Delivery,DRV043,3.33,Clear,1,781.77,41.9,0,0,5
ORD00443,3/5/2026,16:04:00,Thursday,Bengaluru,V010,Bun Intended Burgers,Food Delivery,DRV051,1.57,Rain,0,579.35,,0,1,
ORD00444,3/10/2026,14:27:00,Tuesday,Mumbai,V007,Wok This Way,Food Delivery,DRV041,1.23,Rain,0,681.49,27.7,0,0,4
ORD00445,3/16/2026,11:25:00,Monday,Mumbai,V007,Wok This Way,Grocery,DRV017,1.41,Clear,0,856.09,18.9,0,0,4
ORD00446,1/1/2026,8:24:00,Thursday,Bengaluru,V004,Curry Express,Food Delivery,DRV048,2.01,Clear,0,338.99,20.1,0,0,5
ORD00447,6/3/2026,18:52:00,Wednesday,Hyderabad,V009,Sushi Central,Food Delivery,DRV027,1.89,Clear,0,1191.19,37.2,0,0,4
ORD00448,1/12/2026,16:35:00,Monday,Mumbai,V012,Dosa Point,Food Delivery,DRV021,9.59,Clear,0,1233.63,63.3,1,0,4
ORD00449,1/3/2026,14:34:00,Saturday,Bengaluru,V010,Bun Intended Burgers,Grocery,DRV023,0.92,Clear,0,1321.56,21.4,0,0,5
ORD00450,3/15/2026,14:07:00,Sunday,Chennai,V002,Urban Tadka,Food Delivery,DRV017,3.27,Clear,0,794.33,25.6,0,0,5
ORD00451,5/22/2026,20:56:00,Friday,Hyderabad,V011,Roti Roll Co.,Pharmacy,DRV001,2.04,Clear,1,421.52,24.6,0,0,3
ORD00452,5/26/2026,19:54:00,Tuesday,Hyderabad,V009,Sushi Central,Pharmacy,DRV001,4.33,Clear,1,638.4,39.1,0,0,4
ORD00453,1/29/2026,14:36:00,Thursday,Delhi,V005,Green Leaf Cafe,Food Delivery,DRV026,1.26,Heavy Traffic Event,0,672.86,16.6,0,0,3
ORD00454,1/4/2026,14:37:00,Sunday,Chennai,V003,Bowl & Broth,Food Delivery,DRV026,3.59,Clear,0,419.42,35.1,0,0,4
ORD00455,6/22/2026,15:04:00,Monday,Hyderabad,V009,Sushi Central,Food Delivery,DRV040,5.46,Clear,0,1021.34,,0,1,
ORD00456,2/27/2026,15:55:00,Friday,Bengaluru,V010,Bun Intended Burgers,Food Delivery,DRV047,1.15,Clear,0,1087.53,21.4,0,0,5
ORD00457,6/4/2026,17:45:00,Thursday,Chennai,V003,Bowl & Broth,Food Delivery,DRV012,6.34,Clear,0,1371.65,45.1,1,0,4
ORD00458,5/16/2026,17:31:00,Saturday,Hyderabad,V011,Roti Roll Co.,Food Delivery,DRV004,2.29,Rain,0,950.92,26.5,0,0,3
ORD00459,1/29/2026,10:26:00,Thursday,Mumbai,V012,Dosa Point,Food Delivery,DRV014,5.29,Clear,0,981.45,43.7,0,0,5
ORD00460,6/8/2026,12:41:00,Monday,Chennai,V001,Spice Route Kitchen,Food Delivery,DRV059,3.27,Clear,1,986.94,37.9,0,0,4
ORD00461,6/17/2026,21:24:00,Wednesday,Hyderabad,V011,Roti Roll Co.,Grocery,DRV038,3.93,Rain,1,942.56,32,0,0,4
ORD00462,3/5/2026,12:39:00,Thursday,Hyderabad,V009,Sushi Central,Food Delivery,DRV025,7.81,Clear,1,1150.19,58.9,1,0,4
ORD00463,1/16/2026,22:34:00,Friday,Chennai,V003,Bowl & Broth,Food Delivery,DRV049,3.47,Rain,0,591.94,30.1,0,0,4
ORD00464,5/31/2026,12:39:00,Sunday,Chennai,V003,Bowl & Broth,Grocery,DRV027,3.37,Clear,1,576.2,27.3,0,0,5
ORD00465,5/7/2026,15:04:00,Thursday,Hyderabad,V009,Sushi Central,Food Delivery,DRV011,3.04,Clear,0,1190.23,27.3,0,0,5
ORD00466,6/5/2026,13:34:00,Friday,Delhi,V005,Green Leaf Cafe,Food Delivery,DRV014,1.95,Clear,1,382.64,26.9,0,0,4
ORD00467,2/19/2026,15:52:00,Thursday,Mumbai,V007,Wok This Way,Food Delivery,DRV016,5.18,Clear,0,1116.5,32.8,0,0,3
ORD00468,3/11/2026,13:54:00,Wednesday,Chennai,V003,Bowl & Broth,Food Delivery,DRV004,2.04,Heavy Traffic Event,1,854.69,28.7,0,0,5
ORD00469,3/19/2026,15:38:00,Thursday,Bengaluru,V004,Curry Express,Food Delivery,DRV052,3.44,Clear,0,1087.69,20.3,0,0,5
ORD00470,4/17/2026,20:02:00,Friday,Bengaluru,V010,Bun Intended Burgers,Food Delivery,DRV020,3.48,Clear,1,520.31,35.1,0,0,5
ORD00471,5/10/2026,22:24:00,Sunday,Mumbai,V012,Dosa Point,Grocery,DRV040,8.9,Clear,0,803.57,65.5,1,0,4
ORD00472,1/13/2026,14:19:00,Tuesday,Chennai,V001,Spice Route Kitchen,Food Delivery,DRV042,2.45,Clear,0,1294.73,28.1,0,0,4
ORD00473,1/9/2026,16:36:00,Friday,Bengaluru,V004,Curry Express,Food Delivery,DRV021,5.58,Clear,0,1259.48,39.2,0,0,4
ORD00474,2/27/2026,18:16:00,Friday,Hyderabad,V011,Roti Roll Co.,Food Delivery,DRV053,2.19,Clear,0,1220.48,22.8,0,0,3
ORD00475,3/4/2026,20:21:00,Wednesday,Mumbai,V012,Dosa Point,Grocery,DRV004,1.36,Heavy Traffic Event,1,644.24,23.2,0,0,5
ORD00476,3/28/2026,15:10:00,Saturday,Bengaluru,V010,Bun Intended Burgers,Food Delivery,DRV048,1.86,Clear,0,1160.3,21.2,0,0,5
ORD00477,5/13/2026,17:51:00,Wednesday,Chennai,V002,Urban Tadka,Food Delivery,DRV052,1.77,Rain,0,1137.17,23,0,0,4
ORD00478,6/3/2026,19:06:00,Wednesday,Bengaluru,V008,Pizza Junction,Grocery,DRV028,2.66,Clear,1,1364.23,34.9,0,0,5
ORD00479,2/21/2026,21:21:00,Saturday,Mumbai,V012,Dosa Point,Food Delivery,DRV048,2.57,Clear,1,273.29,35.5,0,0,5
ORD00480,1/11/2026,15:31:00,Sunday,Delhi,V006,Tandoori Nights,Food Delivery,DRV059,1.76,Rain,0,826.99,25,0,0,3
ORD00481,3/15/2026,14:43:00,Sunday,Delhi,V006,Tandoori Nights,Food Delivery,DRV032,1.97,Clear,0,941.22,18.4,0,0,3
ORD00482,4/29/2026,15:45:00,Wednesday,Chennai,V002,Urban Tadka,Grocery,DRV056,2.76,Rain,0,1198.35,38.2,0,0,4
ORD00483,4/28/2026,14:57:00,Tuesday,Chennai,V001,Spice Route Kitchen,Food Delivery,DRV050,2.56,Clear,0,1186.23,25.8,0,0,4
ORD00484,1/28/2026,15:45:00,Wednesday,Chennai,V002,Urban Tadka,Food Delivery,DRV028,1.2,Rain,0,1019.67,19.3,0,0,5
ORD00485,1/18/2026,16:32:00,Sunday,Hyderabad,V011,Roti Roll Co.,Food Delivery,DRV017,1.6,Clear,0,776.1,19.6,0,0,3
ORD00486,5/2/2026,19:32:00,Saturday,Delhi,V006,Tandoori Nights,Food Delivery,DRV028,3.07,Clear,1,700.92,31.3,0,0,4
ORD00487,4/15/2026,13:53:00,Wednesday,Hyderabad,V009,Sushi Central,Food Delivery,DRV003,5.62,Clear,1,584.34,39.9,0,0,4
ORD00488,3/19/2026,12:58:00,Thursday,Chennai,V003,Bowl & Broth,Food Delivery,DRV007,7.93,Clear,1,951.83,61.4,1,0,4
ORD00489,5/27/2026,12:01:00,Wednesday,Hyderabad,V011,Roti Roll Co.,Food Delivery,DRV043,6.18,Clear,1,397.52,40.7,0,0,3
ORD00490,1/13/2026,11:25:00,Tuesday,Mumbai,V007,Wok This Way,Food Delivery,DRV049,3.12,Clear,0,229.97,24.8,0,0,4
ORD00491,1/27/2026,16:31:00,Tuesday,Delhi,V005,Green Leaf Cafe,Food Delivery,DRV058,1.15,Clear,0,389.28,17.6,0,0,4
ORD00492,6/4/2026,8:02:00,Thursday,Delhi,V005,Green Leaf Cafe,Food Delivery,DRV023,2.82,Rain,0,833.5,34.8,0,0,3
ORD00493,3/24/2026,17:29:00,Tuesday,Hyderabad,V009,Sushi Central,Grocery,DRV033,3.28,Clear,0,610.92,32.7,0,0,5
ORD00494,5/6/2026,14:19:00,Wednesday,Delhi,V006,Tandoori Nights,Food Delivery,DRV059,7.38,Clear,0,559,51.4,1,0,3
ORD00495,6/7/2026,20:56:00,Sunday,Chennai,V001,Spice Route Kitchen,Food Delivery,DRV049,1.25,Clear,1,392.45,26.5,0,0,5
ORD00496,5/23/2026,13:40:00,Saturday,Delhi,V005,Green Leaf Cafe,Food Delivery,DRV056,2.93,Rain,1,264.46,28,0,0,4
ORD00497,4/9/2026,18:46:00,Thursday,Bengaluru,V004,Curry Express,Food Delivery,DRV034,5.6,Heavy Traffic Event,0,869.28,59.1,1,0,3
ORD00498,5/31/2026,12:26:00,Sunday,Chennai,V003,Bowl & Broth,Food Delivery,DRV033,4.38,Clear,1,198.36,38,0,0,4
ORD00499,6/23/2026,15:14:00,Tuesday,Bengaluru,V010,Bun Intended Burgers,Food Delivery,DRV017,2.9,Clear,0,927.15,30.6,0,0,5
ORD00500,5/28/2026,9:37:00,Thursday,Bengaluru,V010,Bun Intended Burgers,Food Delivery,DRV060,0.77,Clear,0,168.25,9.6,0,0,4
ORD00501,5/15/2026,8:09:00,Friday,Chennai,V001,Spice Route Kitchen,Food Delivery,DRV009,7.22,Clear,0,985.27,53.3,1,0,2
ORD00502,4/20/2026,15:55:00,Monday,Hyderabad,V011,Roti Roll Co.,Food Delivery,DRV055,2.21,Rain,0,975.06,23.5,0,0,4
ORD00503,6/14/2026,20:50:00,Sunday,Chennai,V001,Spice Route Kitchen,Food Delivery,DRV032,3.5,Clear,1,628.4,40,0,0,3
ORD00504,3/20/2026,21:33:00,Friday,Hyderabad,V011,Roti Roll Co.,Food Delivery,DRV050,1.7,Clear,1,264.22,28.7,0,0,4
ORD00505,2/28/2026,22:39:00,Saturday,Bengaluru,V008,Pizza Junction,Food Delivery,DRV016,2.41,Clear,0,179.22,21.7,0,0,5
ORD00506,2/6/2026,14:34:00,Friday,Delhi,V006,Tandoori Nights,Food Delivery,DRV041,1.41,Clear,0,942.12,25.8,0,0,4
ORD00507,2/23/2026,14:39:00,Monday,Delhi,V005,Green Leaf Cafe,Food Delivery,DRV018,2.09,Clear,0,782.57,33.2,0,0,4
ORD00508,5/14/2026,15:16:00,Thursday,Bengaluru,V008,Pizza Junction,Pharmacy,DRV003,4.25,Clear,0,879.02,35.9,0,0,5
ORD00509,6/2/2026,21:15:00,Tuesday,Chennai,V003,Bowl & Broth,Grocery,DRV019,1.68,Clear,1,829.35,24.2,0,0,5
ORD00510,2/12/2026,15:04:00,Thursday,Mumbai,V007,Wok This Way,Food Delivery,DRV019,2.88,Clear,0,347.08,31.4,0,0,4
ORD00511,1/26/2026,11:25:00,Monday,Chennai,V002,Urban Tadka,Food Delivery,DRV016,2.75,Clear,0,1239.5,26.6,0,0,5
ORD00512,4/19/2026,12:43:00,Sunday,Bengaluru,V008,Pizza Junction,Food Delivery,DRV001,2.87,Clear,1,284.64,26.9,0,0,5
ORD00513,4/4/2026,16:39:00,Saturday,Mumbai,V012,Dosa Point,Food Delivery,DRV043,2.82,Clear,0,1033.05,27.8,0,0,5
ORD00514,4/27/2026,14:27:00,Monday,Hyderabad,V009,Sushi Central,Food Delivery,DRV010,4.54,Clear,0,703.04,38.5,0,0,5
ORD00515,2/21/2026,14:23:00,Saturday,Mumbai,V012,Dosa Point,Grocery,DRV042,2.62,Clear,0,954.9,35.5,0,0,5
ORD00516,3/23/2026,17:18:00,Monday,Bengaluru,V008,Pizza Junction,Food Delivery,DRV039,1.6,Heavy Traffic Event,0,192.34,25.1,0,0,4
ORD00517,3/7/2026,16:36:00,Saturday,Bengaluru,V008,Pizza Junction,Grocery,DRV054,1.67,Heavy Traffic Event,0,698.1,27.4,0,0,5
ORD00518,3/14/2026,12:48:00,Saturday,Hyderabad,V009,Sushi Central,Food Delivery,DRV014,3.54,Clear,1,646.27,35.8,0,0,5
ORD00519,3/25/2026,20:36:00,Wednesday,Hyderabad,V011,Roti Roll Co.,Food Delivery,DRV015,2.57,Clear,1,1190.79,29.9,0,0,4
ORD00520,1/25/2026,13:03:00,Sunday,Bengaluru,V008,Pizza Junction,Food Delivery,DRV018,1.06,Clear,1,1380.09,14.4,0,0,5
ORD00521,5/15/2026,14:36:00,Friday,Hyderabad,V011,Roti Roll Co.,Food Delivery,DRV024,0.69,Clear,0,1256.41,13.3,0,0,3
ORD00522,3/14/2026,12:29:00,Saturday,Delhi,V005,Green Leaf Cafe,Food Delivery,DRV015,3.84,Clear,1,651.76,40,0,0,3
ORD00523,2/18/2026,19:02:00,Wednesday,Chennai,V003,Bowl & Broth,Food Delivery,DRV001,1.83,Rain,1,990.05,27.4,0,0,5
ORD00524,1/20/2026,15:57:00,Tuesday,Bengaluru,V004,Curry Express,Grocery,DRV040,6.73,Clear,0,336.11,44.6,0,0,4
ORD00525,3/2/2026,13:07:00,Monday,Mumbai,V012,Dosa Point,Food Delivery,DRV041,11.6,Clear,1,388.2,84.1,1,0,3
ORD00526,4/19/2026,10:52:00,Sunday,Bengaluru,V010,Bun Intended Burgers,Pharmacy,DRV029,5.97,Clear,0,454.39,39.1,0,0,5
ORD00527,1/6/2026,14:01:00,Tuesday,Mumbai,V012,Dosa Point,Food Delivery,DRV043,4.77,Clear,0,1291.02,39,0,0,5
ORD00528,2/6/2026,13:40:00,Friday,Delhi,V006,Tandoori Nights,Food Delivery,DRV029,2.51,Clear,1,295.34,33.5,0,0,4
ORD00529,2/26/2026,12:16:00,Thursday,Hyderabad,V011,Roti Roll Co.,Food Delivery,DRV029,2.21,Clear,1,1388.55,21.6,0,0,3
ORD00530,5/5/2026,10:49:00,Tuesday,Chennai,V002,Urban Tadka,Grocery,DRV031,2.35,Clear,0,468.16,25.2,0,0,5
ORD00531,6/1/2026,19:24:00,Monday,Mumbai,V007,Wok This Way,Food Delivery,DRV044,1.78,Clear,1,942.03,23.4,0,0,4
ORD00532,2/18/2026,20:31:00,Wednesday,Chennai,V002,Urban Tadka,Food Delivery,DRV001,2.19,Clear,1,1233.85,24.6,0,0,5
ORD00533,5/8/2026,22:38:00,Friday,Hyderabad,V009,Sushi Central,Pharmacy,DRV004,1.57,Clear,0,449.11,29,0,0,5
ORD00534,2/7/2026,13:07:00,Saturday,Chennai,V001,Spice Route Kitchen,Food Delivery,DRV010,2.01,Clear,1,593.26,26.8,0,0,4
ORD00535,5/20/2026,18:52:00,Wednesday,Chennai,V001,Spice Route Kitchen,Food Delivery,DRV013,6.55,Rain,0,687.45,42.4,0,0,4
ORD00536,3/15/2026,18:06:00,Sunday,Bengaluru,V004,Curry Express,Food Delivery,DRV010,3.53,Rain,0,374.13,39.6,0,0,5
ORD00537,5/4/2026,12:46:00,Monday,Delhi,V005,Green Leaf Cafe,Food Delivery,DRV054,2.59,Clear,1,798.19,28.3,0,0,3
ORD00538,3/2/2026,12:15:00,Monday,Hyderabad,V009,Sushi Central,Food Delivery,DRV052,3.22,Clear,1,992.27,40.5,0,0,4
ORD00539,5/5/2026,15:51:00,Tuesday,Hyderabad,V009,Sushi Central,Food Delivery,DRV059,0.49,Clear,0,1298.97,12.1,0,0,5
ORD00540,6/11/2026,12:41:00,Thursday,Bengaluru,V008,Pizza Junction,Food Delivery,DRV025,0.56,Rain,1,658.41,18,0,0,5
ORD00541,1/4/2026,20:06:00,Sunday,Mumbai,V007,Wok This Way,Food Delivery,DRV033,1,Clear,1,1055.06,31.2,0,0,3
ORD00542,3/1/2026,9:07:00,Sunday,Bengaluru,V010,Bun Intended Burgers,Food Delivery,DRV032,1.63,Clear,0,858.82,18.4,0,0,4
ORD00543,6/17/2026,12:23:00,Wednesday,Chennai,V003,Bowl & Broth,Food Delivery,DRV007,1.99,Clear,1,1093.77,30.4,0,0,4
ORD00544,2/26/2026,14:43:00,Thursday,Chennai,V003,Bowl & Broth,Food Delivery,DRV022,5.01,Clear,0,661.94,33.4,0,0,4
ORD00545,5/24/2026,16:05:00,Sunday,Mumbai,V007,Wok This Way,Grocery,DRV050,7.87,Clear,0,965.3,52.8,1,0,3
ORD00546,4/17/2026,22:47:00,Friday,Delhi,V005,Green Leaf Cafe,Food Delivery,DRV057,1.79,Heavy Traffic Event,0,539.4,36,0,0,3
ORD00547,5/17/2026,9:48:00,Sunday,Hyderabad,V011,Roti Roll Co.,Food Delivery,DRV010,5.99,Clear,0,1253.7,28.4,0,0,4
ORD00548,6/25/2026,21:19:00,Thursday,Bengaluru,V008,Pizza Junction,Grocery,DRV010,1.1,Rain,1,679.3,18.8,0,0,5
ORD00549,5/19/2026,20:36:00,Tuesday,Delhi,V005,Green Leaf Cafe,Food Delivery,DRV047,2.21,Rain,1,279.61,29,0,0,4
ORD00550,2/18/2026,9:35:00,Wednesday,Hyderabad,V011,Roti Roll Co.,Food Delivery,DRV039,4.08,Clear,0,356.35,33.2,0,0,4
ORD00551,1/12/2026,20:07:00,Monday,Delhi,V005,Green Leaf Cafe,Food Delivery,DRV004,7.26,Rain,1,1324.44,65.4,1,0,3
ORD00552,1/23/2026,9:00:00,Friday,Mumbai,V012,Dosa Point,Grocery,DRV016,2.26,Clear,0,183.07,25.1,0,0,5
ORD00553,5/31/2026,14:52:00,Sunday,Mumbai,V012,Dosa Point,Food Delivery,DRV051,6.51,Heavy Traffic Event,0,320.1,72.8,1,0,4
ORD00554,1/31/2026,13:33:00,Saturday,Chennai,V002,Urban Tadka,Food Delivery,DRV028,1.59,Clear,1,978.66,21.8,0,0,5
ORD00555,1/17/2026,16:05:00,Saturday,Mumbai,V012,Dosa Point,Grocery,DRV053,4.15,Clear,0,525.76,46.6,1,0,5
ORD00556,1/1/2026,13:30:00,Thursday,Delhi,V006,Tandoori Nights,Food Delivery,DRV043,5.01,Clear,1,1093.7,38.2,0,0,3
ORD00557,2/11/2026,8:07:00,Wednesday,Mumbai,V012,Dosa Point,Food Delivery,DRV011,1.48,Clear,0,179.21,17.9,0,0,4
ORD00558,1/4/2026,17:24:00,Sunday,Bengaluru,V004,Curry Express,Food Delivery,DRV046,2.44,Clear,0,1380.75,20.7,0,0,5
ORD00559,5/2/2026,12:40:00,Saturday,Chennai,V002,Urban Tadka,Food Delivery,DRV008,4.07,Clear,1,1070.91,38.5,0,0,5
ORD00560,2/15/2026,15:30:00,Sunday,Delhi,V005,Green Leaf Cafe,Food Delivery,DRV040,7.02,Clear,0,1043.21,42.5,0,0,3
ORD00561,4/28/2026,22:00:00,Tuesday,Bengaluru,V010,Bun Intended Burgers,Pharmacy,DRV037,2.9,Clear,0,143.09,25.2,0,0,5
ORD00562,4/11/2026,12:18:00,Saturday,Bengaluru,V008,Pizza Junction,Pharmacy,DRV022,4.2,Clear,1,1359.31,35.6,0,0,5
ORD00563,5/9/2026,17:18:00,Saturday,Hyderabad,V011,Roti Roll Co.,Food Delivery,DRV006,2.46,Clear,0,257.97,23.9,0,0,4
ORD00564,4/25/2026,22:01:00,Saturday,Delhi,V005,Green Leaf Cafe,Food Delivery,DRV020,8.17,Rain,0,1059.66,53.7,1,0,3
ORD00565,5/25/2026,17:23:00,Monday,Delhi,V006,Tandoori Nights,Food Delivery,DRV045,6.35,Clear,0,577.56,46,1,0,2
ORD00566,5/30/2026,12:52:00,Saturday,Mumbai,V007,Wok This Way,Pharmacy,DRV011,4.65,Rain,1,378.67,68.3,1,0,2
ORD00567,2/5/2026,14:58:00,Thursday,Bengaluru,V004,Curry Express,Food Delivery,DRV003,1.26,Clear,0,1252.82,12.4,0,0,4
ORD00568,5/24/2026,16:18:00,Sunday,Hyderabad,V009,Sushi Central,Food Delivery,DRV001,0.19,Clear,0,565.15,26.4,0,0,5
ORD00569,3/31/2026,18:48:00,Tuesday,Bengaluru,V010,Bun Intended Burgers,Grocery,DRV041,2.55,Clear,0,655.21,,0,1,
ORD00570,5/24/2026,14:15:00,Sunday,Chennai,V002,Urban Tadka,Grocery,DRV035,2.63,Clear,0,1155.49,32.7,0,0,5
ORD00571,4/19/2026,20:25:00,Sunday,Hyderabad,V011,Roti Roll Co.,Food Delivery,DRV060,1.19,Clear,1,641.91,14.4,0,0,3
ORD00572,4/7/2026,13:09:00,Tuesday,Bengaluru,V004,Curry Express,Food Delivery,DRV010,2.61,Clear,1,136.74,26.1,0,0,5
ORD00573,5/26/2026,22:08:00,Tuesday,Chennai,V002,Urban Tadka,Grocery,DRV028,0.67,Clear,0,630.52,15.8,0,0,5
ORD00574,2/26/2026,11:13:00,Thursday,Chennai,V003,Bowl & Broth,Food Delivery,DRV017,4.83,Clear,0,601.54,25.8,0,0,5
ORD00575,4/14/2026,22:48:00,Tuesday,Mumbai,V012,Dosa Point,Food Delivery,DRV030,1,Clear,0,394.74,16.8,0,0,5
ORD00576,6/10/2026,21:31:00,Wednesday,Chennai,V003,Bowl & Broth,Grocery,DRV033,2.71,Rain,1,1326.53,24.2,0,0,5
ORD00577,2/8/2026,14:16:00,Sunday,Chennai,V001,Spice Route Kitchen,Food Delivery,DRV028,3.82,Clear,0,693.43,40.4,0,0,3
ORD00578,5/13/2026,9:36:00,Wednesday,Chennai,V002,Urban Tadka,Pharmacy,DRV017,1.64,Clear,0,342.17,19.1,0,0,5
ORD00579,3/11/2026,18:24:00,Wednesday,Bengaluru,V004,Curry Express,Food Delivery,DRV021,1.72,Clear,0,1133.71,20.9,0,0,4
ORD00580,3/30/2026,9:31:00,Monday,Mumbai,V007,Wok This Way,Food Delivery,DRV030,1.99,Clear,0,1218.1,23.7,0,0,3
ORD00581,3/23/2026,8:06:00,Monday,Chennai,V003,Bowl & Broth,Food Delivery,DRV052,2.46,Heavy Traffic Event,0,534.06,28.5,0,0,3
ORD00582,3/30/2026,14:08:00,Monday,Chennai,V003,Bowl & Broth,Food Delivery,DRV016,2.76,Rain,0,379.93,22.9,0,0,4
ORD00583,4/28/2026,18:34:00,Tuesday,Mumbai,V012,Dosa Point,Food Delivery,DRV040,5.05,Clear,0,1019.77,37,0,0,4
ORD00584,2/17/2026,14:24:00,Tuesday,Bengaluru,V008,Pizza Junction,Food Delivery,DRV052,0.81,Clear,0,502.65,,0,1,
ORD00585,1/4/2026,18:55:00,Sunday,Chennai,V002,Urban Tadka,Food Delivery,DRV009,1.42,Rain,0,1297.95,23.8,0,0,5
ORD00586,5/28/2026,21:36:00,Thursday,Hyderabad,V011,Roti Roll Co.,Food Delivery,DRV035,3.09,Clear,1,1036.93,33.2,0,0,3
ORD00587,6/16/2026,12:05:00,Tuesday,Mumbai,V007,Wok This Way,Food Delivery,DRV015,1,Clear,1,1157.35,14.1,0,0,4
ORD00588,2/3/2026,15:10:00,Tuesday,Bengaluru,V008,Pizza Junction,Food Delivery,DRV021,5.25,Clear,0,1327.5,40.6,0,0,5
ORD00589,1/4/2026,14:31:00,Sunday,Hyderabad,V011,Roti Roll Co.,Food Delivery,DRV056,3.42,Clear,0,1236.75,27.9,0,0,3
ORD00590,3/21/2026,16:31:00,Saturday,Mumbai,V012,Dosa Point,Food Delivery,DRV006,1.3,Clear,0,1204.68,19.9,0,0,5
ORD00591,5/11/2026,12:12:00,Monday,Bengaluru,V004,Curry Express,Grocery,DRV036,3.38,Clear,1,619.28,31.4,0,0,4
ORD00592,5/29/2026,22:32:00,Friday,Delhi,V006,Tandoori Nights,Grocery,DRV034,3.54,Clear,0,945.48,38.6,0,0,3
ORD00593,5/22/2026,13:37:00,Friday,Mumbai,V007,Wok This Way,Food Delivery,DRV022,3.42,Rain,1,205.44,40.2,0,0,3
ORD00594,1/31/2026,17:38:00,Saturday,Bengaluru,V004,Curry Express,Food Delivery,DRV031,4.11,Clear,0,134.58,36.4,0,0,4
ORD00595,5/4/2026,15:27:00,Monday,Mumbai,V012,Dosa Point,Food Delivery,DRV045,6.26,Clear,0,1371.47,50.6,1,0,5
ORD00596,4/11/2026,16:23:00,Saturday,Chennai,V002,Urban Tadka,Grocery,DRV006,3.01,Clear,0,252.83,31.7,0,0,5
ORD00597,5/4/2026,19:06:00,Monday,Mumbai,V007,Wok This Way,Food Delivery,DRV048,1.2,Clear,1,664.71,22,0,0,3
ORD00598,4/4/2026,14:34:00,Saturday,Bengaluru,V004,Curry Express,Food Delivery,DRV054,6.3,Clear,0,628.45,37.7,0,0,4
ORD00599,6/16/2026,14:06:00,Tuesday,Chennai,V002,Urban Tadka,Grocery,DRV015,1.2,Clear,0,1211.41,13.1,0,0,5
ORD00600,2/19/2026,22:21:00,Thursday,Chennai,V002,Urban Tadka,Grocery,DRV012,2.83,Clear,0,1097.01,22,0,0,5
ORD00601,5/15/2026,15:43:00,Friday,Chennai,V002,Urban Tadka,Grocery,DRV040,1.02,Rain,0,776.92,16.2,0,0,5
ORD00602,5/27/2026,15:45:00,Wednesday,Hyderabad,V011,Roti Roll Co.,Food Delivery,DRV045,0.9,Clear,0,1158.38,21.5,0,0,4
ORD00603,2/13/2026,10:36:00,Friday,Mumbai,V007,Wok This Way,Grocery,DRV030,2.81,Clear,0,961.53,29.1,0,0,4
ORD00604,3/16/2026,16:41:00,Monday,Hyderabad,V011,Roti Roll Co.,Food Delivery,DRV050,2.89,Rain,0,1135.42,34.2,0,0,3
ORD00605,4/3/2026,18:24:00,Friday,Bengaluru,V010,Bun Intended Burgers,Food Delivery,DRV042,4.23,Clear,0,1167.44,35.9,0,0,4
ORD00606,2/7/2026,14:14:00,Saturday,Bengaluru,V010,Bun Intended Burgers,Food Delivery,DRV042,1.18,Clear,0,1213.05,16.9,0,0,4
ORD00607,1/6/2026,19:36:00,Tuesday,Delhi,V005,Green Leaf Cafe,Food Delivery,DRV009,1.13,Clear,1,642.09,18.6,0,0,4
ORD00608,3/24/2026,22:13:00,Tuesday,Chennai,V002,Urban Tadka,Pharmacy,DRV056,2.4,Rain,0,1065.64,27.7,0,0,5
ORD00609,1/23/2026,21:30:00,Friday,Mumbai,V007,Wok This Way,Food Delivery,DRV010,7.87,Clear,1,1325.75,61.3,1,0,3
ORD00610,3/1/2026,16:53:00,Sunday,Hyderabad,V011,Roti Roll Co.,Food Delivery,DRV012,2.98,Clear,0,786.66,29.3,0,0,3
ORD00611,6/17/2026,15:43:00,Wednesday,Bengaluru,V004,Curry Express,Food Delivery,DRV013,2.01,Clear,0,1196.54,21.5,0,0,4
ORD00612,3/22/2026,13:15:00,Sunday,Chennai,V002,Urban Tadka,Food Delivery,DRV030,5.85,Clear,1,538.84,46.2,1,0,5
ORD00613,5/20/2026,15:19:00,Wednesday,Mumbai,V007,Wok This Way,Food Delivery,DRV050,1.63,Rain,0,516.5,26.5,0,0,4
ORD00614,1/14/2026,20:57:00,Wednesday,Mumbai,V007,Wok This Way,Grocery,DRV029,4.65,Clear,1,902.01,51.5,1,0,3
ORD00615,5/24/2026,22:27:00,Sunday,Bengaluru,V004,Curry Express,Food Delivery,DRV012,0.62,Clear,0,246.07,20.6,0,0,5
ORD00616,2/2/2026,19:29:00,Monday,Delhi,V005,Green Leaf Cafe,Food Delivery,DRV042,2.58,Clear,1,830.74,26.5,0,0,3
ORD00617,6/20/2026,14:14:00,Saturday,Chennai,V001,Spice Route Kitchen,Food Delivery,DRV051,2.57,Clear,0,386.27,42.8,0,0,4
ORD00618,4/6/2026,12:21:00,Monday,Hyderabad,V011,Roti Roll Co.,Grocery,DRV059,4.86,Clear,1,1199.59,42.3,0,0,3
ORD00619,4/19/2026,21:19:00,Sunday,Hyderabad,V011,Roti Roll Co.,Grocery,DRV053,0.66,Clear,1,1128.79,10.5,0,0,4
ORD00620,1/21/2026,16:41:00,Wednesday,Hyderabad,V011,Roti Roll Co.,Food Delivery,DRV028,2.24,Clear,0,1119.41,23.6,0,0,4
ORD00621,1/14/2026,13:41:00,Wednesday,Mumbai,V012,Dosa Point,Food Delivery,DRV001,4.98,Clear,1,906.74,42.1,0,0,5
ORD00622,4/9/2026,22:58:00,Thursday,Chennai,V002,Urban Tadka,Grocery,DRV042,3.02,Clear,0,350.86,,0,1,
ORD00623,1/3/2026,11:17:00,Saturday,Bengaluru,V010,Bun Intended Burgers,Food Delivery,DRV007,2.87,Clear,0,718.79,20,0,0,4
ORD00624,6/16/2026,16:34:00,Tuesday,Mumbai,V007,Wok This Way,Pharmacy,DRV034,4.02,Heavy Traffic Event,0,469.86,46.5,1,0,3
ORD00625,2/22/2026,14:17:00,Sunday,Hyderabad,V009,Sushi Central,Pharmacy,DRV014,1.23,Clear,0,208.97,21.3,0,0,5
ORD00626,2/28/2026,14:26:00,Saturday,Chennai,V002,Urban Tadka,Pharmacy,DRV021,2.3,Clear,0,510.25,21.7,0,0,5
ORD00627,1/4/2026,18:28:00,Sunday,Bengaluru,V010,Bun Intended Burgers,Food Delivery,DRV038,0.24,Clear,0,880.16,11.9,0,0,4
ORD00628,1/21/2026,14:36:00,Wednesday,Bengaluru,V010,Bun Intended Burgers,Food Delivery,DRV006,2.29,Rain,0,1184.95,22.7,0,0,4
ORD00629,3/18/2026,22:12:00,Wednesday,Delhi,V006,Tandoori Nights,Food Delivery,DRV007,7.5,Rain,0,152.54,58.4,1,0,2
ORD00630,5/6/2026,16:11:00,Wednesday,Chennai,V002,Urban Tadka,Food Delivery,DRV039,2.87,Clear,0,1185.26,18.3,0,0,5
ORD00631,6/26/2026,12:21:00,Friday,Mumbai,V012,Dosa Point,Food Delivery,DRV009,1.85,Clear,1,163.25,24.7,0,0,5
ORD00632,1/29/2026,10:23:00,Thursday,Mumbai,V012,Dosa Point,Food Delivery,DRV005,1.05,Clear,0,1178.21,20.5,0,0,5
ORD00633,5/22/2026,21:49:00,Friday,Delhi,V005,Green Leaf Cafe,Grocery,DRV036,0.65,Clear,1,755.11,17.1,0,0,3
ORD00634,3/10/2026,14:42:00,Tuesday,Mumbai,V012,Dosa Point,Food Delivery,DRV021,2.23,Clear,0,316.37,21.7,0,0,5
ORD00635,3/15/2026,14:46:00,Sunday,Hyderabad,V011,Roti Roll Co.,Food Delivery,DRV058,1.04,Clear,0,202.44,16.2,0,0,4
ORD00636,4/28/2026,19:48:00,Tuesday,Mumbai,V007,Wok This Way,Grocery,DRV043,2.81,Clear,1,1364.06,36.9,0,0,4
ORD00637,1/30/2026,22:24:00,Friday,Delhi,V006,Tandoori Nights,Food Delivery,DRV048,2.19,Clear,0,1236.42,22.7,0,0,3
ORD00638,4/30/2026,14:11:00,Thursday,Chennai,V002,Urban Tadka,Food Delivery,DRV010,1.98,Clear,0,239.64,19.5,0,0,5
ORD00639,5/21/2026,16:34:00,Thursday,Mumbai,V007,Wok This Way,Grocery,DRV026,1.57,Clear,0,597.92,18.8,0,0,3
ORD00640,1/8/2026,14:43:00,Thursday,Chennai,V003,Bowl & Broth,Food Delivery,DRV013,0.65,Clear,0,951.4,18.5,0,0,5
ORD00641,6/20/2026,11:29:00,Saturday,Chennai,V002,Urban Tadka,Food Delivery,DRV026,2.81,Clear,0,711.82,19.8,0,0,5
ORD00642,5/19/2026,13:53:00,Tuesday,Chennai,V002,Urban Tadka,Food Delivery,DRV056,2.05,Clear,1,1144.07,17.7,0,0,5
ORD00643,3/23/2026,14:32:00,Monday,Mumbai,V012,Dosa Point,Food Delivery,DRV021,3.31,Clear,0,1059.39,29.6,0,0,5
ORD00644,5/9/2026,18:08:00,Saturday,Bengaluru,V010,Bun Intended Burgers,Food Delivery,DRV003,3.78,Rain,0,1197.79,28.7,0,0,4
ORD00645,4/19/2026,17:01:00,Sunday,Chennai,V003,Bowl & Broth,Food Delivery,DRV016,5.12,Clear,0,964.01,33.8,0,0,5
ORD00646,3/4/2026,12:29:00,Wednesday,Mumbai,V012,Dosa Point,Food Delivery,DRV057,6.25,Clear,1,1322.25,54.9,1,0,4
ORD00647,6/20/2026,21:12:00,Saturday,Mumbai,V007,Wok This Way,Food Delivery,DRV057,5.97,Clear,1,357.07,55.9,1,0,3
ORD00648,3/13/2026,16:21:00,Friday,Mumbai,V012,Dosa Point,Food Delivery,DRV027,13.42,Clear,0,162.31,88.2,1,0,3
ORD00649,4/4/2026,8:15:00,Saturday,Bengaluru,V004,Curry Express,Food Delivery,DRV010,3.74,Clear,0,510.16,30.7,0,0,4
ORD00650,4/7/2026,12:48:00,Tuesday,Chennai,V002,Urban Tadka,Food Delivery,DRV004,4.49,Clear,1,471.6,34.1,0,0,5
ORD00651,6/26/2026,21:33:00,Friday,Chennai,V003,Bowl & Broth,Food Delivery,DRV013,3.5,Clear,1,1259.22,33.3,0,0,5
ORD00652,5/22/2026,15:48:00,Friday,Chennai,V003,Bowl & Broth,Pharmacy,DRV028,5.17,Clear,0,946.82,35.6,0,0,5
ORD00653,6/6/2026,15:19:00,Saturday,Delhi,V006,Tandoori Nights,Food Delivery,DRV039,1.57,Clear,0,126.43,33.5,0,0,3
ORD00654,5/19/2026,13:42:00,Tuesday,Bengaluru,V008,Pizza Junction,Food Delivery,DRV024,0.91,Clear,1,830.15,20.9,0,0,4
ORD00655,5/9/2026,14:16:00,Saturday,Bengaluru,V008,Pizza Junction,Food Delivery,DRV018,4.93,Clear,0,1053.9,41.8,0,0,4
ORD00656,2/9/2026,21:43:00,Monday,Hyderabad,V009,Sushi Central,Food Delivery,DRV057,1.4,Rain,1,120.31,23.3,0,0,4
ORD00657,6/20/2026,14:53:00,Saturday,Delhi,V006,Tandoori Nights,Pharmacy,DRV016,9.46,Clear,0,689.62,61.6,1,0,2
ORD00658,5/29/2026,12:13:00,Friday,Bengaluru,V004,Curry Express,Grocery,DRV029,2.48,Rain,1,222.07,34,0,0,4
ORD00659,3/21/2026,15:39:00,Saturday,Chennai,V002,Urban Tadka,Pharmacy,DRV037,2.23,Clear,0,1133.4,23,0,0,5
ORD00660,3/29/2026,16:29:00,Sunday,Hyderabad,V011,Roti Roll Co.,Pharmacy,DRV043,7.43,Clear,0,1184.45,40.2,0,0,3
ORD00661,5/30/2026,22:37:00,Saturday,Chennai,V002,Urban Tadka,Food Delivery,DRV032,3.64,Clear,0,733.4,32.1,0,0,5
ORD00662,3/23/2026,14:27:00,Monday,Mumbai,V007,Wok This Way,Grocery,DRV040,2.27,Rain,0,999.28,31,0,0,4
ORD00663,5/17/2026,21:43:00,Sunday,Bengaluru,V004,Curry Express,Food Delivery,DRV021,2.3,Clear,1,1356.55,21,0,0,5
ORD00664,6/13/2026,8:43:00,Saturday,Mumbai,V007,Wok This Way,Pharmacy,DRV045,3.23,Clear,0,1318.27,39.4,0,0,3
ORD00665,4/4/2026,22:00:00,Saturday,Bengaluru,V008,Pizza Junction,Grocery,DRV051,1.12,Clear,0,1381.07,13.3,0,0,5
ORD00666,3/25/2026,15:08:00,Wednesday,Delhi,V005,Green Leaf Cafe,Food Delivery,DRV055,1.06,Rain,0,866.49,19.1,0,0,4
ORD00667,4/1/2026,21:55:00,Wednesday,Bengaluru,V004,Curry Express,Food Delivery,DRV033,1.19,Clear,1,1283.29,14.4,0,0,4
ORD00668,3/31/2026,9:36:00,Tuesday,Bengaluru,V008,Pizza Junction,Pharmacy,DRV060,1.58,Clear,0,743.11,23.4,0,0,5
ORD00669,2/13/2026,12:57:00,Friday,Chennai,V001,Spice Route Kitchen,Food Delivery,DRV041,3.61,Heavy Traffic Event,1,984.24,46.9,1,0,3
ORD00670,2/21/2026,9:36:00,Saturday,Chennai,V003,Bowl & Broth,Grocery,DRV002,4.48,Rain,0,439.2,34.9,0,0,4
ORD00671,5/31/2026,8:38:00,Sunday,Bengaluru,V008,Pizza Junction,Food Delivery,DRV057,2.98,Clear,0,272.61,25.2,0,0,5
ORD00672,2/25/2026,14:53:00,Wednesday,Bengaluru,V008,Pizza Junction,Grocery,DRV052,2.03,Rain,0,620.96,32.9,0,0,5
ORD00673,4/7/2026,13:21:00,Tuesday,Bengaluru,V008,Pizza Junction,Food Delivery,DRV022,1.19,Clear,1,1291.81,24.2,0,0,5
ORD00674,3/22/2026,21:27:00,Sunday,Chennai,V001,Spice Route Kitchen,Food Delivery,DRV010,1.32,Clear,1,616.51,17,0,0,4
ORD00675,1/27/2026,11:00:00,Tuesday,Bengaluru,V004,Curry Express,Food Delivery,DRV021,0.84,Clear,0,1309.48,13.6,0,0,4
ORD00676,4/18/2026,13:50:00,Saturday,Chennai,V003,Bowl & Broth,Food Delivery,DRV052,4.02,Heavy Traffic Event,1,1369.26,48.5,1,0,4
ORD00677,6/10/2026,22:41:00,Wednesday,Chennai,V002,Urban Tadka,Food Delivery,DRV029,0.86,Clear,0,453.31,14.4,0,0,5
ORD00678,2/17/2026,15:19:00,Tuesday,Chennai,V001,Spice Route Kitchen,Food Delivery,DRV001,3.45,Clear,0,141.66,35.1,0,0,4
ORD00679,3/2/2026,18:30:00,Monday,Mumbai,V012,Dosa Point,Food Delivery,DRV024,3.4,Rain,0,171.82,36.3,0,0,5
ORD00680,2/18/2026,14:30:00,Wednesday,Hyderabad,V011,Roti Roll Co.,Pharmacy,DRV058,11.6,Rain,0,233.45,81.8,1,0,1
ORD00681,1/9/2026,16:47:00,Friday,Bengaluru,V004,Curry Express,Food Delivery,DRV052,7.12,Heavy Traffic Event,0,912.44,66.7,1,0,3
ORD00682,3/5/2026,20:46:00,Thursday,Mumbai,V012,Dosa Point,Food Delivery,DRV030,2.63,Clear,1,1397.33,33.1,0,0,5
ORD00683,1/9/2026,8:38:00,Friday,Chennai,V002,Urban Tadka,Food Delivery,DRV024,0.53,Clear,0,731.68,17.4,0,0,5
ORD00684,2/15/2026,15:46:00,Sunday,Chennai,V001,Spice Route Kitchen,Food Delivery,DRV060,3.95,Clear,0,862.35,33.2,0,0,4
ORD00685,5/22/2026,13:24:00,Friday,Mumbai,V012,Dosa Point,Food Delivery,DRV049,4.82,Clear,1,676.3,40,0,0,5
ORD00686,2/6/2026,14:45:00,Friday,Bengaluru,V004,Curry Express,Grocery,DRV007,4.43,Clear,0,1246.57,39,0,0,5
ORD00687,3/10/2026,14:26:00,Tuesday,Bengaluru,V008,Pizza Junction,Food Delivery,DRV015,0.83,Clear,0,287.96,14,0,0,5
ORD00688,5/20/2026,19:41:00,Wednesday,Chennai,V003,Bowl & Broth,Food Delivery,DRV060,2.91,Rain,1,848.46,35.8,0,0,4
ORD00689,4/27/2026,16:03:00,Monday,Delhi,V005,Green Leaf Cafe,Food Delivery,DRV044,2.68,Clear,0,899.12,29.4,0,0,3
ORD00690,4/17/2026,16:09:00,Friday,Mumbai,V012,Dosa Point,Food Delivery,DRV002,7.19,Rain,0,609.97,67.3,1,0,3
ORD00691,2/3/2026,15:35:00,Tuesday,Delhi,V006,Tandoori Nights,Grocery,DRV005,5.33,Clear,0,499.67,40.1,0,0,3
ORD00692,3/3/2026,17:44:00,Tuesday,Bengaluru,V004,Curry Express,Food Delivery,DRV041,6.54,Heavy Traffic Event,0,181.79,62.7,1,0,3
ORD00693,5/31/2026,22:48:00,Sunday,Chennai,V003,Bowl & Broth,Food Delivery,DRV014,0.57,Clear,0,146.23,13.3,0,0,5
ORD00694,3/6/2026,19:30:00,Friday,Bengaluru,V008,Pizza Junction,Food Delivery,DRV017,3.01,Rain,1,538.23,35.6,0,0,5
ORD00695,2/15/2026,17:45:00,Sunday,Hyderabad,V009,Sushi Central,Food Delivery,DRV037,2.96,Clear,0,1029.99,27,0,0,5
ORD00696,1/7/2026,9:01:00,Wednesday,Mumbai,V007,Wok This Way,Food Delivery,DRV016,2.74,Clear,0,206.01,27.2,0,0,4
ORD00697,2/28/2026,15:38:00,Saturday,Chennai,V001,Spice Route Kitchen,Food Delivery,DRV006,10.34,Clear,0,1389.92,66.8,1,0,3
ORD00698,5/9/2026,21:02:00,Saturday,Mumbai,V012,Dosa Point,Food Delivery,DRV041,2.37,Rain,1,235.61,28.2,0,0,5
ORD00699,5/29/2026,11:10:00,Friday,Delhi,V006,Tandoori Nights,Food Delivery,DRV055,1.01,Clear,0,677.3,15.2,0,0,4
ORD00700,3/10/2026,18:01:00,Tuesday,Mumbai,V012,Dosa Point,Food Delivery,DRV015,7.18,Clear,0,621.56,57.2,1,0,5
ORD00701,6/2/2026,14:20:00,Tuesday,Bengaluru,V010,Bun Intended Burgers,Food Delivery,DRV045,2.91,Heavy Traffic Event,0,730.76,32.5,0,0,4
ORD00702,4/12/2026,16:37:00,Sunday,Delhi,V006,Tandoori Nights,Food Delivery,DRV008,1.48,Clear,0,367.94,17.9,0,0,4
ORD00703,3/14/2026,13:38:00,Saturday,Chennai,V002,Urban Tadka,Grocery,DRV037,3.4,Clear,1,880.48,31.8,0,0,5
ORD00704,2/1/2026,14:17:00,Sunday,Chennai,V002,Urban Tadka,Food Delivery,DRV012,1.81,Rain,0,791.6,23.5,0,0,5
ORD00705,2/24/2026,17:50:00,Tuesday,Delhi,V005,Green Leaf Cafe,Pharmacy,DRV001,3.52,Rain,0,728.25,31.8,0,0,4
ORD00706,2/2/2026,16:16:00,Monday,Bengaluru,V004,Curry Express,Food Delivery,DRV027,5.54,Rain,0,298.16,50.7,1,0,4
ORD00707,3/16/2026,15:15:00,Monday,Hyderabad,V009,Sushi Central,Food Delivery,DRV044,2.04,Clear,0,360.9,26.1,0,0,5
ORD00708,6/16/2026,12:22:00,Tuesday,Delhi,V006,Tandoori Nights,Grocery,DRV032,2.55,Rain,1,731.7,36.1,0,0,3
ORD00709,1/5/2026,10:15:00,Monday,Bengaluru,V010,Bun Intended Burgers,Food Delivery,DRV050,2.29,Clear,0,830.42,,0,1,
ORD00710,5/3/2026,13:30:00,Sunday,Chennai,V002,Urban Tadka,Food Delivery,DRV004,1.59,Clear,1,827.62,14.1,0,0,5
ORD00711,4/20/2026,14:12:00,Monday,Mumbai,V007,Wok This Way,Food Delivery,DRV042,2.47,Clear,0,1082.72,32.1,0,0,3
ORD00712,5/11/2026,14:42:00,Monday,Delhi,V006,Tandoori Nights,Food Delivery,DRV041,3.42,Rain,0,1022.44,36.6,0,0,3
ORD00713,4/27/2026,12:55:00,Monday,Mumbai,V007,Wok This Way,Food Delivery,DRV016,6.89,Rain,1,330.11,64.5,1,0,2
ORD00714,5/8/2026,18:05:00,Friday,Hyderabad,V009,Sushi Central,Food Delivery,DRV005,2.49,Clear,0,1025.3,23.9,0,0,5
ORD00715,3/15/2026,14:45:00,Sunday,Bengaluru,V010,Bun Intended Burgers,Food Delivery,DRV034,2.13,Clear,0,201.81,30.2,0,0,5
ORD00716,5/17/2026,12:49:00,Sunday,Hyderabad,V011,Roti Roll Co.,Food Delivery,DRV034,0.42,Clear,1,292.44,15.2,0,0,4
ORD00717,5/6/2026,15:01:00,Wednesday,Hyderabad,V009,Sushi Central,Food Delivery,DRV014,0.63,Clear,0,176.02,18.7,0,0,5
ORD00718,3/26/2026,21:17:00,Thursday,Bengaluru,V008,Pizza Junction,Grocery,DRV050,1.74,Rain,1,751.35,28.8,0,0,5
ORD00719,2/20/2026,16:41:00,Friday,Delhi,V005,Green Leaf Cafe,Grocery,DRV017,3.12,Heavy Traffic Event,0,673.53,31.8,0,0,3
ORD00720,3/8/2026,11:36:00,Sunday,Bengaluru,V008,Pizza Junction,Food Delivery,DRV006,1.65,Clear,0,1351.35,20.2,0,0,5
ORD00721,3/11/2026,16:30:00,Wednesday,Chennai,V003,Bowl & Broth,Grocery,DRV030,2.05,Rain,0,1004.06,24.8,0,0,5
ORD00722,2/8/2026,12:18:00,Sunday,Bengaluru,V010,Bun Intended Burgers,Pharmacy,DRV044,0.56,Clear,1,948.91,16,0,0,5
ORD00723,1/2/2026,17:11:00,Friday,Mumbai,V007,Wok This Way,Food Delivery,DRV044,10.73,Clear,0,735.7,70.5,1,0,2
ORD00724,3/8/2026,13:45:00,Sunday,Bengaluru,V004,Curry Express,Grocery,DRV049,4.14,Clear,1,1334.94,38.6,0,0,5
ORD00725,2/10/2026,22:10:00,Tuesday,Bengaluru,V010,Bun Intended Burgers,Grocery,DRV010,1.46,Rain,0,641.91,23,0,0,4
ORD00726,3/5/2026,21:09:00,Thursday,Chennai,V002,Urban Tadka,Pharmacy,DRV019,7.16,Clear,1,323.21,,0,1,
ORD00727,6/18/2026,18:27:00,Thursday,Bengaluru,V010,Bun Intended Burgers,Food Delivery,DRV040,7.7,Rain,0,1279.8,58.1,1,0,3
ORD00728,4/21/2026,21:28:00,Tuesday,Chennai,V003,Bowl & Broth,Food Delivery,DRV019,3.58,Clear,1,1294.42,30,0,0,5
ORD00729,6/20/2026,17:51:00,Saturday,Hyderabad,V011,Roti Roll Co.,Food Delivery,DRV010,1,Clear,0,1221.63,20.7,0,0,4
ORD00730,5/7/2026,10:53:00,Thursday,Mumbai,V007,Wok This Way,Food Delivery,DRV019,2.45,Clear,0,746.29,,0,1,
ORD00731,5/12/2026,19:55:00,Tuesday,Bengaluru,V010,Bun Intended Burgers,Food Delivery,DRV056,0.71,Rain,1,1326.28,19.7,0,0,5
ORD00732,5/19/2026,18:31:00,Tuesday,Bengaluru,V008,Pizza Junction,Grocery,DRV034,0.37,Clear,0,1038.59,10,0,0,5
ORD00733,5/10/2026,10:38:00,Sunday,Delhi,V006,Tandoori Nights,Food Delivery,DRV034,1.12,Clear,0,504.29,25.6,0,0,3
ORD00734,1/12/2026,12:26:00,Monday,Hyderabad,V011,Roti Roll Co.,Pharmacy,DRV023,1.57,Clear,1,947.74,16.1,0,0,3
ORD00735,4/7/2026,22:34:00,Tuesday,Chennai,V003,Bowl & Broth,Food Delivery,DRV028,2.37,Clear,0,494.13,21.3,0,0,4
ORD00736,3/18/2026,12:48:00,Wednesday,Delhi,V005,Green Leaf Cafe,Grocery,DRV043,3.88,Heavy Traffic Event,1,1044.75,46,1,0,3
ORD00737,4/2/2026,15:51:00,Thursday,Bengaluru,V010,Bun Intended Burgers,Pharmacy,DRV023,2.32,Clear,0,1101.78,,0,1,
ORD00738,3/26/2026,14:50:00,Thursday,Chennai,V001,Spice Route Kitchen,Grocery,DRV015,1.48,Clear,0,348.46,22.4,0,0,5
ORD00739,5/1/2026,13:19:00,Friday,Bengaluru,V004,Curry Express,Food Delivery,DRV048,3.68,Clear,1,921.19,31.2,0,0,4
ORD00740,4/17/2026,14:16:00,Friday,Bengaluru,V010,Bun Intended Burgers,Pharmacy,DRV026,3.77,Clear,0,979.27,28.1,0,0,5
ORD00741,2/21/2026,17:35:00,Saturday,Bengaluru,V010,Bun Intended Burgers,Food Delivery,DRV011,1.92,Clear,0,1123.06,21.3,0,0,5
ORD00742,5/16/2026,21:54:00,Saturday,Chennai,V001,Spice Route Kitchen,Grocery,DRV034,3.11,Clear,1,472.07,33.7,0,0,4
ORD00743,3/19/2026,17:25:00,Thursday,Chennai,V001,Spice Route Kitchen,Pharmacy,DRV058,1.47,Rain,0,1019.36,26.6,0,0,4
ORD00744,4/29/2026,20:32:00,Wednesday,Chennai,V001,Spice Route Kitchen,Food Delivery,DRV005,0.55,Clear,1,873.03,26.2,0,0,3
ORD00745,3/27/2026,14:21:00,Friday,Delhi,V006,Tandoori Nights,Food Delivery,DRV030,2.96,Rain,0,849.9,37.9,0,0,3
ORD00746,2/24/2026,16:25:00,Tuesday,Bengaluru,V008,Pizza Junction,Grocery,DRV047,5.55,Rain,0,1091.66,48.3,1,0,4
ORD00747,1/25/2026,14:16:00,Sunday,Mumbai,V007,Wok This Way,Food Delivery,DRV038,5.68,Clear,0,931.18,48.9,1,0,3
ORD00748,5/8/2026,16:18:00,Friday,Bengaluru,V004,Curry Express,Food Delivery,DRV004,1.7,Clear,0,268.99,16.2,0,0,5
ORD00749,1/5/2026,10:56:00,Monday,Chennai,V003,Bowl & Broth,Grocery,DRV042,3.54,Clear,0,302.47,24.9,0,0,5
ORD00750,6/20/2026,16:34:00,Saturday,Hyderabad,V011,Roti Roll Co.,Grocery,DRV014,5.73,Clear,0,207.48,34.6,0,0,3
ORD00751,5/12/2026,12:33:00,Tuesday,Bengaluru,V004,Curry Express,Grocery,DRV022,1.2,Clear,1,1040.34,15.6,0,0,4
ORD00752,2/1/2026,21:23:00,Sunday,Hyderabad,V009,Sushi Central,Food Delivery,DRV031,2.58,Clear,1,1359,29.8,0,0,5
ORD00753,3/19/2026,18:21:00,Thursday,Bengaluru,V010,Bun Intended Burgers,Food Delivery,DRV050,4.51,Heavy Traffic Event,0,859.54,45.2,1,0,3
ORD00754,3/26/2026,13:11:00,Thursday,Chennai,V003,Bowl & Broth,Food Delivery,DRV036,2.26,Rain,1,885.62,30.2,0,0,5
ORD00755,1/2/2026,12:38:00,Friday,Chennai,V002,Urban Tadka,Pharmacy,DRV045,5.95,Rain,1,1250.41,54.6,1,0,5
ORD00756,4/24/2026,15:52:00,Friday,Delhi,V005,Green Leaf Cafe,Pharmacy,DRV045,2.13,Clear,0,510.89,24.8,0,0,4
ORD00757,2/22/2026,13:44:00,Sunday,Bengaluru,V010,Bun Intended Burgers,Food Delivery,DRV059,1.98,Clear,1,129.93,19,0,0,5
ORD00758,6/23/2026,17:52:00,Tuesday,Chennai,V002,Urban Tadka,Grocery,DRV024,0.94,Clear,0,1184.5,16.4,0,0,5
ORD00759,3/12/2026,20:15:00,Thursday,Chennai,V003,Bowl & Broth,Grocery,DRV044,2.97,Clear,1,1278.51,20.2,0,0,5
ORD00760,2/20/2026,22:40:00,Friday,Hyderabad,V009,Sushi Central,Food Delivery,DRV041,2.4,Clear,0,674.34,24.9,0,0,5
ORD00761,5/11/2026,14:48:00,Monday,Chennai,V001,Spice Route Kitchen,Food Delivery,DRV052,0.59,Clear,0,439.59,24.4,0,0,4
ORD00762,3/16/2026,19:32:00,Monday,Hyderabad,V009,Sushi Central,Food Delivery,DRV043,2.93,Clear,1,534.6,27.9,0,0,4
ORD00763,6/1/2026,21:09:00,Monday,Delhi,V006,Tandoori Nights,Food Delivery,DRV052,0.87,Clear,1,342.86,16.4,0,0,4
ORD00764,5/4/2026,8:12:00,Monday,Bengaluru,V010,Bun Intended Burgers,Food Delivery,DRV049,3.85,Clear,0,376.09,31.6,0,0,5
ORD00765,3/5/2026,13:20:00,Thursday,Chennai,V002,Urban Tadka,Food Delivery,DRV058,4.11,Clear,1,736.03,38.1,0,0,5
ORD00766,6/5/2026,16:42:00,Friday,Delhi,V006,Tandoori Nights,Food Delivery,DRV032,6.97,Clear,0,1206.19,46,1,0,3
ORD00767,1/20/2026,14:35:00,Tuesday,Bengaluru,V004,Curry Express,Food Delivery,DRV060,1.95,Rain,0,1120.31,24.4,0,0,5
ORD00768,4/13/2026,14:29:00,Monday,Chennai,V002,Urban Tadka,Grocery,DRV014,1.86,Clear,0,177.03,19.1,0,0,5
ORD00769,3/28/2026,20:44:00,Saturday,Bengaluru,V008,Pizza Junction,Grocery,DRV009,8.59,Clear,1,1335.94,67.1,1,0,4
ORD00770,4/25/2026,22:07:00,Saturday,Hyderabad,V011,Roti Roll Co.,Grocery,DRV054,3.08,Clear,0,167.98,30.1,0,0,4
ORD00771,5/23/2026,16:33:00,Saturday,Bengaluru,V004,Curry Express,Grocery,DRV016,1.01,Clear,0,1036.07,10,0,0,4
ORD00772,5/5/2026,19:49:00,Tuesday,Mumbai,V012,Dosa Point,Food Delivery,DRV039,2.83,Rain,1,571.11,36.3,0,0,5
ORD00773,5/18/2026,15:03:00,Monday,Chennai,V002,Urban Tadka,Grocery,DRV058,0.44,Clear,0,1137.78,16.3,0,0,5
ORD00774,5/6/2026,22:04:00,Wednesday,Chennai,V003,Bowl & Broth,Food Delivery,DRV002,0.7,Clear,0,1255.34,8.8,0,0,5
ORD00775,1/11/2026,18:19:00,Sunday,Delhi,V006,Tandoori Nights,Food Delivery,DRV039,4.94,Clear,0,335.16,45.6,1,0,3
ORD00776,1/17/2026,12:29:00,Saturday,Hyderabad,V011,Roti Roll Co.,Food Delivery,DRV023,2.08,Clear,1,447.53,35.1,0,0,3
ORD00777,2/7/2026,15:04:00,Saturday,Hyderabad,V011,Roti Roll Co.,Pharmacy,DRV010,2.01,Clear,0,144.04,20,0,0,3
ORD00778,5/15/2026,12:06:00,Friday,Hyderabad,V011,Roti Roll Co.,Grocery,DRV018,1.2,Clear,1,1245.03,22,0,0,3
ORD00779,2/25/2026,22:48:00,Wednesday,Chennai,V001,Spice Route Kitchen,Pharmacy,DRV001,4.37,Clear,0,866.37,41.6,0,0,3
ORD00780,6/1/2026,22:30:00,Monday,Delhi,V006,Tandoori Nights,Grocery,DRV017,1.53,Clear,0,1024.56,24,0,0,4
ORD00781,2/13/2026,13:58:00,Friday,Bengaluru,V010,Bun Intended Burgers,Food Delivery,DRV009,3.95,Clear,1,1368.38,38.8,0,0,4
ORD00782,6/6/2026,21:34:00,Saturday,Delhi,V005,Green Leaf Cafe,Grocery,DRV003,8.29,Clear,1,695.47,64.5,1,0,3
ORD00783,2/1/2026,14:22:00,Sunday,Chennai,V001,Spice Route Kitchen,Food Delivery,DRV052,1.77,Heavy Traffic Event,0,1357.7,27.4,0,0,4
ORD00784,1/30/2026,13:30:00,Friday,Mumbai,V012,Dosa Point,Food Delivery,DRV036,0.71,Clear,1,1284.18,20.5,0,0,5
ORD00785,6/7/2026,13:46:00,Sunday,Mumbai,V007,Wok This Way,Food Delivery,DRV046,3.14,Heavy Traffic Event,1,239.46,,0,1,
ORD00786,6/9/2026,17:57:00,Tuesday,Chennai,V001,Spice Route Kitchen,Grocery,DRV058,1.67,Clear,0,1275,32.9,0,0,5
ORD00787,4/23/2026,20:41:00,Thursday,Bengaluru,V008,Pizza Junction,Pharmacy,DRV021,0.35,Clear,1,925.98,16.5,0,0,5
ORD00788,3/26/2026,9:14:00,Thursday,Delhi,V005,Green Leaf Cafe,Food Delivery,DRV046,1.52,Clear,0,1039.34,17.5,0,0,3
ORD00789,4/18/2026,14:26:00,Saturday,Chennai,V002,Urban Tadka,Food Delivery,DRV007,1.1,Rain,0,275.67,17.5,0,0,4
ORD00790,3/14/2026,22:58:00,Saturday,Mumbai,V012,Dosa Point,Grocery,DRV037,1.26,Clear,0,1297.09,24.5,0,0,5
ORD00791,2/1/2026,12:43:00,Sunday,Hyderabad,V009,Sushi Central,Food Delivery,DRV032,3.36,Clear,1,219.18,35.5,0,0,5
ORD00792,5/23/2026,15:05:00,Saturday,Delhi,V005,Green Leaf Cafe,Food Delivery,DRV039,1.25,Clear,0,341.94,24.1,0,0,3
ORD00793,1/9/2026,17:49:00,Friday,Hyderabad,V011,Roti Roll Co.,Food Delivery,DRV037,1.92,Clear,0,295.63,28.8,0,0,4
ORD00794,3/23/2026,21:05:00,Monday,Delhi,V005,Green Leaf Cafe,Food Delivery,DRV011,4.64,Clear,1,671.79,36.8,0,0,4
ORD00795,4/14/2026,15:25:00,Tuesday,Bengaluru,V004,Curry Express,Food Delivery,DRV015,5.22,Clear,0,1348.82,33.9,0,0,4
ORD00796,6/24/2026,22:32:00,Wednesday,Bengaluru,V008,Pizza Junction,Food Delivery,DRV040,2.76,Clear,0,1307.8,23.7,0,0,5
ORD00797,6/16/2026,20:13:00,Tuesday,Hyderabad,V011,Roti Roll Co.,Food Delivery,DRV038,5.24,Clear,1,632.28,45.4,1,0,3
ORD00798,3/21/2026,11:44:00,Saturday,Mumbai,V012,Dosa Point,Food Delivery,DRV015,0.54,Clear,0,397.46,24.1,0,0,5
ORD00799,2/7/2026,16:21:00,Saturday,Mumbai,V007,Wok This Way,Food Delivery,DRV057,1.5,Clear,0,416.76,28.6,0,0,4
ORD00800,4/28/2026,18:44:00,Tuesday,Chennai,V003,Bowl & Broth,Food Delivery,DRV005,6.23,Clear,0,386.66,45.7,1,0,4
ORD00801,2/28/2026,15:24:00,Saturday,Mumbai,V007,Wok This Way,Food Delivery,DRV009,7.27,Heavy Traffic Event,0,979.02,68,1,0,2
ORD00802,1/10/2026,13:04:00,Saturday,Chennai,V001,Spice Route Kitchen,Food Delivery,DRV006,4.65,Clear,1,1108.84,37.9,0,0,4
ORD00803,6/7/2026,18:38:00,Sunday,Hyderabad,V011,Roti Roll Co.,Pharmacy,DRV021,3.49,Clear,0,1359.33,30.3,0,0,3
ORD00804,2/18/2026,20:58:00,Wednesday,Bengaluru,V004,Curry Express,Food Delivery,DRV006,2.52,Rain,1,1174.02,29.1,0,0,4
ORD00805,6/28/2026,17:27:00,Sunday,Hyderabad,V011,Roti Roll Co.,Food Delivery,DRV028,0.31,Clear,0,898.2,11.4,0,0,3
ORD00806,4/16/2026,15:45:00,Thursday,Delhi,V005,Green Leaf Cafe,Food Delivery,DRV006,2.2,Heavy Traffic Event,0,669.82,27.4,0,0,4
ORD00807,2/28/2026,15:46:00,Saturday,Hyderabad,V009,Sushi Central,Grocery,DRV036,1.31,Clear,0,905.96,25,0,0,5
ORD00808,2/19/2026,12:04:00,Thursday,Hyderabad,V009,Sushi Central,Food Delivery,DRV055,5.58,Clear,1,740.52,38.3,0,0,4
ORD00809,3/20/2026,20:54:00,Friday,Bengaluru,V010,Bun Intended Burgers,Grocery,DRV004,2.04,Rain,1,695.59,29,0,0,4
ORD00810,6/24/2026,15:10:00,Wednesday,Bengaluru,V010,Bun Intended Burgers,Food Delivery,DRV010,4.28,Clear,0,686.87,38.7,0,0,4
ORD00811,3/26/2026,12:19:00,Thursday,Hyderabad,V009,Sushi Central,Food Delivery,DRV029,3.24,Clear,1,1370.8,28.6,0,0,4
ORD00812,6/24/2026,19:52:00,Wednesday,Hyderabad,V011,Roti Roll Co.,Pharmacy,DRV030,5.4,Clear,1,851.63,45.4,1,0,2
ORD00813,5/20/2026,14:02:00,Wednesday,Bengaluru,V004,Curry Express,Pharmacy,DRV024,4.13,Clear,0,910.96,30.1,0,0,5
ORD00814,6/28/2026,13:24:00,Sunday,Chennai,V002,Urban Tadka,Food Delivery,DRV043,4.99,Clear,1,637.37,30.6,0,0,5
ORD00815,3/31/2026,15:56:00,Tuesday,Chennai,V001,Spice Route Kitchen,Pharmacy,DRV027,3.18,Clear,0,766.55,38.2,0,0,3
ORD00816,1/4/2026,20:51:00,Sunday,Delhi,V005,Green Leaf Cafe,Food Delivery,DRV023,2,Clear,1,1361.67,26.7,0,0,3
ORD00817,1/21/2026,22:11:00,Wednesday,Chennai,V003,Bowl & Broth,Pharmacy,DRV039,3.42,Heavy Traffic Event,0,376.02,29.6,0,0,4
ORD00818,3/3/2026,17:27:00,Tuesday,Mumbai,V007,Wok This Way,Food Delivery,DRV033,1.92,Clear,0,409.06,25,0,0,4
ORD00819,5/20/2026,12:27:00,Wednesday,Delhi,V006,Tandoori Nights,Food Delivery,DRV024,3.97,Clear,1,1158.78,36,0,0,4
ORD00820,1/10/2026,15:21:00,Saturday,Hyderabad,V011,Roti Roll Co.,Grocery,DRV016,3.64,Clear,0,138.85,28.6,0,0,3
ORD00821,2/7/2026,18:26:00,Saturday,Bengaluru,V008,Pizza Junction,Food Delivery,DRV007,1.92,Clear,0,608.76,27.4,0,0,5
ORD00822,4/7/2026,13:43:00,Tuesday,Delhi,V005,Green Leaf Cafe,Food Delivery,DRV005,0.16,Heavy Traffic Event,1,997.4,14.7,0,0,3
ORD00823,1/26/2026,12:06:00,Monday,Mumbai,V012,Dosa Point,Food Delivery,DRV029,1.11,Rain,1,459.32,21,0,0,5
ORD00824,4/17/2026,13:38:00,Friday,Mumbai,V012,Dosa Point,Food Delivery,DRV050,2.93,Heavy Traffic Event,1,508.99,42.9,0,0,4
ORD00825,1/2/2026,15:58:00,Friday,Hyderabad,V009,Sushi Central,Food Delivery,DRV032,1.03,Clear,0,836.49,22.9,0,0,5
ORD00826,6/6/2026,22:54:00,Saturday,Chennai,V002,Urban Tadka,Food Delivery,DRV007,3.84,Clear,0,825.7,32.2,0,0,5
ORD00827,5/2/2026,16:23:00,Saturday,Chennai,V002,Urban Tadka,Grocery,DRV002,5.55,Clear,0,202.91,39.2,0,0,5
ORD00828,4/2/2026,20:34:00,Thursday,Mumbai,V007,Wok This Way,Food Delivery,DRV025,2.99,Clear,1,959.16,31.9,0,0,4
ORD00829,2/25/2026,17:41:00,Wednesday,Mumbai,V007,Wok This Way,Food Delivery,DRV051,3.63,Clear,0,1386.64,24.9,0,0,3
ORD00830,6/27/2026,19:04:00,Saturday,Mumbai,V007,Wok This Way,Food Delivery,DRV036,3.29,Clear,1,140.7,41,0,0,3
ORD00831,3/1/2026,16:23:00,Sunday,Hyderabad,V009,Sushi Central,Pharmacy,DRV059,3.57,Clear,0,665.47,36,0,0,4
ORD00832,1/19/2026,16:40:00,Monday,Bengaluru,V010,Bun Intended Burgers,Food Delivery,DRV015,4.84,Clear,0,507.16,35.7,0,0,5
ORD00833,5/21/2026,13:40:00,Thursday,Chennai,V003,Bowl & Broth,Food Delivery,DRV014,3.45,Clear,1,964.2,29.8,0,0,5
ORD00834,1/22/2026,16:20:00,Thursday,Bengaluru,V008,Pizza Junction,Grocery,DRV028,2.7,Clear,0,1197.71,30.4,0,0,5
ORD00835,6/20/2026,18:52:00,Saturday,Chennai,V003,Bowl & Broth,Grocery,DRV048,1.59,Clear,0,1112.38,16.4,0,0,5
ORD00836,3/27/2026,15:22:00,Friday,Chennai,V003,Bowl & Broth,Food Delivery,DRV043,2.25,Rain,0,342.95,33.2,0,0,5
ORD00837,1/15/2026,12:09:00,Thursday,Bengaluru,V008,Pizza Junction,Food Delivery,DRV001,5.11,Clear,1,887.09,38.1,0,0,4
ORD00838,1/6/2026,11:31:00,Tuesday,Bengaluru,V010,Bun Intended Burgers,Food Delivery,DRV042,1.23,Rain,0,1370.61,22.4,0,0,5
ORD00839,4/15/2026,11:02:00,Wednesday,Bengaluru,V008,Pizza Junction,Food Delivery,DRV047,1.03,Heavy Traffic Event,0,1136.02,22.1,0,0,5
ORD00840,3/20/2026,16:54:00,Friday,Bengaluru,V008,Pizza Junction,Grocery,DRV004,2.5,Clear,0,551.27,21.2,0,0,5
ORD00841,2/10/2026,12:25:00,Tuesday,Bengaluru,V010,Bun Intended Burgers,Food Delivery,DRV015,1.39,Clear,1,666.82,24.7,0,0,5
ORD00842,4/11/2026,17:06:00,Saturday,Delhi,V006,Tandoori Nights,Grocery,DRV042,1.63,Clear,0,1085.79,20.8,0,0,4
ORD00843,2/26/2026,17:25:00,Thursday,Delhi,V006,Tandoori Nights,Grocery,DRV005,1.71,Rain,0,1276.79,24.5,0,0,4
ORD00844,5/13/2026,12:13:00,Wednesday,Chennai,V003,Bowl & Broth,Food Delivery,DRV002,1.03,Clear,1,719.12,21.9,0,0,5
ORD00845,1/6/2026,16:45:00,Tuesday,Bengaluru,V008,Pizza Junction,Food Delivery,DRV015,2.92,Clear,0,156.2,22,0,0,5
ORD00846,5/11/2026,19:39:00,Monday,Mumbai,V007,Wok This Way,Grocery,DRV005,5.67,Clear,1,905,55,1,0,3
ORD00847,1/30/2026,20:34:00,Friday,Chennai,V001,Spice Route Kitchen,Food Delivery,DRV030,4.38,Rain,1,1095.77,42.5,0,0,3
ORD00848,1/25/2026,13:32:00,Sunday,Delhi,V005,Green Leaf Cafe,Food Delivery,DRV005,2.55,Clear,1,748.79,29.1,0,0,3
ORD00849,3/20/2026,16:03:00,Friday,Bengaluru,V004,Curry Express,Grocery,DRV054,4.85,Clear,0,725.33,34.3,0,0,5
ORD00850,2/23/2026,10:00:00,Monday,Mumbai,V007,Wok This Way,Food Delivery,DRV023,2.86,Clear,0,393.28,27.1,0,0,3
ORD00851,1/20/2026,14:10:00,Tuesday,Bengaluru,V004,Curry Express,Food Delivery,DRV051,1.85,Clear,0,706.79,24.7,0,0,4
ORD00852,3/23/2026,12:26:00,Monday,Chennai,V003,Bowl & Broth,Food Delivery,DRV047,2.95,Clear,1,978.12,26,0,0,4
ORD00853,4/23/2026,15:12:00,Thursday,Mumbai,V007,Wok This Way,Food Delivery,DRV021,0.88,Heavy Traffic Event,0,1054.29,15.6,0,0,3
ORD00854,5/9/2026,21:21:00,Saturday,Hyderabad,V011,Roti Roll Co.,Grocery,DRV034,8.61,Clear,1,1229.26,50.7,1,0,3
ORD00855,1/18/2026,16:24:00,Sunday,Chennai,V003,Bowl & Broth,Grocery,DRV052,2.25,Clear,0,134.04,17,0,0,4
ORD00856,6/2/2026,21:35:00,Tuesday,Bengaluru,V010,Bun Intended Burgers,Grocery,DRV010,5.94,Rain,1,634.91,64.3,1,0,4
ORD00857,1/11/2026,15:51:00,Sunday,Hyderabad,V011,Roti Roll Co.,Food Delivery,DRV020,1.79,Clear,0,280.39,19.3,0,0,4
ORD00858,4/7/2026,14:38:00,Tuesday,Mumbai,V007,Wok This Way,Food Delivery,DRV047,3.6,Clear,0,1140.26,35.7,0,0,3
ORD00859,2/8/2026,21:05:00,Sunday,Chennai,V002,Urban Tadka,Food Delivery,DRV056,2.27,Rain,1,1049.14,23.3,0,0,5
ORD00860,1/5/2026,20:11:00,Monday,Delhi,V005,Green Leaf Cafe,Food Delivery,DRV014,7.11,Clear,1,285.24,57.1,1,0,3
ORD00861,1/31/2026,18:10:00,Saturday,Bengaluru,V004,Curry Express,Food Delivery,DRV057,3.7,Clear,0,271.24,37.5,0,0,5
ORD00862,5/30/2026,12:54:00,Saturday,Hyderabad,V011,Roti Roll Co.,Grocery,DRV058,11.83,Rain,1,1242.35,92.5,1,0,1
ORD00863,6/22/2026,17:49:00,Monday,Mumbai,V012,Dosa Point,Food Delivery,DRV046,4.2,Clear,0,928.18,44,0,0,5
ORD00864,2/6/2026,13:15:00,Friday,Chennai,V002,Urban Tadka,Grocery,DRV048,1.13,Clear,1,588.12,13.8,0,0,5
ORD00865,6/21/2026,20:25:00,Sunday,Hyderabad,V009,Sushi Central,Food Delivery,DRV040,0.38,Clear,1,1398.52,23.7,0,0,5
ORD00866,5/7/2026,14:14:00,Thursday,Mumbai,V012,Dosa Point,Food Delivery,DRV021,0.48,Clear,0,889.76,28.5,0,0,5
ORD00867,4/6/2026,21:55:00,Monday,Chennai,V001,Spice Route Kitchen,Food Delivery,DRV026,2.85,Clear,1,739.51,28,0,0,4
ORD00868,3/6/2026,12:44:00,Friday,Hyderabad,V011,Roti Roll Co.,Food Delivery,DRV056,0.63,Heavy Traffic Event,1,1086.64,22.5,0,0,3
ORD00869,5/20/2026,18:37:00,Wednesday,Delhi,V005,Green Leaf Cafe,Food Delivery,DRV048,0.4,Rain,0,1052.75,15,0,0,3
ORD00870,6/22/2026,13:38:00,Monday,Bengaluru,V010,Bun Intended Burgers,Food Delivery,DRV023,1.19,Clear,1,1205.13,20.1,0,0,5
ORD00871,6/29/2026,22:00:00,Monday,Chennai,V001,Spice Route Kitchen,Food Delivery,DRV058,2.74,Clear,0,901.76,27.8,0,0,4
ORD00872,1/9/2026,8:20:00,Friday,Chennai,V003,Bowl & Broth,Food Delivery,DRV007,2.3,Clear,0,383.17,21.9,0,0,5
ORD00873,4/12/2026,17:31:00,Sunday,Chennai,V002,Urban Tadka,Pharmacy,DRV019,6.27,Clear,0,828.43,42.3,0,0,5
ORD00874,4/14/2026,21:54:00,Tuesday,Delhi,V006,Tandoori Nights,Food Delivery,DRV011,1.74,Clear,1,585.7,25.8,0,0,4
ORD00875,6/23/2026,12:43:00,Tuesday,Bengaluru,V004,Curry Express,Grocery,DRV019,8.57,Clear,1,923.95,61.1,1,0,3
ORD00876,5/2/2026,12:11:00,Saturday,Bengaluru,V004,Curry Express,Grocery,DRV008,0.39,Rain,1,271.77,12.9,0,0,5
ORD00877,2/18/2026,10:25:00,Wednesday,Chennai,V002,Urban Tadka,Pharmacy,DRV050,0.55,Clear,0,1059.71,16.8,0,0,5
ORD00878,3/13/2026,14:25:00,Friday,Chennai,V001,Spice Route Kitchen,Food Delivery,DRV043,1.26,Clear,0,495.65,34.3,0,0,4
ORD00879,1/24/2026,9:24:00,Saturday,Bengaluru,V008,Pizza Junction,Grocery,DRV010,2.15,Clear,0,1347.25,19.9,0,0,5
ORD00880,6/24/2026,12:24:00,Wednesday,Bengaluru,V008,Pizza Junction,Food Delivery,DRV020,1.07,Clear,1,421.22,19.1,0,0,4
ORD00881,6/20/2026,20:37:00,Saturday,Chennai,V002,Urban Tadka,Food Delivery,DRV010,1.44,Clear,1,781.5,18.9,0,0,5
ORD00882,4/25/2026,16:54:00,Saturday,Delhi,V006,Tandoori Nights,Food Delivery,DRV026,2.66,Clear,0,252.22,29.5,0,0,4
ORD00883,2/20/2026,17:54:00,Friday,Hyderabad,V009,Sushi Central,Food Delivery,DRV008,2.51,Clear,0,353.85,25.1,0,0,5
ORD00884,2/3/2026,21:55:00,Tuesday,Chennai,V001,Spice Route Kitchen,Food Delivery,DRV040,1.06,Clear,1,678.45,30.5,0,0,4
ORD00885,2/16/2026,21:38:00,Monday,Chennai,V002,Urban Tadka,Food Delivery,DRV028,0.79,Clear,1,1237.64,14,0,0,5
ORD00886,1/30/2026,21:47:00,Friday,Bengaluru,V008,Pizza Junction,Food Delivery,DRV015,5.57,Clear,1,1151.66,47,1,0,5
ORD00887,3/19/2026,15:18:00,Thursday,Bengaluru,V010,Bun Intended Burgers,Pharmacy,DRV038,0.32,Clear,0,828.74,8.4,0,0,5
ORD00888,4/9/2026,15:02:00,Thursday,Hyderabad,V009,Sushi Central,Food Delivery,DRV039,0.91,Clear,0,1266.33,24.7,0,0,5
ORD00889,1/26/2026,22:27:00,Monday,Chennai,V001,Spice Route Kitchen,Food Delivery,DRV002,3.6,Heavy Traffic Event,0,474.28,45.4,1,0,3
ORD00890,3/4/2026,19:15:00,Wednesday,Bengaluru,V010,Bun Intended Burgers,Food Delivery,DRV033,1.46,Clear,1,616.68,18.5,0,0,5
ORD00891,5/15/2026,22:44:00,Friday,Chennai,V002,Urban Tadka,Food Delivery,DRV032,1.42,Rain,0,124.62,23.2,0,0,4
ORD00892,5/30/2026,8:06:00,Saturday,Chennai,V002,Urban Tadka,Food Delivery,DRV025,5.97,Clear,0,504.46,39.3,0,0,4
ORD00893,1/17/2026,17:25:00,Saturday,Delhi,V005,Green Leaf Cafe,Food Delivery,DRV046,0.66,Clear,0,428.52,17,0,0,4
ORD00894,4/30/2026,17:51:00,Thursday,Delhi,V005,Green Leaf Cafe,Food Delivery,DRV056,2.45,Rain,0,960.21,29.6,0,0,4
ORD00895,2/27/2026,13:50:00,Friday,Delhi,V006,Tandoori Nights,Food Delivery,DRV041,4.33,Clear,1,449.4,42.2,0,0,3
ORD00896,6/29/2026,22:39:00,Monday,Chennai,V003,Bowl & Broth,Food Delivery,DRV025,1.5,Clear,0,637.46,29,0,0,5
ORD00897,3/12/2026,14:15:00,Thursday,Chennai,V002,Urban Tadka,Food Delivery,DRV001,0.42,Clear,0,1219.98,14.8,0,0,5
ORD00898,5/7/2026,18:52:00,Thursday,Chennai,V001,Spice Route Kitchen,Food Delivery,DRV053,7.3,Clear,0,831.83,57,1,0,3
ORD00899,6/19/2026,15:42:00,Friday,Bengaluru,V004,Curry Express,Food Delivery,DRV002,1.95,Clear,0,1359.89,24,0,0,5
ORD00900,5/20/2026,22:21:00,Wednesday,Chennai,V002,Urban Tadka,Grocery,DRV012,4.55,Clear,0,1298.1,36.8,0,0,4
ORD00901,3/6/2026,10:37:00,Friday,Bengaluru,V004,Curry Express,Food Delivery,DRV035,1.01,Clear,0,661.46,17.3,0,0,5
ORD00902,6/28/2026,22:31:00,Sunday,Hyderabad,V011,Roti Roll Co.,Food Delivery,DRV026,0.77,Clear,0,701.03,14.7,0,0,3
ORD00903,2/2/2026,12:08:00,Monday,Bengaluru,V008,Pizza Junction,Food Delivery,DRV005,2.61,Clear,1,982.75,30.1,0,0,5
ORD00904,3/10/2026,13:20:00,Tuesday,Hyderabad,V011,Roti Roll Co.,Food Delivery,DRV049,2.6,Heavy Traffic Event,1,836.75,27.2,0,0,3
ORD00905,1/13/2026,19:14:00,Tuesday,Mumbai,V007,Wok This Way,Food Delivery,DRV037,3.11,Clear,1,1222.8,,0,1,
ORD00906,6/16/2026,19:36:00,Tuesday,Chennai,V003,Bowl & Broth,Food Delivery,DRV034,3.25,Rain,1,1199.9,31.4,0,0,4
ORD00907,5/23/2026,15:02:00,Saturday,Bengaluru,V008,Pizza Junction,Grocery,DRV031,3.72,Clear,0,618.13,31.1,0,0,5
ORD00908,5/14/2026,15:28:00,Thursday,Mumbai,V012,Dosa Point,Food Delivery,DRV046,2.91,Heavy Traffic Event,0,1264.62,35.1,0,0,4
ORD00909,5/22/2026,14:04:00,Friday,Hyderabad,V011,Roti Roll Co.,Grocery,DRV031,1.45,Clear,0,400.53,23.6,0,0,3
ORD00910,3/3/2026,14:56:00,Tuesday,Hyderabad,V009,Sushi Central,Grocery,DRV002,4.16,Rain,0,960.71,41.7,0,0,5
ORD00911,2/27/2026,22:40:00,Friday,Mumbai,V007,Wok This Way,Pharmacy,DRV050,3.75,Clear,0,306.7,30.2,0,0,3
ORD00912,2/3/2026,15:00:00,Tuesday,Chennai,V003,Bowl & Broth,Food Delivery,DRV040,1.51,Rain,0,154.37,18.3,0,0,5
ORD00913,5/25/2026,21:55:00,Monday,Chennai,V003,Bowl & Broth,Grocery,DRV054,0.21,Clear,1,500.19,13.2,0,0,5
ORD00914,5/8/2026,11:43:00,Friday,Chennai,V001,Spice Route Kitchen,Food Delivery,DRV028,1.05,Clear,0,375.31,,0,1,
ORD00915,5/24/2026,12:23:00,Sunday,Mumbai,V012,Dosa Point,Food Delivery,DRV030,3.22,Clear,1,1207.68,30,0,0,5
ORD00916,3/29/2026,17:07:00,Sunday,Bengaluru,V004,Curry Express,Food Delivery,DRV060,1.71,Clear,0,302.52,17.3,0,0,5
ORD00917,3/19/2026,12:06:00,Thursday,Chennai,V001,Spice Route Kitchen,Food Delivery,DRV005,6.13,Clear,1,1014.7,46.8,1,0,4
ORD00918,6/15/2026,19:11:00,Monday,Hyderabad,V009,Sushi Central,Food Delivery,DRV036,7.49,Clear,1,642.58,46.6,1,0,4
ORD00919,3/1/2026,15:00:00,Sunday,Mumbai,V007,Wok This Way,Food Delivery,DRV043,1.03,Clear,0,413.12,22.5,0,0,3
ORD00920,5/2/2026,22:28:00,Saturday,Hyderabad,V011,Roti Roll Co.,Food Delivery,DRV038,9.02,Clear,0,169.39,55.9,1,0,2
ORD00921,6/17/2026,16:41:00,Wednesday,Hyderabad,V009,Sushi Central,Food Delivery,DRV060,1.94,Clear,0,697.21,29.5,0,0,4
ORD00922,6/4/2026,13:50:00,Thursday,Chennai,V003,Bowl & Broth,Food Delivery,DRV053,3.1,Clear,1,1304.42,28.5,0,0,5
ORD00923,1/8/2026,9:49:00,Thursday,Delhi,V005,Green Leaf Cafe,Grocery,DRV025,1.89,Clear,0,485.99,22.2,0,0,4
ORD00924,2/20/2026,11:12:00,Friday,Delhi,V005,Green Leaf Cafe,Food Delivery,DRV043,3.03,Clear,0,1019.71,31.1,0,0,4
ORD00925,5/14/2026,14:21:00,Thursday,Hyderabad,V009,Sushi Central,Food Delivery,DRV006,1.59,Clear,0,1095.66,18.8,0,0,5
ORD00926,3/2/2026,18:44:00,Monday,Hyderabad,V011,Roti Roll Co.,Food Delivery,DRV051,0.98,Clear,0,1198.68,20.6,0,0,3
ORD00927,1/6/2026,13:15:00,Tuesday,Chennai,V003,Bowl & Broth,Food Delivery,DRV054,1.98,Clear,1,763.61,20.3,0,0,5
ORD00928,5/23/2026,22:22:00,Saturday,Bengaluru,V008,Pizza Junction,Food Delivery,DRV038,2.65,Rain,0,551.17,38.2,0,0,5
ORD00929,1/27/2026,20:16:00,Tuesday,Bengaluru,V010,Bun Intended Burgers,Food Delivery,DRV003,7.52,Clear,1,895.24,51.6,1,0,4
ORD00930,6/9/2026,13:33:00,Tuesday,Chennai,V003,Bowl & Broth,Grocery,DRV029,1.41,Clear,1,826.43,19.4,0,0,5
ORD00931,3/11/2026,17:34:00,Wednesday,Hyderabad,V009,Sushi Central,Grocery,DRV054,5.39,Rain,0,307.16,56.2,1,0,3
ORD00932,5/16/2026,21:56:00,Saturday,Mumbai,V007,Wok This Way,Grocery,DRV021,5.16,Clear,1,120.31,40.2,0,0,3
ORD00933,4/12/2026,13:47:00,Sunday,Chennai,V002,Urban Tadka,Food Delivery,DRV017,0.97,Clear,1,348.09,16,0,0,5
ORD00934,3/17/2026,22:40:00,Tuesday,Chennai,V001,Spice Route Kitchen,Food Delivery,DRV048,3.66,Clear,0,1178.46,,0,1,
ORD00935,2/14/2026,20:06:00,Saturday,Chennai,V002,Urban Tadka,Food Delivery,DRV054,1.26,Clear,1,211.42,17.8,0,0,5
ORD00936,4/30/2026,14:38:00,Thursday,Chennai,V001,Spice Route Kitchen,Food Delivery,DRV004,6.22,Clear,0,1087.7,39.5,0,0,3
ORD00937,2/26/2026,11:40:00,Thursday,Delhi,V006,Tandoori Nights,Food Delivery,DRV016,1.32,Clear,0,964.8,22.3,0,0,4
ORD00938,6/16/2026,8:14:00,Tuesday,Hyderabad,V009,Sushi Central,Food Delivery,DRV019,3.08,Rain,0,1016.2,34,0,0,5
ORD00939,3/27/2026,14:51:00,Friday,Chennai,V002,Urban Tadka,Grocery,DRV013,1.17,Clear,0,786.5,24.3,0,0,5
ORD00940,1/17/2026,14:51:00,Saturday,Mumbai,V007,Wok This Way,Food Delivery,DRV049,4.44,Clear,0,143.3,34.1,0,0,2
ORD00941,1/13/2026,12:45:00,Tuesday,Hyderabad,V011,Roti Roll Co.,Food Delivery,DRV026,2.05,Clear,1,574.83,29.4,0,0,3
ORD00942,6/16/2026,9:03:00,Tuesday,Chennai,V003,Bowl & Broth,Pharmacy,DRV056,2.1,Clear,0,1017.92,21.6,0,0,5
ORD00943,4/18/2026,17:40:00,Saturday,Hyderabad,V009,Sushi Central,Food Delivery,DRV042,4.35,Clear,0,1322.02,29.8,0,0,4
ORD00944,6/3/2026,15:44:00,Wednesday,Mumbai,V012,Dosa Point,Grocery,DRV058,2.69,Clear,0,734.38,26.9,0,0,5
ORD00945,2/22/2026,19:16:00,Sunday,Bengaluru,V008,Pizza Junction,Food Delivery,DRV017,7.67,Clear,1,509.69,64.3,1,0,3
ORD00946,5/5/2026,15:31:00,Tuesday,Chennai,V001,Spice Route Kitchen,Food Delivery,DRV013,2.1,Clear,0,1115.6,31.7,0,0,4
ORD00947,2/12/2026,14:10:00,Thursday,Delhi,V006,Tandoori Nights,Food Delivery,DRV018,8.17,Clear,0,352.1,52.9,1,0,3
ORD00948,6/9/2026,17:48:00,Tuesday,Bengaluru,V010,Bun Intended Burgers,Food Delivery,DRV013,3.47,Clear,0,309.87,29.4,0,0,5
ORD00949,6/1/2026,21:07:00,Monday,Bengaluru,V004,Curry Express,Grocery,DRV057,1.83,Clear,1,1257.04,27.5,0,0,4
ORD00950,3/24/2026,14:10:00,Tuesday,Bengaluru,V008,Pizza Junction,Grocery,DRV015,6.55,Heavy Traffic Event,0,1107.2,55.3,1,0,3
ORD00951,1/17/2026,15:58:00,Saturday,Chennai,V003,Bowl & Broth,Food Delivery,DRV036,4.44,Heavy Traffic Event,0,1328.77,43.8,0,0,4
ORD00952,5/21/2026,21:41:00,Thursday,Delhi,V005,Green Leaf Cafe,Food Delivery,DRV049,1.35,Clear,1,965.95,19.8,0,0,4
ORD00953,5/30/2026,20:48:00,Saturday,Bengaluru,V010,Bun Intended Burgers,Food Delivery,DRV007,0.83,Clear,1,1094.95,19.4,0,0,5
ORD00954,1/10/2026,9:25:00,Saturday,Mumbai,V007,Wok This Way,Food Delivery,DRV028,1.21,Rain,0,990.48,19.9,0,0,3
ORD00955,4/20/2026,13:36:00,Monday,Hyderabad,V009,Sushi Central,Food Delivery,DRV046,6.27,Heavy Traffic Event,1,487.95,,0,1,
ORD00956,3/28/2026,13:29:00,Saturday,Chennai,V003,Bowl & Broth,Food Delivery,DRV019,3.63,Clear,1,685.89,30.3,0,0,4
ORD00957,6/9/2026,13:49:00,Tuesday,Chennai,V002,Urban Tadka,Food Delivery,DRV027,2.05,Heavy Traffic Event,1,1363.26,28.3,0,0,5
ORD00958,4/19/2026,17:02:00,Sunday,Chennai,V002,Urban Tadka,Grocery,DRV024,3.37,Clear,0,230.95,32.2,0,0,5
ORD00959,2/17/2026,13:04:00,Tuesday,Delhi,V005,Green Leaf Cafe,Food Delivery,DRV033,0.19,Clear,1,254.77,10,0,0,4
ORD00960,5/15/2026,13:04:00,Friday,Mumbai,V012,Dosa Point,Food Delivery,DRV007,1.4,Clear,1,543.3,26,0,0,5
ORD00961,6/9/2026,14:55:00,Tuesday,Chennai,V001,Spice Route Kitchen,Food Delivery,DRV050,2.3,Heavy Traffic Event,0,402.66,30.3,0,0,4
ORD00962,1/3/2026,18:18:00,Saturday,Bengaluru,V004,Curry Express,Food Delivery,DRV011,1.69,Clear,0,698.74,14.3,0,0,5
ORD00963,2/11/2026,17:19:00,Wednesday,Chennai,V002,Urban Tadka,Food Delivery,DRV051,2.49,Clear,0,791.84,22.8,0,0,5
ORD00964,4/12/2026,22:57:00,Sunday,Bengaluru,V008,Pizza Junction,Food Delivery,DRV056,0.56,Clear,0,199.32,21.2,0,0,5
ORD00965,5/3/2026,13:25:00,Sunday,Mumbai,V012,Dosa Point,Food Delivery,DRV008,5.87,Rain,1,335.16,57.5,1,0,4
ORD00966,3/28/2026,10:27:00,Saturday,Chennai,V002,Urban Tadka,Food Delivery,DRV050,6.36,Heavy Traffic Event,0,1204.99,48.8,1,0,5
ORD00967,6/28/2026,15:58:00,Sunday,Hyderabad,V011,Roti Roll Co.,Pharmacy,DRV048,5.94,Clear,0,352.42,42.4,0,0,3
ORD00968,1/2/2026,15:49:00,Friday,Bengaluru,V008,Pizza Junction,Food Delivery,DRV029,1.58,Heavy Traffic Event,0,872.07,23.2,0,0,5
ORD00969,3/1/2026,14:38:00,Sunday,Bengaluru,V008,Pizza Junction,Food Delivery,DRV013,1.01,Rain,0,469.7,18.1,0,0,5
ORD00970,4/6/2026,19:44:00,Monday,Chennai,V001,Spice Route Kitchen,Pharmacy,DRV031,5.9,Rain,1,502.5,62.9,1,0,3
ORD00971,1/6/2026,9:30:00,Tuesday,Delhi,V005,Green Leaf Cafe,Food Delivery,DRV033,1.35,Clear,0,827.89,17.6,0,0,3
ORD00972,6/7/2026,13:36:00,Sunday,Chennai,V002,Urban Tadka,Food Delivery,DRV042,2.76,Clear,1,1037.39,22.5,0,0,5
ORD00973,5/2/2026,19:56:00,Saturday,Mumbai,V012,Dosa Point,Food Delivery,DRV036,3.62,Clear,1,610.2,37.1,0,0,5
ORD00974,4/14/2026,16:21:00,Tuesday,Bengaluru,V010,Bun Intended Burgers,Food Delivery,DRV006,6.14,Clear,0,643.08,39.7,0,0,4
ORD00975,6/11/2026,13:20:00,Thursday,Chennai,V001,Spice Route Kitchen,Food Delivery,DRV046,3.66,Clear,1,315.65,39.4,0,0,4
ORD00976,6/24/2026,12:09:00,Wednesday,Chennai,V002,Urban Tadka,Food Delivery,DRV046,3.59,Clear,1,671.39,42.7,0,0,5
ORD00977,3/20/2026,15:32:00,Friday,Hyderabad,V011,Roti Roll Co.,Food Delivery,DRV015,3.05,Heavy Traffic Event,0,323.85,30.2,0,0,3
ORD00978,5/11/2026,9:33:00,Monday,Bengaluru,V010,Bun Intended Burgers,Food Delivery,DRV046,4.24,Clear,0,407.45,34.1,0,0,5
ORD00979,5/13/2026,13:00:00,Wednesday,Hyderabad,V009,Sushi Central,Food Delivery,DRV022,3.97,Rain,1,1258.94,43.2,0,0,4
ORD00980,3/24/2026,14:37:00,Tuesday,Hyderabad,V009,Sushi Central,Food Delivery,DRV023,1.05,Clear,0,408.71,21.3,0,0,5
ORD00981,4/11/2026,14:48:00,Saturday,Bengaluru,V008,Pizza Junction,Grocery,DRV040,3.8,Heavy Traffic Event,0,615.46,39.8,0,0,4
ORD00982,1/4/2026,15:19:00,Sunday,Chennai,V002,Urban Tadka,Food Delivery,DRV005,1.45,Clear,0,1312.31,14.9,0,0,5
ORD00983,3/20/2026,15:44:00,Friday,Bengaluru,V004,Curry Express,Grocery,DRV034,4.69,Clear,0,994.63,31.4,0,0,4
ORD00984,4/17/2026,15:49:00,Friday,Chennai,V003,Bowl & Broth,Grocery,DRV014,4.79,Clear,0,654.2,37.9,0,0,4
ORD00985,5/5/2026,18:02:00,Tuesday,Delhi,V005,Green Leaf Cafe,Grocery,DRV057,0.83,Clear,0,266.33,15.3,0,0,3
ORD00986,3/16/2026,8:43:00,Monday,Bengaluru,V004,Curry Express,Food Delivery,DRV026,0.52,Clear,0,679.82,17.7,0,0,4
ORD00987,6/11/2026,13:19:00,Thursday,Chennai,V001,Spice Route Kitchen,Food Delivery,DRV001,8.41,Clear,1,382.52,55,1,0,4
ORD00988,4/2/2026,9:04:00,Thursday,Chennai,V001,Spice Route Kitchen,Food Delivery,DRV053,3.23,Clear,0,977.3,25.5,0,0,5
ORD00989,6/15/2026,16:30:00,Monday,Bengaluru,V008,Pizza Junction,Food Delivery,DRV025,2.83,Heavy Traffic Event,0,1283.52,28.8,0,0,5
ORD00990,6/19/2026,19:49:00,Friday,Chennai,V003,Bowl & Broth,Grocery,DRV054,5.98,Clear,1,1251.26,36.6,0,0,5
ORD00991,4/13/2026,12:46:00,Monday,Mumbai,V012,Dosa Point,Food Delivery,DRV014,3.03,Clear,1,429.53,36.8,0,0,5
ORD00992,1/19/2026,14:45:00,Monday,Chennai,V003,Bowl & Broth,Food Delivery,DRV029,0.42,Clear,0,1053.01,11.4,0,0,5
ORD00993,1/27/2026,14:26:00,Tuesday,Delhi,V006,Tandoori Nights,Grocery,DRV024,4.55,Clear,0,974.73,37.3,0,0,4
ORD00994,4/9/2026,13:32:00,Thursday,Bengaluru,V008,Pizza Junction,Food Delivery,DRV023,1.03,Clear,1,400.74,18.5,0,0,5
ORD00995,4/19/2026,22:15:00,Sunday,Chennai,V001,Spice Route Kitchen,Grocery,DRV046,12.71,Clear,0,468.65,83.5,1,0,2
ORD00996,1/19/2026,16:18:00,Monday,Chennai,V002,Urban Tadka,Food Delivery,DRV027,4.58,Rain,0,1296.13,33.5,0,0,5
ORD00997,6/8/2026,22:17:00,Monday,Chennai,V001,Spice Route Kitchen,Food Delivery,DRV007,5.69,Clear,0,574.52,41.2,0,0,3
ORD00998,4/8/2026,10:43:00,Wednesday,Chennai,V003,Bowl & Broth,Food Delivery,DRV005,5.31,Clear,0,426.87,30.9,0,0,4
ORD00999,4/1/2026,11:40:00,Wednesday,Bengaluru,V004,Curry Express,Food Delivery,DRV041,3.3,Clear,0,977.51,26.6,0,0,4
ORD01000,2/8/2026,16:07:00,Sunday,Bengaluru,V004,Curry Express,Food Delivery,DRV021,9.07,Clear,0,878.85,46.6,1,0,4
ORD01001,3/25/2026,10:10:00,Wednesday,Delhi,V006,Tandoori Nights,Food Delivery,DRV034,0.46,Rain,0,740.72,24.5,0,0,3
ORD01002,3/17/2026,21:06:00,Tuesday,Mumbai,V012,Dosa Point,Food Delivery,DRV031,1.18,Clear,1,469.86,18.4,0,0,5
ORD01003,3/31/2026,21:57:00,Tuesday,Mumbai,V007,Wok This Way,Pharmacy,DRV002,2.42,Clear,1,1029.65,30.2,0,0,4
ORD01004,1/15/2026,17:13:00,Thursday,Hyderabad,V009,Sushi Central,Food Delivery,DRV041,1.52,Clear,0,991.11,23.1,0,0,4
ORD01005,5/13/2026,14:07:00,Wednesday,Bengaluru,V008,Pizza Junction,Grocery,DRV031,3.97,Rain,0,258.95,38.7,0,0,4
ORD01006,6/16/2026,11:16:00,Tuesday,Mumbai,V007,Wok This Way,Food Delivery,DRV058,3.35,Clear,0,133.53,34.8,0,0,4
ORD01007,6/26/2026,11:16:00,Friday,Chennai,V003,Bowl & Broth,Food Delivery,DRV054,0.1,Clear,0,234.09,,0,1,
ORD01008,2/4/2026,15:23:00,Wednesday,Hyderabad,V011,Roti Roll Co.,Food Delivery,DRV011,4.05,Clear,0,1244.27,34.5,0,0,3
ORD01009,2/17/2026,20:37:00,Tuesday,Bengaluru,V004,Curry Express,Grocery,DRV016,3.93,Heavy Traffic Event,1,1182.3,48.9,1,0,4
ORD01010,6/15/2026,15:06:00,Monday,Mumbai,V007,Wok This Way,Grocery,DRV034,0.26,Clear,0,1124.51,24,0,0,3
ORD01011,2/16/2026,19:16:00,Monday,Hyderabad,V009,Sushi Central,Pharmacy,DRV027,7.3,Clear,1,584.2,61.3,1,0,3
ORD01012,5/1/2026,20:33:00,Friday,Bengaluru,V004,Curry Express,Food Delivery,DRV019,9.42,Clear,1,644,67.7,1,0,3
ORD01013,4/28/2026,14:56:00,Tuesday,Chennai,V002,Urban Tadka,Food Delivery,DRV001,1.5,Rain,0,634.19,21.6,0,0,5
ORD01014,3/4/2026,20:41:00,Wednesday,Bengaluru,V008,Pizza Junction,Food Delivery,DRV047,1.03,Rain,1,1184.76,24,0,0,4
ORD01015,1/13/2026,22:41:00,Tuesday,Chennai,V002,Urban Tadka,Food Delivery,DRV024,4.04,Clear,0,641.64,26.8,0,0,5
ORD01016,1/10/2026,21:13:00,Saturday,Bengaluru,V010,Bun Intended Burgers,Grocery,DRV017,8.76,Heavy Traffic Event,1,364.12,90.4,1,0,2
ORD01017,3/19/2026,14:19:00,Thursday,Hyderabad,V009,Sushi Central,Food Delivery,DRV007,1.94,Clear,0,842.2,23.6,0,0,5
ORD01018,1/15/2026,17:08:00,Thursday,Chennai,V001,Spice Route Kitchen,Food Delivery,DRV036,0.68,Clear,0,294.57,,0,1,
ORD01019,1/27/2026,15:46:00,Tuesday,Hyderabad,V009,Sushi Central,Grocery,DRV036,5.37,Rain,0,376.65,44.8,0,0,4
ORD01020,5/9/2026,16:53:00,Saturday,Hyderabad,V009,Sushi Central,Grocery,DRV029,3.78,Clear,0,492.87,35.1,0,0,4
ORD01021,4/6/2026,17:36:00,Monday,Hyderabad,V009,Sushi Central,Food Delivery,DRV027,4.42,Rain,0,575.98,39.3,0,0,4
ORD01022,1/19/2026,14:02:00,Monday,Bengaluru,V008,Pizza Junction,Food Delivery,DRV039,1.13,Rain,0,1316.86,19,0,0,5
ORD01023,1/8/2026,21:03:00,Thursday,Chennai,V001,Spice Route Kitchen,Food Delivery,DRV046,2.95,Clear,1,1223.75,42.2,0,0,3
ORD01024,5/30/2026,9:19:00,Saturday,Bengaluru,V004,Curry Express,Food Delivery,DRV008,2.61,Clear,0,147.91,26,0,0,4
ORD01025,6/13/2026,19:44:00,Saturday,Mumbai,V007,Wok This Way,Food Delivery,DRV058,2.98,Clear,1,905.54,37.1,0,0,3
ORD01026,6/8/2026,14:22:00,Monday,Chennai,V002,Urban Tadka,Grocery,DRV008,2.37,Clear,0,1163.29,25.9,0,0,5
ORD01027,5/8/2026,14:44:00,Friday,Hyderabad,V009,Sushi Central,Food Delivery,DRV031,1.62,Clear,0,1349.57,20.8,0,0,4
ORD01028,3/7/2026,17:13:00,Saturday,Bengaluru,V010,Bun Intended Burgers,Food Delivery,DRV012,6.43,Clear,0,715.42,43.4,0,0,4
ORD01029,6/28/2026,20:41:00,Sunday,Chennai,V002,Urban Tadka,Food Delivery,DRV060,1.69,Rain,1,778.63,19.8,0,0,5
ORD01030,3/24/2026,13:12:00,Tuesday,Hyderabad,V009,Sushi Central,Grocery,DRV046,2.93,Heavy Traffic Event,1,182.12,34.3,0,0,4
ORD01031,2/13/2026,12:23:00,Friday,Chennai,V002,Urban Tadka,Grocery,DRV029,5.57,Heavy Traffic Event,1,1297.6,59.3,1,0,4
ORD01032,3/31/2026,13:54:00,Tuesday,Delhi,V006,Tandoori Nights,Grocery,DRV023,1.16,Heavy Traffic Event,1,850.31,28.1,0,0,3
ORD01033,3/28/2026,10:29:00,Saturday,Bengaluru,V008,Pizza Junction,Food Delivery,DRV033,1.87,Rain,0,386.1,39.3,0,0,4
ORD01034,4/20/2026,11:22:00,Monday,Mumbai,V007,Wok This Way,Food Delivery,DRV051,1.1,Clear,0,1357.27,19.3,0,0,3
ORD01035,1/24/2026,17:28:00,Saturday,Bengaluru,V008,Pizza Junction,Food Delivery,DRV044,4.51,Clear,0,819.28,49.6,1,0,5
ORD01036,4/6/2026,13:54:00,Monday,Chennai,V003,Bowl & Broth,Food Delivery,DRV038,5.75,Clear,1,258.88,41,0,0,5
ORD01037,2/15/2026,17:09:00,Sunday,Mumbai,V012,Dosa Point,Grocery,DRV049,2.56,Rain,0,1322.17,29.4,0,0,5
ORD01038,2/18/2026,15:02:00,Wednesday,Chennai,V003,Bowl & Broth,Food Delivery,DRV044,3.94,Clear,0,433.36,34.8,0,0,4
ORD01039,3/22/2026,21:30:00,Sunday,Chennai,V002,Urban Tadka,Food Delivery,DRV017,2.03,Clear,1,794.54,24,0,0,5
ORD01040,4/16/2026,22:18:00,Thursday,Bengaluru,V008,Pizza Junction,Food Delivery,DRV057,4.3,Clear,0,1123.99,38.3,0,0,4
ORD01041,1/22/2026,16:00:00,Thursday,Bengaluru,V008,Pizza Junction,Food Delivery,DRV022,4.91,Clear,0,874,41.8,0,0,5
ORD01042,1/7/2026,19:35:00,Wednesday,Hyderabad,V009,Sushi Central,Grocery,DRV030,1.72,Clear,1,210.76,27.1,0,0,5
ORD01043,3/14/2026,13:21:00,Saturday,Bengaluru,V008,Pizza Junction,Food Delivery,DRV002,1.55,Clear,1,668.03,26.4,0,0,5
ORD01044,5/7/2026,17:36:00,Thursday,Bengaluru,V004,Curry Express,Food Delivery,DRV011,3.04,Clear,0,520.75,23.6,0,0,4
ORD01045,1/20/2026,14:32:00,Tuesday,Mumbai,V007,Wok This Way,Grocery,DRV020,4.64,Clear,0,226.82,40.8,0,0,3
ORD01046,6/11/2026,22:38:00,Thursday,Hyderabad,V009,Sushi Central,Food Delivery,DRV010,3.08,Heavy Traffic Event,0,1058.04,35.9,0,0,4
ORD01047,2/16/2026,21:32:00,Monday,Bengaluru,V010,Bun Intended Burgers,Food Delivery,DRV051,5.6,Heavy Traffic Event,1,433.29,63.8,1,0,3
ORD01048,4/13/2026,15:25:00,Monday,Hyderabad,V009,Sushi Central,Food Delivery,DRV022,1.89,Clear,0,1030.11,23,0,0,4
ORD01049,6/6/2026,19:33:00,Saturday,Hyderabad,V009,Sushi Central,Food Delivery,DRV045,3.58,Clear,1,1224.38,32.6,0,0,4
ORD01050,5/25/2026,16:53:00,Monday,Mumbai,V007,Wok This Way,Food Delivery,DRV024,4.21,Clear,0,554.13,38.4,0,0,3
ORD01051,4/30/2026,12:53:00,Thursday,Chennai,V001,Spice Route Kitchen,Food Delivery,DRV010,0.47,Clear,1,622.1,19.7,0,0,5
ORD01052,4/12/2026,11:47:00,Sunday,Chennai,V001,Spice Route Kitchen,Food Delivery,DRV008,0.85,Clear,0,656.39,18.2,0,0,5
ORD01053,4/1/2026,14:10:00,Wednesday,Chennai,V003,Bowl & Broth,Food Delivery,DRV039,0.7,Clear,0,839.44,16.5,0,0,5
ORD01054,2/19/2026,15:40:00,Thursday,Delhi,V005,Green Leaf Cafe,Food Delivery,DRV032,2.23,Clear,0,191.1,19.8,0,0,3
ORD01055,5/17/2026,19:06:00,Sunday,Mumbai,V007,Wok This Way,Food Delivery,DRV024,1.36,Clear,1,168.33,27,0,0,3
ORD01056,2/21/2026,22:02:00,Saturday,Delhi,V005,Green Leaf Cafe,Food Delivery,DRV053,2.51,Clear,0,340.98,25.6,0,0,4
ORD01057,1/26/2026,13:32:00,Monday,Chennai,V003,Bowl & Broth,Food Delivery,DRV053,5.08,Clear,1,479.97,45.9,1,0,4
ORD01058,5/17/2026,15:31:00,Sunday,Bengaluru,V010,Bun Intended Burgers,Food Delivery,DRV037,2.78,Clear,0,1103.33,22.9,0,0,5
ORD01059,3/11/2026,9:23:00,Wednesday,Bengaluru,V004,Curry Express,Grocery,DRV017,0.57,Clear,0,1233.78,16.1,0,0,4
ORD01060,6/26/2026,14:43:00,Friday,Delhi,V006,Tandoori Nights,Food Delivery,DRV032,10.12,Heavy Traffic Event,0,927.89,97.1,1,0,1
ORD01061,1/1/2026,15:01:00,Thursday,Chennai,V003,Bowl & Broth,Food Delivery,DRV033,3.59,Clear,0,898.64,24.9,0,0,5
ORD01062,2/7/2026,16:58:00,Saturday,Delhi,V006,Tandoori Nights,Food Delivery,DRV018,2.59,Clear,0,964.42,31.1,0,0,4
ORD01063,2/7/2026,21:24:00,Saturday,Chennai,V002,Urban Tadka,Food Delivery,DRV034,1.5,Clear,1,312.02,23.2,0,0,5
ORD01064,3/6/2026,17:54:00,Friday,Delhi,V005,Green Leaf Cafe,Grocery,DRV001,3.06,Rain,0,185.51,28.6,0,0,3
ORD01065,2/20/2026,10:40:00,Friday,Bengaluru,V010,Bun Intended Burgers,Food Delivery,DRV044,5.46,Clear,0,569.78,47.7,1,0,4
ORD01066,5/21/2026,11:32:00,Thursday,Hyderabad,V009,Sushi Central,Food Delivery,DRV029,1.34,Rain,0,1028.2,21.7,0,0,4
ORD01067,6/26/2026,15:23:00,Friday,Hyderabad,V011,Roti Roll Co.,Food Delivery,DRV029,5.28,Rain,0,969.55,38.1,0,0,3
ORD01068,1/9/2026,12:23:00,Friday,Bengaluru,V010,Bun Intended Burgers,Food Delivery,DRV053,1.49,Rain,1,439.3,25.4,0,0,5
ORD01069,3/10/2026,22:26:00,Tuesday,Hyderabad,V009,Sushi Central,Pharmacy,DRV024,1.15,Heavy Traffic Event,0,661.21,23.5,0,0,4
ORD01070,6/10/2026,22:28:00,Wednesday,Delhi,V005,Green Leaf Cafe,Pharmacy,DRV019,2.98,Clear,0,358.48,35.8,0,0,3
ORD01071,1/13/2026,13:11:00,Tuesday,Delhi,V005,Green Leaf Cafe,Food Delivery,DRV002,3.62,Clear,1,413.53,31.2,0,0,4
ORD01072,4/28/2026,21:55:00,Tuesday,Delhi,V005,Green Leaf Cafe,Grocery,DRV012,0.72,Clear,1,1133.4,28.3,0,0,3
ORD01073,5/1/2026,17:33:00,Friday,Bengaluru,V010,Bun Intended Burgers,Grocery,DRV059,4.75,Heavy Traffic Event,0,867.19,47.7,1,0,4
ORD01074,6/25/2026,22:04:00,Thursday,Bengaluru,V008,Pizza Junction,Food Delivery,DRV008,2.33,Clear,0,1260.63,25.6,0,0,5
ORD01075,6/26/2026,20:50:00,Friday,Delhi,V006,Tandoori Nights,Pharmacy,DRV019,1.81,Clear,1,723.54,23.8,0,0,4
ORD01076,1/7/2026,18:16:00,Wednesday,Delhi,V006,Tandoori Nights,Food Delivery,DRV010,3.57,Heavy Traffic Event,0,1217.21,47.2,1,0,3
ORD01077,3/12/2026,17:40:00,Thursday,Delhi,V006,Tandoori Nights,Food Delivery,DRV054,4.06,Clear,0,138.34,28.6,0,0,4
ORD01078,5/10/2026,15:46:00,Sunday,Hyderabad,V009,Sushi Central,Grocery,DRV040,2.95,Rain,0,1241.05,36.5,0,0,4
ORD01079,5/14/2026,11:30:00,Thursday,Delhi,V006,Tandoori Nights,Food Delivery,DRV038,0.39,Clear,0,351.44,20.6,0,0,4
ORD01080,5/24/2026,18:07:00,Sunday,Chennai,V002,Urban Tadka,Food Delivery,DRV033,3.88,Clear,0,1282.73,32.2,0,0,5
ORD01081,1/1/2026,12:52:00,Thursday,Bengaluru,V004,Curry Express,Food Delivery,DRV019,7.75,Clear,1,431.89,64.2,1,0,4
ORD01082,1/8/2026,15:00:00,Thursday,Delhi,V005,Green Leaf Cafe,Food Delivery,DRV046,1.61,Clear,0,1020.8,18.4,0,0,4
ORD01083,4/27/2026,22:20:00,Monday,Delhi,V005,Green Leaf Cafe,Grocery,DRV017,0.48,Clear,0,716.66,17.3,0,0,4
ORD01084,1/23/2026,11:44:00,Friday,Bengaluru,V010,Bun Intended Burgers,Food Delivery,DRV007,3.38,Clear,0,1176.12,30.1,0,0,5
ORD01085,4/28/2026,13:25:00,Tuesday,Delhi,V005,Green Leaf Cafe,Grocery,DRV030,1.45,Clear,1,152.2,17.9,0,0,4
ORD01086,6/20/2026,11:35:00,Saturday,Chennai,V002,Urban Tadka,Food Delivery,DRV009,7.56,Clear,0,937.37,49.7,1,0,4
ORD01087,3/24/2026,22:02:00,Tuesday,Bengaluru,V008,Pizza Junction,Food Delivery,DRV031,2.44,Clear,0,797.28,27.3,0,0,5
ORD01088,6/12/2026,14:38:00,Friday,Chennai,V001,Spice Route Kitchen,Food Delivery,DRV032,4.93,Clear,0,561.58,46.1,1,0,3
ORD01089,5/3/2026,13:35:00,Sunday,Bengaluru,V004,Curry Express,Pharmacy,DRV024,1.34,Clear,1,803.41,22.5,0,0,4
ORD01090,5/3/2026,15:23:00,Sunday,Mumbai,V012,Dosa Point,Food Delivery,DRV006,1.53,Clear,0,329.95,23.7,0,0,5
ORD01091,5/10/2026,12:54:00,Sunday,Bengaluru,V004,Curry Express,Food Delivery,DRV039,5.54,Clear,1,207.62,44.1,0,0,5
ORD01092,5/27/2026,18:23:00,Wednesday,Chennai,V003,Bowl & Broth,Food Delivery,DRV051,2.8,Clear,0,663.2,25.4,0,0,5
ORD01093,3/10/2026,17:57:00,Tuesday,Bengaluru,V004,Curry Express,Food Delivery,DRV029,1.7,Heavy Traffic Event,0,952.62,21,0,0,4
ORD01094,6/9/2026,14:42:00,Tuesday,Bengaluru,V010,Bun Intended Burgers,Food Delivery,DRV044,0.88,Clear,0,209.13,20.8,0,0,4
ORD01095,4/23/2026,13:34:00,Thursday,Chennai,V003,Bowl & Broth,Food Delivery,DRV054,3.39,Clear,1,682.07,32,0,0,4
ORD01096,6/9/2026,11:37:00,Tuesday,Hyderabad,V011,Roti Roll Co.,Food Delivery,DRV015,3.57,Clear,0,1161.6,31.3,0,0,4
ORD01097,4/4/2026,22:03:00,Saturday,Bengaluru,V004,Curry Express,Food Delivery,DRV005,2.08,Clear,0,1048.87,26.2,0,0,4
ORD01098,5/27/2026,16:00:00,Wednesday,Hyderabad,V011,Roti Roll Co.,Food Delivery,DRV040,4.41,Rain,0,173.68,41.8,0,0,3
ORD01099,6/3/2026,10:29:00,Wednesday,Delhi,V005,Green Leaf Cafe,Grocery,DRV036,1.87,Clear,0,678.35,27.4,0,0,4
ORD01100,3/10/2026,20:38:00,Tuesday,Delhi,V005,Green Leaf Cafe,Food Delivery,DRV058,8.38,Clear,1,193.94,61.6,1,0,2
ORD01101,4/10/2026,16:58:00,Friday,Bengaluru,V010,Bun Intended Burgers,Food Delivery,DRV006,1.48,Clear,0,572.4,17.3,0,0,4
ORD01102,5/2/2026,13:45:00,Saturday,Bengaluru,V010,Bun Intended Burgers,Food Delivery,DRV038,1.55,Clear,1,845.32,18.8,0,0,5
ORD01103,6/21/2026,15:46:00,Sunday,Chennai,V003,Bowl & Broth,Food Delivery,DRV022,1.07,Rain,0,751.42,18.3,0,0,5
ORD01104,2/8/2026,12:14:00,Sunday,Mumbai,V012,Dosa Point,Food Delivery,DRV043,2.72,Clear,1,395.84,38.1,0,0,5
ORD01105,2/11/2026,12:37:00,Wednesday,Bengaluru,V008,Pizza Junction,Grocery,DRV015,3.53,Clear,1,776.27,51.5,1,0,4
ORD01106,3/3/2026,9:23:00,Tuesday,Chennai,V002,Urban Tadka,Grocery,DRV011,2.98,Rain,0,1193.94,27.9,0,0,5
ORD01107,5/21/2026,12:46:00,Thursday,Mumbai,V012,Dosa Point,Food Delivery,DRV036,0.89,Clear,1,728.51,27.4,0,0,5
ORD01108,1/14/2026,22:57:00,Wednesday,Chennai,V003,Bowl & Broth,Food Delivery,DRV035,1.87,Clear,0,1306.29,31.6,0,0,5
ORD01109,2/26/2026,14:36:00,Thursday,Hyderabad,V011,Roti Roll Co.,Food Delivery,DRV027,0.63,Clear,0,709.76,21.3,0,0,4
ORD01110,5/30/2026,16:30:00,Saturday,Bengaluru,V010,Bun Intended Burgers,Grocery,DRV012,2.75,Clear,0,1239.71,28.2,0,0,5
ORD01111,3/27/2026,17:37:00,Friday,Hyderabad,V011,Roti Roll Co.,Food Delivery,DRV046,4.31,Rain,0,682.13,39.9,0,0,4
ORD01112,4/5/2026,13:44:00,Sunday,Chennai,V002,Urban Tadka,Food Delivery,DRV047,5.39,Clear,1,286.68,43.5,0,0,5
ORD01113,3/20/2026,11:29:00,Friday,Chennai,V003,Bowl & Broth,Pharmacy,DRV036,2.45,Clear,0,174.52,33.7,0,0,4
ORD01114,1/26/2026,12:02:00,Monday,Mumbai,V007,Wok This Way,Food Delivery,DRV045,2.8,Rain,1,1185.98,44.4,0,0,3
ORD01115,5/4/2026,22:22:00,Monday,Bengaluru,V004,Curry Express,Grocery,DRV054,0.86,Clear,0,247.7,17,0,0,4
ORD01116,4/2/2026,11:34:00,Thursday,Chennai,V002,Urban Tadka,Food Delivery,DRV009,9.47,Clear,0,882.49,63.7,1,0,4
ORD01117,6/3/2026,20:43:00,Wednesday,Delhi,V005,Green Leaf Cafe,Food Delivery,DRV035,1.14,Clear,1,491.66,20.1,0,0,4
ORD01118,5/8/2026,22:40:00,Friday,Hyderabad,V009,Sushi Central,Food Delivery,DRV049,1.86,Clear,0,772.36,17.8,0,0,5
ORD01119,6/12/2026,8:50:00,Friday,Mumbai,V007,Wok This Way,Grocery,DRV012,1.64,Clear,0,1384.28,20.4,0,0,3
ORD01120,4/8/2026,15:57:00,Wednesday,Chennai,V001,Spice Route Kitchen,Food Delivery,DRV022,0.59,Clear,0,564.92,20.2,0,0,5
ORD01121,6/5/2026,14:09:00,Friday,Delhi,V005,Green Leaf Cafe,Grocery,DRV012,6.37,Clear,0,160.71,44.2,0,0,3
ORD01122,3/29/2026,15:19:00,Sunday,Bengaluru,V010,Bun Intended Burgers,Food Delivery,DRV059,1.16,Clear,0,1373.16,22.9,0,0,5
ORD01123,1/30/2026,10:09:00,Friday,Hyderabad,V009,Sushi Central,Pharmacy,DRV004,1.13,Clear,0,687.4,23.9,0,0,4
ORD01124,1/22/2026,21:55:00,Thursday,Chennai,V001,Spice Route Kitchen,Grocery,DRV015,2.21,Clear,1,469.21,35.7,0,0,5
ORD01125,4/20/2026,19:43:00,Monday,Delhi,V005,Green Leaf Cafe,Food Delivery,DRV019,1.96,Rain,1,1362.13,28.4,0,0,4
ORD01126,6/18/2026,12:38:00,Thursday,Chennai,V002,Urban Tadka,Food Delivery,DRV058,3.36,Clear,1,392.87,30.1,0,0,5
ORD01127,4/22/2026,13:51:00,Wednesday,Chennai,V002,Urban Tadka,Food Delivery,DRV055,5.13,Clear,1,808.42,37.6,0,0,5
ORD01128,6/10/2026,21:25:00,Wednesday,Mumbai,V007,Wok This Way,Food Delivery,DRV004,4.02,Rain,1,775.28,48.6,1,0,2
ORD01129,5/13/2026,14:17:00,Wednesday,Mumbai,V007,Wok This Way,Food Delivery,DRV005,6.36,Clear,0,350.12,51.4,1,0,3
ORD01130,5/30/2026,19:01:00,Saturday,Hyderabad,V009,Sushi Central,Food Delivery,DRV022,3.14,Rain,1,395.54,31.5,0,0,4
ORD01131,2/15/2026,14:38:00,Sunday,Delhi,V006,Tandoori Nights,Food Delivery,DRV013,1.35,Heavy Traffic Event,0,1314.17,23.4,0,0,4
ORD01132,4/17/2026,15:01:00,Friday,Bengaluru,V008,Pizza Junction,Food Delivery,DRV007,3.7,Clear,0,907.72,26.7,0,0,5
ORD01133,5/14/2026,22:27:00,Thursday,Chennai,V003,Bowl & Broth,Grocery,DRV046,3.46,Clear,0,792.48,31,0,0,5
ORD01134,5/3/2026,22:17:00,Sunday,Delhi,V005,Green Leaf Cafe,Food Delivery,DRV031,1.33,Clear,0,485.87,25.2,0,0,3
ORD01135,5/12/2026,20:44:00,Tuesday,Bengaluru,V004,Curry Express,Food Delivery,DRV026,9.53,Clear,1,815.97,66.1,1,0,4
ORD01136,6/28/2026,12:46:00,Sunday,Delhi,V006,Tandoori Nights,Food Delivery,DRV030,1.1,Clear,1,908.71,25.1,0,0,4
ORD01137,5/30/2026,22:06:00,Saturday,Delhi,V005,Green Leaf Cafe,Food Delivery,DRV038,3.85,Heavy Traffic Event,0,1339.57,35.7,0,0,3
ORD01138,4/21/2026,19:19:00,Tuesday,Chennai,V003,Bowl & Broth,Food Delivery,DRV019,3.43,Clear,1,1355.2,34.2,0,0,5
ORD01139,5/30/2026,13:25:00,Saturday,Chennai,V003,Bowl & Broth,Food Delivery,DRV038,2.06,Clear,1,1368.38,22,0,0,5
ORD01140,1/1/2026,22:18:00,Thursday,Delhi,V006,Tandoori Nights,Food Delivery,DRV036,1.58,Clear,0,705.29,17.4,0,0,3
ORD01141,6/9/2026,21:12:00,Tuesday,Chennai,V002,Urban Tadka,Grocery,DRV001,2.23,Clear,1,1067.86,25.2,0,0,5
ORD01142,4/22/2026,11:40:00,Wednesday,Chennai,V001,Spice Route Kitchen,Grocery,DRV017,1.16,Clear,0,369.03,20.4,0,0,4
ORD01143,4/19/2026,22:23:00,Sunday,Hyderabad,V011,Roti Roll Co.,Grocery,DRV022,0.88,Rain,0,637.42,13.6,0,0,3
ORD01144,2/15/2026,12:12:00,Sunday,Chennai,V001,Spice Route Kitchen,Food Delivery,DRV055,6.64,Clear,1,351.22,55.1,1,0,3
ORD01145,2/5/2026,13:37:00,Thursday,Hyderabad,V011,Roti Roll Co.,Food Delivery,DRV047,1.34,Clear,1,936.82,20.7,0,0,4
ORD01146,3/18/2026,15:50:00,Wednesday,Hyderabad,V011,Roti Roll Co.,Grocery,DRV045,0.25,Clear,0,1035.24,16.5,0,0,3
ORD01147,2/28/2026,15:36:00,Saturday,Bengaluru,V004,Curry Express,Food Delivery,DRV016,2.32,Clear,0,376.06,17.5,0,0,5
ORD01148,5/28/2026,16:44:00,Thursday,Mumbai,V007,Wok This Way,Food Delivery,DRV035,6.87,Clear,0,1102.52,45.6,1,0,3
ORD01149,5/20/2026,15:30:00,Wednesday,Delhi,V006,Tandoori Nights,Food Delivery,DRV059,4.72,Clear,0,919.72,39,0,0,4
ORD01150,6/20/2026,17:28:00,Saturday,Bengaluru,V008,Pizza Junction,Food Delivery,DRV031,2.36,Clear,0,1386.67,,0,1,
ORD01151,4/22/2026,17:12:00,Wednesday,Hyderabad,V009,Sushi Central,Grocery,DRV010,1.57,Clear,0,1119.74,19.8,0,0,4
ORD01152,2/18/2026,15:16:00,Wednesday,Chennai,V003,Bowl & Broth,Food Delivery,DRV042,4.11,Clear,0,298.91,30.8,0,0,5
ORD01153,5/3/2026,13:48:00,Sunday,Bengaluru,V004,Curry Express,Food Delivery,DRV007,0.8,Clear,1,1088.62,18.8,0,0,5
ORD01154,5/21/2026,13:44:00,Thursday,Mumbai,V007,Wok This Way,Pharmacy,DRV038,1.85,Clear,1,881.7,28.9,0,0,4
ORD01155,5/1/2026,14:28:00,Friday,Bengaluru,V010,Bun Intended Burgers,Food Delivery,DRV041,1.75,Clear,0,300.66,15.6,0,0,4
ORD01156,4/7/2026,17:54:00,Tuesday,Bengaluru,V008,Pizza Junction,Food Delivery,DRV009,1.68,Clear,0,1025.17,15.7,0,0,5
ORD01157,1/6/2026,11:28:00,Tuesday,Bengaluru,V010,Bun Intended Burgers,Food Delivery,DRV018,6.97,Clear,0,733.81,49.8,1,0,4
ORD01158,3/23/2026,15:04:00,Monday,Bengaluru,V004,Curry Express,Food Delivery,DRV025,2.64,Rain,0,620.77,32.8,0,0,4
ORD01159,1/13/2026,15:35:00,Tuesday,Hyderabad,V009,Sushi Central,Food Delivery,DRV057,2.03,Clear,0,293.63,21.8,0,0,5
ORD01160,3/1/2026,18:36:00,Sunday,Bengaluru,V004,Curry Express,Pharmacy,DRV033,2.62,Heavy Traffic Event,0,1208.65,33.2,0,0,4
ORD01161,4/25/2026,15:48:00,Saturday,Chennai,V002,Urban Tadka,Food Delivery,DRV015,0.5,Rain,0,1008.62,13.7,0,0,5
ORD01162,3/14/2026,11:32:00,Saturday,Bengaluru,V008,Pizza Junction,Food Delivery,DRV044,3.55,Clear,0,1015.6,33.4,0,0,5
ORD01163,5/12/2026,22:53:00,Tuesday,Chennai,V001,Spice Route Kitchen,Grocery,DRV040,1.07,Clear,0,297.11,24.6,0,0,4
ORD01164,2/14/2026,16:07:00,Saturday,Hyderabad,V009,Sushi Central,Food Delivery,DRV027,1.33,Clear,0,819.08,20,0,0,4
ORD01165,1/3/2026,19:02:00,Saturday,Bengaluru,V010,Bun Intended Burgers,Food Delivery,DRV051,1.27,Clear,1,1053.76,30.7,0,0,5
ORD01166,5/26/2026,17:53:00,Tuesday,Hyderabad,V009,Sushi Central,Food Delivery,DRV001,1.18,Clear,0,1055.73,22.5,0,0,4
ORD01167,2/17/2026,17:32:00,Tuesday,Delhi,V005,Green Leaf Cafe,Food Delivery,DRV039,2.13,Clear,0,1195.97,23.4,0,0,4
ORD01168,5/31/2026,19:19:00,Sunday,Delhi,V005,Green Leaf Cafe,Food Delivery,DRV023,1.32,Clear,1,1382.42,19.6,0,0,3
ORD01169,3/8/2026,18:21:00,Sunday,Hyderabad,V009,Sushi Central,Food Delivery,DRV039,6.33,Clear,0,457.64,56.7,1,0,3
ORD01170,4/25/2026,21:44:00,Saturday,Mumbai,V007,Wok This Way,Food Delivery,DRV048,2.14,Clear,1,456.04,30.5,0,0,4
ORD01171,1/15/2026,18:20:00,Thursday,Chennai,V001,Spice Route Kitchen,Food Delivery,DRV038,3.44,Clear,0,632.71,28.2,0,0,4
ORD01172,4/6/2026,15:33:00,Monday,Chennai,V001,Spice Route Kitchen,Food Delivery,DRV030,2.19,Clear,0,1234.37,26.5,0,0,4
ORD01173,4/2/2026,19:41:00,Thursday,Chennai,V003,Bowl & Broth,Food Delivery,DRV028,3.08,Clear,1,277.72,28.3,0,0,5
ORD01174,5/24/2026,17:51:00,Sunday,Delhi,V006,Tandoori Nights,Food Delivery,DRV040,6.04,Clear,0,865.47,54.4,1,0,3
ORD01175,1/26/2026,18:51:00,Monday,Chennai,V002,Urban Tadka,Food Delivery,DRV026,0.45,Clear,0,241.72,13.6,0,0,5
ORD01176,4/3/2026,21:37:00,Friday,Mumbai,V007,Wok This Way,Food Delivery,DRV023,6.3,Clear,1,771.66,54.1,1,0,3
ORD01177,2/24/2026,15:01:00,Tuesday,Bengaluru,V004,Curry Express,Food Delivery,DRV040,4.81,Clear,0,465.79,40,0,0,4
ORD01178,5/11/2026,16:07:00,Monday,Hyderabad,V011,Roti Roll Co.,Pharmacy,DRV019,1.05,Clear,0,750.27,14.4,0,0,4
ORD01179,2/16/2026,12:25:00,Monday,Hyderabad,V011,Roti Roll Co.,Food Delivery,DRV037,0.79,Rain,1,1070.81,,0,1,
ORD01180,5/29/2026,18:50:00,Friday,Delhi,V005,Green Leaf Cafe,Food Delivery,DRV040,7.63,Clear,0,1284.31,56.4,1,0,3
ORD01181,6/15/2026,13:32:00,Monday,Delhi,V005,Green Leaf Cafe,Food Delivery,DRV014,3.57,Clear,1,1024.96,31.6,0,0,4
ORD01182,6/25/2026,15:19:00,Thursday,Bengaluru,V008,Pizza Junction,Food Delivery,DRV044,1.99,Clear,0,986.26,25.1,0,0,5
ORD01183,2/1/2026,22:56:00,Sunday,Chennai,V001,Spice Route Kitchen,Food Delivery,DRV011,0.78,Clear,0,419.35,21.1,0,0,5
ORD01184,3/12/2026,16:58:00,Thursday,Chennai,V002,Urban Tadka,Pharmacy,DRV016,2.01,Clear,0,1075.42,25.1,0,0,5
ORD01185,6/16/2026,13:31:00,Tuesday,Bengaluru,V010,Bun Intended Burgers,Grocery,DRV027,2.59,Heavy Traffic Event,1,314.64,34.9,0,0,4
ORD01186,6/22/2026,22:16:00,Monday,Mumbai,V007,Wok This Way,Grocery,DRV008,0.4,Clear,0,1095.57,13.4,0,0,3
ORD01187,1/30/2026,14:53:00,Friday,Hyderabad,V011,Roti Roll Co.,Food Delivery,DRV050,1.49,Clear,0,309.96,21.9,0,0,3
ORD01188,5/9/2026,21:05:00,Saturday,Mumbai,V012,Dosa Point,Food Delivery,DRV020,3.33,Clear,1,390.02,30.2,0,0,5
ORD01189,6/15/2026,12:04:00,Monday,Bengaluru,V004,Curry Express,Food Delivery,DRV047,3.49,Clear,1,746.43,33.7,0,0,4
ORD01190,1/11/2026,17:45:00,Sunday,Bengaluru,V008,Pizza Junction,Food Delivery,DRV004,5.51,Clear,0,624.63,36.7,0,0,5
ORD01191,6/28/2026,12:56:00,Sunday,Chennai,V001,Spice Route Kitchen,Food Delivery,DRV052,5.74,Clear,1,1320.87,51.1,1,0,3
ORD01192,3/26/2026,11:15:00,Thursday,Bengaluru,V004,Curry Express,Food Delivery,DRV039,2.26,Clear,0,810.59,23.5,0,0,4
ORD01193,1/9/2026,11:38:00,Friday,Chennai,V002,Urban Tadka,Food Delivery,DRV033,2.58,Clear,0,162.13,17.2,0,0,5
ORD01194,2/12/2026,13:35:00,Thursday,Hyderabad,V009,Sushi Central,Pharmacy,DRV042,3.32,Clear,1,557.86,34.5,0,0,4
ORD01195,4/30/2026,22:48:00,Thursday,Bengaluru,V008,Pizza Junction,Food Delivery,DRV044,1.37,Clear,0,510.06,21.7,0,0,5
ORD01196,6/9/2026,15:45:00,Tuesday,Mumbai,V007,Wok This Way,Food Delivery,DRV060,1.21,Clear,0,165.99,26.8,0,0,4
ORD01197,5/13/2026,17:32:00,Wednesday,Bengaluru,V008,Pizza Junction,Grocery,DRV015,2.36,Rain,0,1329.78,34.3,0,0,5
ORD01198,6/1/2026,18:03:00,Monday,Mumbai,V007,Wok This Way,Food Delivery,DRV050,4.56,Clear,0,1397.32,32.1,0,0,4
ORD01199,5/1/2026,17:53:00,Friday,Delhi,V005,Green Leaf Cafe,Grocery,DRV041,0.6,Clear,0,1287.07,19.6,0,0,3
ORD01200,1/20/2026,22:33:00,Tuesday,Delhi,V005,Green Leaf Cafe,Food Delivery,DRV025,1.18,Clear,0,521.94,28.4,0,0,5
ORD01201,1/25/2026,10:22:00,Sunday,Chennai,V002,Urban Tadka,Food Delivery,DRV034,1.28,Clear,0,179.54,17.7,0,0,5
ORD01202,6/4/2026,20:04:00,Thursday,Delhi,V006,Tandoori Nights,Food Delivery,DRV005,2.2,Clear,1,1046.31,28.4,0,0,3
ORD01203,3/20/2026,12:02:00,Friday,Chennai,V001,Spice Route Kitchen,Food Delivery,DRV024,1.4,Clear,1,538.51,25,0,0,5
ORD01204,2/24/2026,13:54:00,Tuesday,Mumbai,V007,Wok This Way,Grocery,DRV045,4.6,Clear,1,1159.12,44.8,0,0,3
ORD01205,6/23/2026,22:22:00,Tuesday,Chennai,V001,Spice Route Kitchen,Food Delivery,DRV060,1.06,Clear,0,1291.56,24.2,0,0,5
ORD01206,6/15/2026,11:23:00,Monday,Chennai,V002,Urban Tadka,Food Delivery,DRV037,0.96,Clear,0,591.04,11.9,0,0,5
ORD01207,3/26/2026,17:25:00,Thursday,Bengaluru,V008,Pizza Junction,Grocery,DRV035,8.8,Clear,0,824.43,59.3,1,0,4
ORD01208,5/4/2026,14:36:00,Monday,Bengaluru,V008,Pizza Junction,Food Delivery,DRV021,1.65,Clear,0,631.83,21.3,0,0,5
ORD01209,1/27/2026,14:13:00,Tuesday,Mumbai,V007,Wok This Way,Food Delivery,DRV029,2.25,Rain,0,578.75,38.9,0,0,3
ORD01210,3/2/2026,11:11:00,Monday,Chennai,V003,Bowl & Broth,Food Delivery,DRV022,1.7,Heavy Traffic Event,0,305.26,25.5,0,0,5
ORD01211,4/11/2026,22:25:00,Saturday,Delhi,V005,Green Leaf Cafe,Food Delivery,DRV042,2.4,Clear,0,942.7,24.7,0,0,4
ORD01212,1/11/2026,16:40:00,Sunday,Hyderabad,V011,Roti Roll Co.,Pharmacy,DRV036,0.93,Clear,0,179.87,12.6,0,0,3
ORD01213,1/8/2026,16:07:00,Thursday,Bengaluru,V004,Curry Express,Food Delivery,DRV024,2.89,Clear,0,1074.33,19.3,0,0,4
ORD01214,4/7/2026,21:30:00,Tuesday,Hyderabad,V009,Sushi Central,Food Delivery,DRV044,1.88,Clear,1,1139.65,18,0,0,4
ORD01215,2/28/2026,19:19:00,Saturday,Mumbai,V012,Dosa Point,Food Delivery,DRV034,1.33,Clear,1,253.43,19.5,0,0,5
ORD01216,3/15/2026,22:17:00,Sunday,Bengaluru,V008,Pizza Junction,Food Delivery,DRV049,6.76,Clear,0,1102.54,52.1,1,0,4
ORD01217,5/24/2026,17:25:00,Sunday,Hyderabad,V009,Sushi Central,Food Delivery,DRV057,1.77,Clear,0,283.94,16.9,0,0,4
ORD01218,1/31/2026,22:18:00,Saturday,Hyderabad,V009,Sushi Central,Pharmacy,DRV041,6.07,Rain,0,511.46,59,1,0,4
ORD01219,4/30/2026,17:03:00,Thursday,Chennai,V001,Spice Route Kitchen,Pharmacy,DRV059,0.24,Clear,0,519.36,22.5,0,0,5
ORD01220,4/19/2026,14:20:00,Sunday,Delhi,V006,Tandoori Nights,Food Delivery,DRV051,3.34,Clear,0,841.85,35.2,0,0,4
ORD01221,3/4/2026,16:28:00,Wednesday,Hyderabad,V011,Roti Roll Co.,Grocery,DRV054,2.47,Clear,0,908.59,25.5,0,0,4
ORD01222,3/9/2026,14:07:00,Monday,Delhi,V005,Green Leaf Cafe,Food Delivery,DRV022,2.2,Rain,0,1099.02,31.8,0,0,3
ORD01223,2/28/2026,21:29:00,Saturday,Hyderabad,V009,Sushi Central,Food Delivery,DRV040,4.11,Clear,1,1235.05,38.8,0,0,4
ORD01224,5/5/2026,21:22:00,Tuesday,Bengaluru,V010,Bun Intended Burgers,Food Delivery,DRV034,0.97,Clear,1,430.65,18.6,0,0,5
ORD01225,4/25/2026,18:09:00,Saturday,Delhi,V006,Tandoori Nights,Grocery,DRV045,2.49,Clear,0,1248.82,28.8,0,0,3
ORD01226,1/21/2026,17:58:00,Wednesday,Bengaluru,V008,Pizza Junction,Food Delivery,DRV060,9.04,Clear,0,286.34,51.2,1,0,4
ORD01227,5/28/2026,18:50:00,Thursday,Chennai,V003,Bowl & Broth,Grocery,DRV053,1.84,Clear,0,711.34,15.1,0,0,5
ORD01228,3/14/2026,18:50:00,Saturday,Mumbai,V012,Dosa Point,Food Delivery,DRV033,1.33,Clear,0,784.31,24.2,0,0,5
ORD01229,1/27/2026,15:55:00,Tuesday,Delhi,V006,Tandoori Nights,Food Delivery,DRV055,3.54,Heavy Traffic Event,0,1352.84,36.7,0,0,3
ORD01230,4/30/2026,10:08:00,Thursday,Mumbai,V007,Wok This Way,Food Delivery,DRV019,5.32,Clear,0,262.3,43.4,0,0,3
ORD01231,6/12/2026,18:43:00,Friday,Bengaluru,V008,Pizza Junction,Food Delivery,DRV034,2.69,Rain,0,769.02,33,0,0,4
ORD01232,2/20/2026,15:34:00,Friday,Delhi,V006,Tandoori Nights,Food Delivery,DRV036,1.92,Clear,0,1094.09,27.3,0,0,4
ORD01233,3/5/2026,11:27:00,Thursday,Chennai,V003,Bowl & Broth,Food Delivery,DRV012,3.32,Clear,0,477.49,31.9,0,0,4
ORD01234,3/23/2026,8:23:00,Monday,Delhi,V005,Green Leaf Cafe,Food Delivery,DRV053,2.83,Clear,0,1058.2,26.8,0,0,4
ORD01235,2/9/2026,16:36:00,Monday,Delhi,V006,Tandoori Nights,Food Delivery,DRV038,1.6,Clear,0,585.7,12.1,0,0,4
ORD01236,2/25/2026,18:44:00,Wednesday,Bengaluru,V010,Bun Intended Burgers,Food Delivery,DRV018,4.7,Clear,0,1184.16,29.2,0,0,5
ORD01237,2/10/2026,20:49:00,Tuesday,Chennai,V003,Bowl & Broth,Food Delivery,DRV004,4.1,Clear,1,1091.73,30.8,0,0,5
ORD01238,4/19/2026,14:33:00,Sunday,Hyderabad,V011,Roti Roll Co.,Pharmacy,DRV051,3.95,Rain,0,1356.5,37,0,0,3
ORD01239,3/9/2026,22:16:00,Monday,Delhi,V005,Green Leaf Cafe,Food Delivery,DRV022,4.85,Clear,0,714.35,28.5,0,0,4
ORD01240,5/15/2026,15:40:00,Friday,Chennai,V002,Urban Tadka,Grocery,DRV031,4.62,Clear,0,709.93,38,0,0,5
ORD01241,3/7/2026,22:58:00,Saturday,Hyderabad,V011,Roti Roll Co.,Grocery,DRV008,1.86,Clear,0,1376.68,19.8,0,0,3
ORD01242,4/23/2026,15:42:00,Thursday,Bengaluru,V004,Curry Express,Food Delivery,DRV036,0.65,Heavy Traffic Event,0,540.94,17.3,0,0,4
ORD01243,4/12/2026,22:26:00,Sunday,Delhi,V005,Green Leaf Cafe,Food Delivery,DRV036,1.96,Clear,0,1107.93,30.2,0,0,3
ORD01244,4/17/2026,18:01:00,Friday,Delhi,V006,Tandoori Nights,Food Delivery,DRV048,1.24,Clear,0,851.82,22,0,0,3
ORD01245,3/23/2026,21:05:00,Monday,Bengaluru,V008,Pizza Junction,Pharmacy,DRV027,1.97,Clear,1,304.52,23.8,0,0,5
ORD01246,1/17/2026,16:05:00,Saturday,Hyderabad,V011,Roti Roll Co.,Food Delivery,DRV026,3.07,Clear,0,660.56,22.1,0,0,3
ORD01247,5/12/2026,14:12:00,Tuesday,Mumbai,V007,Wok This Way,Food Delivery,DRV036,2.59,Rain,0,455.09,31,0,0,3
ORD01248,4/1/2026,15:10:00,Wednesday,Bengaluru,V008,Pizza Junction,Food Delivery,DRV060,2.2,Clear,0,805.31,18,0,0,5
ORD01249,5/1/2026,13:42:00,Friday,Mumbai,V012,Dosa Point,Grocery,DRV051,4.43,Clear,1,836.93,35.8,0,0,5
ORD01250,3/11/2026,19:09:00,Wednesday,Bengaluru,V004,Curry Express,Food Delivery,DRV022,5.57,Clear,1,1054.88,39.4,0,0,4
ORD01251,5/23/2026,11:25:00,Saturday,Bengaluru,V004,Curry Express,Food Delivery,DRV018,1.7,Rain,0,977.08,31.6,0,0,5
ORD01252,5/31/2026,18:20:00,Sunday,Mumbai,V007,Wok This Way,Food Delivery,DRV055,3.01,Heavy Traffic Event,0,872.77,36.4,0,0,3
ORD01253,4/15/2026,12:28:00,Wednesday,Chennai,V002,Urban Tadka,Grocery,DRV015,2.36,Clear,1,393.36,15.9,0,0,5
ORD01254,6/29/2026,17:40:00,Monday,Chennai,V001,Spice Route Kitchen,Grocery,DRV044,0.63,Clear,0,855.4,21,0,0,5
ORD01255,4/18/2026,18:08:00,Saturday,Mumbai,V007,Wok This Way,Grocery,DRV049,3.08,Clear,0,1094.05,32.6,0,0,4
ORD01256,1/1/2026,15:54:00,Thursday,Delhi,V006,Tandoori Nights,Food Delivery,DRV015,1.68,Clear,0,1266.88,19.1,0,0,4
ORD01257,1/25/2026,15:02:00,Sunday,Bengaluru,V004,Curry Express,Food Delivery,DRV015,2.03,Clear,0,337.98,24.3,0,0,5
ORD01258,5/18/2026,11:38:00,Monday,Chennai,V003,Bowl & Broth,Grocery,DRV028,0.7,Clear,0,1227.68,16.7,0,0,5
ORD01259,2/14/2026,15:38:00,Saturday,Hyderabad,V011,Roti Roll Co.,Food Delivery,DRV037,2.51,Clear,0,196.68,24,0,0,3
ORD01260,4/10/2026,19:05:00,Friday,Bengaluru,V008,Pizza Junction,Grocery,DRV027,0.72,Clear,1,1086.84,14,0,0,5
ORD01261,2/20/2026,22:03:00,Friday,Mumbai,V007,Wok This Way,Food Delivery,DRV014,1.83,Clear,0,1316.1,36.1,0,0,3
ORD01262,2/17/2026,17:55:00,Tuesday,Chennai,V003,Bowl & Broth,Food Delivery,DRV037,4.01,Clear,0,1304.45,27.1,0,0,5
ORD01263,6/23/2026,13:49:00,Tuesday,Delhi,V005,Green Leaf Cafe,Pharmacy,DRV005,3.07,Heavy Traffic Event,1,125.6,41.9,0,0,3
ORD01264,5/13/2026,13:13:00,Wednesday,Mumbai,V007,Wok This Way,Food Delivery,DRV030,4.17,Clear,1,205.21,43.2,0,0,4
ORD01265,3/7/2026,17:40:00,Saturday,Chennai,V003,Bowl & Broth,Food Delivery,DRV026,2.08,Clear,0,1297.11,19.1,0,0,5
ORD01266,2/12/2026,12:04:00,Thursday,Bengaluru,V004,Curry Express,Food Delivery,DRV019,2.45,Clear,1,258.43,26.7,0,0,4
ORD01267,6/24/2026,15:13:00,Wednesday,Bengaluru,V004,Curry Express,Food Delivery,DRV053,5.16,Heavy Traffic Event,0,713.85,53.2,1,0,4
ORD01268,1/9/2026,11:46:00,Friday,Delhi,V006,Tandoori Nights,Food Delivery,DRV007,3.77,Clear,0,1378.6,37.1,0,0,4
ORD01269,6/19/2026,15:30:00,Friday,Delhi,V005,Green Leaf Cafe,Food Delivery,DRV039,0.84,Clear,0,835.52,21.2,0,0,3
ORD01270,6/18/2026,16:35:00,Thursday,Bengaluru,V010,Bun Intended Burgers,Food Delivery,DRV048,1.14,Clear,0,905.35,23.5,0,0,5
ORD01271,4/10/2026,12:47:00,Friday,Hyderabad,V011,Roti Roll Co.,Food Delivery,DRV010,1.51,Clear,1,1014.82,20.7,0,0,3
ORD01272,3/8/2026,15:03:00,Sunday,Hyderabad,V011,Roti Roll Co.,Grocery,DRV053,3.36,Clear,0,1083.84,49,1,0,3
ORD01273,5/30/2026,17:33:00,Saturday,Bengaluru,V010,Bun Intended Burgers,Food Delivery,DRV053,0.11,Clear,0,1227.67,13.3,0,0,5
ORD01274,6/21/2026,22:24:00,Sunday,Hyderabad,V011,Roti Roll Co.,Food Delivery,DRV048,4.34,Clear,0,1268.78,36,0,0,3
ORD01275,6/23/2026,14:09:00,Tuesday,Delhi,V006,Tandoori Nights,Food Delivery,DRV002,2.43,Clear,0,1335.14,26.6,0,0,3
ORD01276,4/5/2026,12:53:00,Sunday,Mumbai,V007,Wok This Way,Food Delivery,DRV058,3.03,Clear,1,967.52,46.6,1,0,3
ORD01277,3/15/2026,14:27:00,Sunday,Bengaluru,V008,Pizza Junction,Food Delivery,DRV054,5.61,Clear,0,389.85,47.4,1,0,4
ORD01278,3/31/2026,22:02:00,Tuesday,Chennai,V003,Bowl & Broth,Grocery,DRV031,1.7,Rain,0,486.51,15.3,0,0,5
ORD01279,5/19/2026,17:13:00,Tuesday,Chennai,V001,Spice Route Kitchen,Grocery,DRV055,1.93,Clear,0,931.89,28.1,0,0,4
ORD01280,3/13/2026,15:16:00,Friday,Delhi,V005,Green Leaf Cafe,Food Delivery,DRV040,0.68,Heavy Traffic Event,0,1175.92,21.1,0,0,3
ORD01281,1/5/2026,20:10:00,Monday,Bengaluru,V008,Pizza Junction,Food Delivery,DRV007,0.98,Rain,1,1329.98,15.1,0,0,5
ORD01282,1/16/2026,21:34:00,Friday,Chennai,V001,Spice Route Kitchen,Food Delivery,DRV017,3.21,Clear,1,888.8,38.2,0,0,4
ORD01283,4/28/2026,13:34:00,Tuesday,Delhi,V005,Green Leaf Cafe,Grocery,DRV014,0.58,Heavy Traffic Event,1,1297.67,20.7,0,0,3
ORD01284,1/11/2026,21:43:00,Sunday,Chennai,V002,Urban Tadka,Food Delivery,DRV037,1.1,Heavy Traffic Event,1,403.17,25.1,0,0,5
ORD01285,4/7/2026,19:34:00,Tuesday,Bengaluru,V008,Pizza Junction,Pharmacy,DRV001,0.97,Clear,1,185.94,18.9,0,0,5
ORD01286,3/16/2026,15:52:00,Monday,Mumbai,V012,Dosa Point,Food Delivery,DRV057,1.95,Heavy Traffic Event,0,568.41,32.1,0,0,5
ORD01287,3/24/2026,15:10:00,Tuesday,Bengaluru,V004,Curry Express,Food Delivery,DRV046,7.76,Clear,0,591.02,43.2,0,0,4
ORD01288,6/14/2026,22:56:00,Sunday,Hyderabad,V011,Roti Roll Co.,Food Delivery,DRV019,14.85,Clear,0,130.39,81.8,1,0,2
ORD01289,2/28/2026,15:26:00,Saturday,Chennai,V001,Spice Route Kitchen,Food Delivery,DRV040,1,Clear,0,615.65,21.4,0,0,4
ORD01290,4/4/2026,13:15:00,Saturday,Bengaluru,V004,Curry Express,Grocery,DRV033,6.72,Clear,1,1371.93,47.5,1,0,4
ORD01291,5/9/2026,16:50:00,Saturday,Bengaluru,V010,Bun Intended Burgers,Food Delivery,DRV002,2.28,Rain,0,595.63,18.7,0,0,4
ORD01292,1/14/2026,12:02:00,Wednesday,Delhi,V005,Green Leaf Cafe,Food Delivery,DRV035,4.25,Clear,1,364.9,49.8,1,0,3
ORD01293,6/26/2026,20:18:00,Friday,Chennai,V002,Urban Tadka,Pharmacy,DRV058,3.13,Clear,1,544.64,31.7,0,0,5
ORD01294,5/25/2026,21:57:00,Monday,Chennai,V002,Urban Tadka,Food Delivery,DRV016,3.43,Heavy Traffic Event,1,927.48,46.4,1,0,4
ORD01295,3/7/2026,18:43:00,Saturday,Chennai,V003,Bowl & Broth,Food Delivery,DRV030,2.48,Clear,0,1383.61,22.8,0,0,5
ORD01296,1/13/2026,12:25:00,Tuesday,Hyderabad,V011,Roti Roll Co.,Food Delivery,DRV058,2.37,Clear,1,901.41,19.7,0,0,4
ORD01297,6/8/2026,15:54:00,Monday,Mumbai,V007,Wok This Way,Grocery,DRV034,3.61,Clear,0,1260.24,31.4,0,0,3
ORD01298,6/10/2026,14:42:00,Wednesday,Chennai,V003,Bowl & Broth,Food Delivery,DRV020,2.95,Heavy Traffic Event,0,972.23,30.9,0,0,4
ORD01299,5/10/2026,15:44:00,Sunday,Bengaluru,V010,Bun Intended Burgers,Food Delivery,DRV014,2.18,Clear,0,1065.89,26.1,0,0,5
ORD01300,1/13/2026,14:27:00,Tuesday,Delhi,V005,Green Leaf Cafe,Food Delivery,DRV048,4.84,Clear,0,440.94,41,0,0,3
ORD01301,1/10/2026,11:01:00,Saturday,Chennai,V003,Bowl & Broth,Food Delivery,DRV041,3.39,Clear,0,328.81,28.9,0,0,4
ORD01302,5/26/2026,13:17:00,Tuesday,Delhi,V006,Tandoori Nights,Food Delivery,DRV035,3.82,Clear,1,704.08,31.9,0,0,3
ORD01303,3/14/2026,13:14:00,Saturday,Chennai,V002,Urban Tadka,Food Delivery,DRV050,0.77,Clear,1,1152.79,21,0,0,5
ORD01304,6/28/2026,16:21:00,Sunday,Chennai,V003,Bowl & Broth,Food Delivery,DRV032,1.25,Clear,0,889.4,23.2,0,0,4
ORD01305,6/6/2026,17:39:00,Saturday,Chennai,V002,Urban Tadka,Food Delivery,DRV001,2.49,Clear,0,269.64,26.6,0,0,5
ORD01306,3/29/2026,22:01:00,Sunday,Chennai,V001,Spice Route Kitchen,Food Delivery,DRV005,5.15,Heavy Traffic Event,0,643.71,54.6,1,0,3
ORD01307,4/19/2026,17:27:00,Sunday,Mumbai,V007,Wok This Way,Food Delivery,DRV052,0.97,Clear,0,888.01,18.6,0,0,4
ORD01308,3/25/2026,8:23:00,Wednesday,Mumbai,V012,Dosa Point,Food Delivery,DRV020,3,Clear,0,1354.48,23.4,0,0,5
ORD01309,2/1/2026,13:33:00,Sunday,Chennai,V001,Spice Route Kitchen,Food Delivery,DRV013,0.59,Clear,1,598.33,27.3,0,0,4
ORD01310,1/22/2026,12:04:00,Thursday,Bengaluru,V008,Pizza Junction,Food Delivery,DRV035,1.57,Clear,1,530.24,20.4,0,0,5
ORD01311,2/28/2026,14:23:00,Saturday,Bengaluru,V010,Bun Intended Burgers,Grocery,DRV029,0.96,Rain,0,333.49,19,0,0,4
ORD01312,4/4/2026,14:36:00,Saturday,Bengaluru,V010,Bun Intended Burgers,Grocery,DRV017,3.08,Clear,0,948.93,24.9,0,0,5
ORD01313,3/31/2026,11:35:00,Tuesday,Mumbai,V012,Dosa Point,Food Delivery,DRV025,2.13,Clear,0,1076.16,30.7,0,0,5
ORD01314,5/19/2026,16:01:00,Tuesday,Delhi,V005,Green Leaf Cafe,Food Delivery,DRV058,2.26,Heavy Traffic Event,0,985.87,37.8,0,0,3
ORD01315,3/31/2026,15:55:00,Tuesday,Delhi,V005,Green Leaf Cafe,Grocery,DRV013,3.95,Clear,0,420.46,32.1,0,0,4
ORD01316,2/27/2026,12:30:00,Friday,Hyderabad,V011,Roti Roll Co.,Food Delivery,DRV028,1.03,Heavy Traffic Event,1,408.42,21.6,0,0,3
ORD01317,5/17/2026,16:03:00,Sunday,Delhi,V006,Tandoori Nights,Grocery,DRV012,8.62,Clear,0,1036.65,56.9,1,0,2
ORD01318,6/12/2026,22:45:00,Friday,Mumbai,V007,Wok This Way,Food Delivery,DRV029,1.55,Rain,0,575.23,24.7,0,0,3
ORD01319,3/29/2026,22:42:00,Sunday,Chennai,V003,Bowl & Broth,Food Delivery,DRV018,1.71,Clear,0,1077.02,23.5,0,0,5
ORD01320,5/5/2026,12:06:00,Tuesday,Hyderabad,V011,Roti Roll Co.,Grocery,DRV003,1.28,Rain,1,305.41,21.9,0,0,3
ORD01321,2/27/2026,22:05:00,Friday,Bengaluru,V008,Pizza Junction,Food Delivery,DRV034,1.07,Clear,0,1274.73,16.3,0,0,5
ORD01322,1/11/2026,22:23:00,Sunday,Bengaluru,V010,Bun Intended Burgers,Grocery,DRV023,4.85,Rain,0,425.63,45.1,1,0,4
ORD01323,1/19/2026,15:33:00,Monday,Chennai,V001,Spice Route Kitchen,Food Delivery,DRV045,4.35,Heavy Traffic Event,0,328.72,39.3,0,0,3
ORD01324,6/21/2026,16:35:00,Sunday,Mumbai,V007,Wok This Way,Food Delivery,DRV031,3.53,Clear,0,174.84,32.3,0,0,3
ORD01325,4/23/2026,17:18:00,Thursday,Bengaluru,V008,Pizza Junction,Food Delivery,DRV045,3.6,Clear,0,209.74,32.3,0,0,5
ORD01326,3/26/2026,21:19:00,Thursday,Hyderabad,V009,Sushi Central,Food Delivery,DRV017,4.29,Rain,1,1153.67,45.5,1,0,4
ORD01327,5/12/2026,13:20:00,Tuesday,Bengaluru,V004,Curry Express,Food Delivery,DRV019,3.48,Clear,1,621.9,31.2,0,0,4
ORD01328,6/11/2026,14:11:00,Thursday,Hyderabad,V009,Sushi Central,Food Delivery,DRV041,3.07,Clear,0,148.34,27.4,0,0,5
ORD01329,4/12/2026,12:44:00,Sunday,Chennai,V002,Urban Tadka,Food Delivery,DRV054,2.12,Clear,1,1028,20.8,0,0,5
ORD01330,2/24/2026,13:52:00,Tuesday,Chennai,V002,Urban Tadka,Food Delivery,DRV031,5.12,Rain,1,1356.26,49.9,1,0,4
ORD01331,2/27/2026,12:56:00,Friday,Chennai,V002,Urban Tadka,Food Delivery,DRV032,8.18,Clear,1,209.71,54.4,1,0,4
ORD01332,1/30/2026,15:46:00,Friday,Bengaluru,V010,Bun Intended Burgers,Food Delivery,DRV040,7.32,Clear,0,376.86,47.7,1,0,4
ORD01333,5/15/2026,18:24:00,Friday,Mumbai,V012,Dosa Point,Food Delivery,DRV018,0.73,Clear,0,1121.13,22.1,0,0,5
ORD01334,4/23/2026,12:52:00,Thursday,Hyderabad,V009,Sushi Central,Food Delivery,DRV024,3.64,Heavy Traffic Event,1,1372.6,49.8,1,0,3
ORD01335,3/6/2026,17:56:00,Friday,Bengaluru,V008,Pizza Junction,Pharmacy,DRV055,2.41,Clear,0,1325.92,20.3,0,0,5
ORD01336,5/30/2026,14:03:00,Saturday,Hyderabad,V009,Sushi Central,Food Delivery,DRV017,2.38,Rain,0,1207.64,29.4,0,0,4
ORD01337,6/9/2026,11:03:00,Tuesday,Chennai,V003,Bowl & Broth,Grocery,DRV018,3.9,Clear,0,1032.23,26.9,0,0,5
ORD01338,4/26/2026,15:31:00,Sunday,Chennai,V003,Bowl & Broth,Food Delivery,DRV029,0.29,Clear,0,178.12,18.1,0,0,4
ORD01339,2/10/2026,22:32:00,Tuesday,Delhi,V006,Tandoori Nights,Food Delivery,DRV042,2.08,Clear,0,405.34,24.5,0,0,4
ORD01340,4/6/2026,9:28:00,Monday,Mumbai,V007,Wok This Way,Food Delivery,DRV014,1.85,Rain,0,196.85,29.5,0,0,3
ORD01341,5/15/2026,13:51:00,Friday,Chennai,V003,Bowl & Broth,Food Delivery,DRV055,2.53,Clear,1,481.37,23.5,0,0,5
ORD01342,6/25/2026,13:50:00,Thursday,Bengaluru,V004,Curry Express,Food Delivery,DRV019,5.52,Clear,1,350.65,41.5,0,0,4
ORD01343,2/25/2026,19:51:00,Wednesday,Chennai,V003,Bowl & Broth,Food Delivery,DRV002,1.79,Rain,1,895.14,20,0,0,5
ORD01344,1/22/2026,8:54:00,Thursday,Chennai,V003,Bowl & Broth,Food Delivery,DRV038,1.11,Rain,0,1333.71,14.8,0,0,5
ORD01345,6/15/2026,17:51:00,Monday,Hyderabad,V009,Sushi Central,Pharmacy,DRV056,2.67,Clear,0,879.65,25.4,0,0,5
ORD01346,1/20/2026,17:35:00,Tuesday,Delhi,V005,Green Leaf Cafe,Food Delivery,DRV060,0.47,Rain,0,1264.01,16.8,0,0,4
ORD01347,4/20/2026,14:13:00,Monday,Mumbai,V007,Wok This Way,Food Delivery,DRV031,2.11,Rain,0,495.42,19.7,0,0,3
ORD01348,5/10/2026,14:12:00,Sunday,Chennai,V003,Bowl & Broth,Grocery,DRV051,5.83,Clear,0,576.66,41.6,0,0,4
ORD01349,4/20/2026,15:22:00,Monday,Delhi,V006,Tandoori Nights,Grocery,DRV037,4.87,Clear,0,681.92,39,0,0,3
ORD01350,3/6/2026,19:20:00,Friday,Chennai,V002,Urban Tadka,Food Delivery,DRV008,3.63,Clear,1,216.31,,0,1,
ORD01351,5/30/2026,11:35:00,Saturday,Bengaluru,V010,Bun Intended Burgers,Pharmacy,DRV037,2.11,Clear,0,534.37,15.7,0,0,5
ORD01352,6/18/2026,14:19:00,Thursday,Mumbai,V007,Wok This Way,Food Delivery,DRV023,2,Clear,0,832.69,19.5,0,0,3
ORD01353,6/20/2026,14:05:00,Saturday,Chennai,V002,Urban Tadka,Food Delivery,DRV003,4.49,Clear,0,558.54,34.8,0,0,5
ORD01354,2/11/2026,21:48:00,Wednesday,Bengaluru,V004,Curry Express,Food Delivery,DRV047,2.46,Clear,1,1027.86,26.1,0,0,5
ORD01355,3/17/2026,13:42:00,Tuesday,Bengaluru,V010,Bun Intended Burgers,Food Delivery,DRV055,2.36,Clear,1,662.52,28.6,0,0,5
ORD01356,4/18/2026,16:54:00,Saturday,Chennai,V002,Urban Tadka,Food Delivery,DRV053,5.72,Clear,0,955.95,46.2,1,0,5
ORD01357,5/31/2026,12:03:00,Sunday,Bengaluru,V004,Curry Express,Grocery,DRV046,0.38,Clear,1,1252.25,17.6,0,0,4
ORD01358,6/24/2026,17:39:00,Wednesday,Chennai,V002,Urban Tadka,Food Delivery,DRV057,6.43,Clear,0,498.25,43.3,0,0,5
ORD01359,3/28/2026,12:22:00,Saturday,Bengaluru,V010,Bun Intended Burgers,Grocery,DRV035,4.62,Clear,1,485.58,42,0,0,4
ORD01360,1/16/2026,21:28:00,Friday,Mumbai,V007,Wok This Way,Grocery,DRV016,1.78,Rain,1,1213.05,30.9,0,0,3
ORD01361,4/19/2026,14:25:00,Sunday,Chennai,V001,Spice Route Kitchen,Food Delivery,DRV026,3.29,Clear,0,1246.47,,0,1,
ORD01362,4/29/2026,22:38:00,Wednesday,Hyderabad,V009,Sushi Central,Pharmacy,DRV060,0.7,Rain,0,339.35,25.3,0,0,5
ORD01363,6/14/2026,16:17:00,Sunday,Bengaluru,V008,Pizza Junction,Food Delivery,DRV011,2.81,Clear,0,210.77,,0,1,
ORD01364,4/26/2026,11:56:00,Sunday,Delhi,V005,Green Leaf Cafe,Food Delivery,DRV008,2.74,Rain,0,995.34,29.9,0,0,4
ORD01365,5/20/2026,15:40:00,Wednesday,Delhi,V005,Green Leaf Cafe,Food Delivery,DRV059,2.87,Clear,0,494.59,31.8,0,0,4
ORD01366,5/9/2026,12:00:00,Saturday,Bengaluru,V004,Curry Express,Food Delivery,DRV052,3.98,Rain,1,1374.26,43.6,0,0,4
ORD01367,6/9/2026,14:22:00,Tuesday,Hyderabad,V011,Roti Roll Co.,Food Delivery,DRV005,7.16,Clear,0,720.24,47.4,1,0,3
ORD01368,2/11/2026,21:09:00,Wednesday,Delhi,V006,Tandoori Nights,Food Delivery,DRV054,4.1,Clear,1,1182,35.5,0,0,4
ORD01369,6/13/2026,14:33:00,Saturday,Chennai,V002,Urban Tadka,Food Delivery,DRV060,0.23,Clear,0,1007.91,,0,1,
ORD01370,3/10/2026,22:20:00,Tuesday,Bengaluru,V008,Pizza Junction,Food Delivery,DRV060,1.68,Clear,0,1363.26,21.8,0,0,5
ORD01371,3/16/2026,19:04:00,Monday,Hyderabad,V009,Sushi Central,Grocery,DRV057,0.8,Clear,1,386.58,22.8,0,0,5
ORD01372,2/14/2026,12:43:00,Saturday,Chennai,V002,Urban Tadka,Food Delivery,DRV001,0.68,Heavy Traffic Event,1,789.04,22.1,0,0,4
ORD01373,1/12/2026,13:23:00,Monday,Bengaluru,V004,Curry Express,Food Delivery,DRV037,3.61,Clear,1,789.49,37.5,0,0,5
ORD01374,1/30/2026,14:43:00,Friday,Chennai,V001,Spice Route Kitchen,Food Delivery,DRV055,4.46,Clear,0,1248.47,40.5,0,0,4
ORD01375,3/22/2026,16:53:00,Sunday,Mumbai,V007,Wok This Way,Food Delivery,DRV007,2.27,Clear,0,737.94,,0,1,
ORD01376,2/22/2026,17:00:00,Sunday,Bengaluru,V004,Curry Express,Food Delivery,DRV007,1.03,Clear,0,766.44,24.5,0,0,4
ORD01377,4/5/2026,14:18:00,Sunday,Hyderabad,V009,Sushi Central,Food Delivery,DRV025,1.62,Clear,0,519.06,30.5,0,0,5
ORD01378,5/27/2026,9:32:00,Wednesday,Chennai,V001,Spice Route Kitchen,Food Delivery,DRV056,0.79,Clear,0,231.33,16.9,0,0,4
ORD01379,5/29/2026,16:28:00,Friday,Bengaluru,V008,Pizza Junction,Food Delivery,DRV049,5.97,Clear,0,588.93,45.8,1,0,4
ORD01380,2/23/2026,22:23:00,Monday,Hyderabad,V009,Sushi Central,Food Delivery,DRV055,3.07,Clear,0,1235.25,26.6,0,0,5
ORD01381,5/21/2026,22:21:00,Thursday,Hyderabad,V009,Sushi Central,Food Delivery,DRV013,5.97,Clear,0,281.05,39,0,0,4
ORD01382,3/28/2026,20:26:00,Saturday,Chennai,V002,Urban Tadka,Food Delivery,DRV048,1.18,Clear,1,480.61,16.5,0,0,5
ORD01383,2/24/2026,22:16:00,Tuesday,Bengaluru,V010,Bun Intended Burgers,Grocery,DRV047,1.78,Heavy Traffic Event,0,999.63,28.3,0,0,5
ORD01384,5/17/2026,16:02:00,Sunday,Delhi,V005,Green Leaf Cafe,Grocery,DRV031,1.96,Heavy Traffic Event,0,305.7,33.5,0,0,3
ORD01385,6/24/2026,22:22:00,Wednesday,Chennai,V003,Bowl & Broth,Food Delivery,DRV020,3.26,Clear,0,946.86,25.7,0,0,5
ORD01386,2/13/2026,19:39:00,Friday,Chennai,V001,Spice Route Kitchen,Pharmacy,DRV004,1.45,Clear,1,509.18,25.7,0,0,4
ORD01387,6/6/2026,11:21:00,Saturday,Delhi,V006,Tandoori Nights,Grocery,DRV030,1.02,Clear,0,345.21,16.9,0,0,4
ORD01388,5/5/2026,20:52:00,Tuesday,Mumbai,V012,Dosa Point,Food Delivery,DRV014,4.07,Clear,1,1124.34,39.4,0,0,5
ORD01389,4/2/2026,12:01:00,Thursday,Hyderabad,V011,Roti Roll Co.,Food Delivery,DRV020,2.31,Clear,1,1011.73,23.6,0,0,3
ORD01390,3/1/2026,15:27:00,Sunday,Hyderabad,V011,Roti Roll Co.,Food Delivery,DRV025,5.16,Rain,0,144.36,37.8,0,0,3
ORD01391,6/22/2026,16:58:00,Monday,Delhi,V005,Green Leaf Cafe,Pharmacy,DRV046,1.91,Clear,0,489.82,37.3,0,0,3
ORD01392,1/16/2026,17:15:00,Friday,Mumbai,V012,Dosa Point,Food Delivery,DRV036,1.22,Clear,0,1330.79,19,0,0,5
ORD01393,5/21/2026,12:05:00,Thursday,Mumbai,V007,Wok This Way,Pharmacy,DRV054,3.84,Clear,1,451.41,36.9,0,0,3
ORD01394,2/26/2026,8:00:00,Thursday,Mumbai,V012,Dosa Point,Food Delivery,DRV054,5.67,Clear,0,1096.26,42.1,0,0,4
ORD01395,4/17/2026,21:22:00,Friday,Hyderabad,V011,Roti Roll Co.,Food Delivery,DRV053,2.34,Rain,1,215.69,29.9,0,0,3
ORD01396,2/16/2026,18:41:00,Monday,Hyderabad,V011,Roti Roll Co.,Food Delivery,DRV006,2.47,Clear,0,1365.38,25.2,0,0,4
ORD01397,2/25/2026,21:12:00,Wednesday,Delhi,V005,Green Leaf Cafe,Grocery,DRV031,1.86,Clear,1,937.67,,0,1,
ORD01398,3/6/2026,14:08:00,Friday,Bengaluru,V008,Pizza Junction,Food Delivery,DRV045,6.52,Clear,0,529.37,56.4,1,0,3
ORD01399,4/15/2026,17:20:00,Wednesday,Hyderabad,V009,Sushi Central,Food Delivery,DRV004,2.18,Clear,0,1112.7,20.9,0,0,4
ORD01400,1/11/2026,15:53:00,Sunday,Chennai,V001,Spice Route Kitchen,Food Delivery,DRV007,1.54,Clear,0,1282.43,37.9,0,0,4
ORD01401,1/21/2026,19:44:00,Wednesday,Mumbai,V012,Dosa Point,Food Delivery,DRV002,1.47,Clear,1,867.31,24.8,0,0,5
ORD01402,4/11/2026,16:14:00,Saturday,Hyderabad,V011,Roti Roll Co.,Grocery,DRV053,4.74,Clear,0,661.32,39.4,0,0,3
ORD01403,4/3/2026,19:49:00,Friday,Chennai,V001,Spice Route Kitchen,Food Delivery,DRV006,0.72,Clear,1,460.77,26,0,0,4
ORD01404,2/1/2026,22:36:00,Sunday,Mumbai,V007,Wok This Way,Food Delivery,DRV059,3.07,Clear,0,757.06,28.1,0,0,3
ORD01405,2/10/2026,16:33:00,Tuesday,Mumbai,V012,Dosa Point,Food Delivery,DRV002,2.86,Heavy Traffic Event,0,705.37,34.1,0,0,5
ORD01406,5/20/2026,13:09:00,Wednesday,Chennai,V002,Urban Tadka,Food Delivery,DRV004,1.11,Clear,1,513.23,13.2,0,0,5
ORD01407,3/20/2026,22:50:00,Friday,Bengaluru,V008,Pizza Junction,Food Delivery,DRV043,1.02,Clear,0,1044.99,,0,1,
ORD01408,1/22/2026,15:27:00,Thursday,Hyderabad,V011,Roti Roll Co.,Food Delivery,DRV029,6.57,Clear,0,1156.73,38.3,0,0,3
ORD01409,3/24/2026,16:26:00,Tuesday,Hyderabad,V011,Roti Roll Co.,Food Delivery,DRV058,1.48,Rain,0,680.27,17.4,0,0,3
ORD01410,6/8/2026,20:27:00,Monday,Mumbai,V007,Wok This Way,Food Delivery,DRV041,0.59,Rain,1,571,21.8,0,0,3
ORD01411,1/2/2026,12:31:00,Friday,Bengaluru,V004,Curry Express,Food Delivery,DRV046,1.81,Clear,1,1314.45,26.4,0,0,4
ORD01412,3/12/2026,17:05:00,Thursday,Chennai,V003,Bowl & Broth,Grocery,DRV033,2.37,Clear,0,731.32,32.9,0,0,5
ORD01413,3/13/2026,11:15:00,Friday,Bengaluru,V008,Pizza Junction,Food Delivery,DRV054,4.15,Clear,0,1079.14,31.5,0,0,5
ORD01414,4/1/2026,20:48:00,Wednesday,Delhi,V005,Green Leaf Cafe,Grocery,DRV036,2.43,Clear,1,176.93,30.9,0,0,4
ORD01415,5/16/2026,13:09:00,Saturday,Delhi,V005,Green Leaf Cafe,Grocery,DRV020,4.67,Clear,1,961.93,43.9,0,0,3
ORD01416,5/8/2026,22:36:00,Friday,Hyderabad,V009,Sushi Central,Food Delivery,DRV018,1.64,Clear,0,189.17,19.4,0,0,5
ORD01417,2/24/2026,17:48:00,Tuesday,Mumbai,V012,Dosa Point,Food Delivery,DRV028,3.03,Clear,0,843.23,34,0,0,5
ORD01418,4/11/2026,14:20:00,Saturday,Bengaluru,V010,Bun Intended Burgers,Food Delivery,DRV060,1.33,Clear,0,298.43,21.2,0,0,4
ORD01419,2/21/2026,22:27:00,Saturday,Hyderabad,V009,Sushi Central,Food Delivery,DRV052,0.83,Rain,0,843.57,,0,1,
ORD01420,2/9/2026,18:02:00,Monday,Hyderabad,V009,Sushi Central,Grocery,DRV030,2,Rain,0,672.74,24.4,0,0,5
ORD01421,1/17/2026,15:17:00,Saturday,Bengaluru,V010,Bun Intended Burgers,Grocery,DRV006,3.05,Rain,0,1092.05,31,0,0,4
ORD01422,1/27/2026,13:25:00,Tuesday,Delhi,V006,Tandoori Nights,Food Delivery,DRV004,2.01,Clear,1,1246.48,29.5,0,0,4
ORD01423,6/15/2026,16:42:00,Monday,Chennai,V003,Bowl & Broth,Food Delivery,DRV001,4.47,Clear,0,755.36,35.3,0,0,5
ORD01424,2/4/2026,13:07:00,Wednesday,Chennai,V003,Bowl & Broth,Food Delivery,DRV055,4.87,Clear,1,1254.67,38.5,0,0,4
ORD01425,6/14/2026,8:21:00,Sunday,Bengaluru,V010,Bun Intended Burgers,Pharmacy,DRV034,1.74,Clear,0,590.43,31.8,0,0,4
ORD01426,1/16/2026,18:52:00,Friday,Mumbai,V012,Dosa Point,Food Delivery,DRV044,3.21,Clear,0,1053.44,34.1,0,0,5
ORD01427,6/16/2026,13:53:00,Tuesday,Delhi,V005,Green Leaf Cafe,Food Delivery,DRV004,1.4,Clear,1,1005.09,19.6,0,0,4
ORD01428,1/26/2026,21:06:00,Monday,Bengaluru,V004,Curry Express,Food Delivery,DRV024,2.31,Heavy Traffic Event,1,261.21,32.1,0,0,4
ORD01429,2/7/2026,17:36:00,Saturday,Bengaluru,V010,Bun Intended Burgers,Food Delivery,DRV033,3.27,Clear,0,816.63,30.5,0,0,5
ORD01430,4/16/2026,20:50:00,Thursday,Chennai,V003,Bowl & Broth,Food Delivery,DRV025,2.34,Rain,1,574.95,27.9,0,0,4
ORD01431,2/20/2026,12:18:00,Friday,Chennai,V002,Urban Tadka,Food Delivery,DRV003,2,Clear,1,348,23.9,0,0,5
ORD01432,1/4/2026,17:03:00,Sunday,Chennai,V002,Urban Tadka,Pharmacy,DRV016,1.58,Clear,0,1377.28,29.9,0,0,5
ORD01433,4/27/2026,16:10:00,Monday,Chennai,V002,Urban Tadka,Food Delivery,DRV016,5.52,Clear,0,1235.69,44.7,0,0,5
ORD01434,6/22/2026,21:42:00,Monday,Hyderabad,V011,Roti Roll Co.,Food Delivery,DRV039,2.54,Clear,1,131.11,,0,1,
ORD01435,1/9/2026,8:28:00,Friday,Bengaluru,V004,Curry Express,Food Delivery,DRV025,1.53,Clear,0,983.04,19.1,0,0,5
ORD01436,4/17/2026,15:34:00,Friday,Bengaluru,V010,Bun Intended Burgers,Food Delivery,DRV056,6.73,Clear,0,1361.8,48.9,1,0,4
ORD01437,3/12/2026,12:36:00,Thursday,Delhi,V006,Tandoori Nights,Food Delivery,DRV007,0.59,Clear,1,231.44,,0,1,
ORD01438,5/22/2026,12:44:00,Friday,Chennai,V001,Spice Route Kitchen,Food Delivery,DRV030,4.34,Heavy Traffic Event,1,392.6,56.1,1,0,4
ORD01439,3/5/2026,21:04:00,Thursday,Mumbai,V012,Dosa Point,Food Delivery,DRV025,1.73,Rain,1,489.38,29.8,0,0,5
ORD01440,6/23/2026,17:17:00,Tuesday,Hyderabad,V009,Sushi Central,Grocery,DRV004,2.85,Clear,0,607.33,34.5,0,0,4
ORD01441,5/20/2026,18:53:00,Wednesday,Bengaluru,V004,Curry Express,Pharmacy,DRV005,2.11,Clear,0,716.73,25.7,0,0,5
ORD01442,3/30/2026,15:30:00,Monday,Chennai,V003,Bowl & Broth,Food Delivery,DRV005,0.36,Rain,0,1126.26,15.1,0,0,5
ORD01443,3/27/2026,22:32:00,Friday,Chennai,V003,Bowl & Broth,Grocery,DRV015,2.51,Clear,0,684.51,16,0,0,5
ORD01444,6/27/2026,14:26:00,Saturday,Chennai,V001,Spice Route Kitchen,Food Delivery,DRV018,2.11,Clear,0,350.43,25.6,0,0,4
ORD01445,6/21/2026,14:31:00,Sunday,Mumbai,V007,Wok This Way,Food Delivery,DRV001,2.79,Clear,0,1025.93,,0,1,
ORD01446,5/15/2026,20:14:00,Friday,Delhi,V005,Green Leaf Cafe,Food Delivery,DRV020,7.75,Clear,1,876.08,67,1,0,2
ORD01447,5/19/2026,14:27:00,Tuesday,Hyderabad,V011,Roti Roll Co.,Food Delivery,DRV037,7.31,Clear,0,670.11,46.7,1,0,4
ORD01448,1/19/2026,8:18:00,Monday,Hyderabad,V009,Sushi Central,Food Delivery,DRV020,1.92,Clear,0,638.39,,0,1,
ORD01449,1/1/2026,19:20:00,Thursday,Chennai,V002,Urban Tadka,Grocery,DRV036,7.65,Clear,1,991.85,57.2,1,0,4
ORD01450,6/29/2026,19:57:00,Monday,Chennai,V002,Urban Tadka,Grocery,DRV060,1.36,Clear,1,1020.95,26.5,0,0,5
ORD01451,1/11/2026,16:02:00,Sunday,Mumbai,V012,Dosa Point,Food Delivery,DRV052,3,Clear,0,476.06,,0,1,
ORD01452,4/20/2026,15:54:00,Monday,Bengaluru,V008,Pizza Junction,Grocery,DRV042,3.16,Clear,0,1014.21,27.1,0,0,5
ORD01453,5/3/2026,19:56:00,Sunday,Delhi,V005,Green Leaf Cafe,Pharmacy,DRV040,5.12,Clear,1,519.53,44.6,0,0,3
ORD01454,6/21/2026,11:58:00,Sunday,Delhi,V005,Green Leaf Cafe,Food Delivery,DRV041,3.46,Clear,0,1198.68,28.1,0,0,3
ORD01455,4/28/2026,14:14:00,Tuesday,Hyderabad,V011,Roti Roll Co.,Food Delivery,DRV032,2.19,Rain,0,179.61,19.3,0,0,4
ORD01456,5/16/2026,15:08:00,Saturday,Hyderabad,V009,Sushi Central,Pharmacy,DRV014,2.29,Clear,0,349.78,27.4,0,0,4
ORD01457,3/27/2026,22:19:00,Friday,Hyderabad,V011,Roti Roll Co.,Food Delivery,DRV049,1.8,Clear,0,564.05,,0,1,
ORD01458,1/25/2026,14:54:00,Sunday,Bengaluru,V004,Curry Express,Food Delivery,DRV042,1.64,Clear,0,1289.36,18.6,0,0,5
ORD01459,5/18/2026,12:52:00,Monday,Mumbai,V007,Wok This Way,Food Delivery,DRV010,1.41,Clear,1,1255.34,18.5,0,0,4
ORD01460,3/21/2026,21:54:00,Saturday,Chennai,V003,Bowl & Broth,Food Delivery,DRV029,12.34,Clear,1,675.89,81,1,0,3
ORD01461,2/13/2026,20:10:00,Friday,Bengaluru,V004,Curry Express,Food Delivery,DRV057,6.83,Clear,1,1136.2,50.8,1,0,3
ORD01462,6/13/2026,16:47:00,Saturday,Chennai,V003,Bowl & Broth,Pharmacy,DRV023,1.76,Clear,0,786.55,20.1,0,0,5
ORD01463,3/17/2026,14:32:00,Tuesday,Mumbai,V007,Wok This Way,Food Delivery,DRV049,1.37,Clear,0,1326.52,21.6,0,0,4
ORD01464,3/12/2026,11:33:00,Thursday,Chennai,V001,Spice Route Kitchen,Food Delivery,DRV058,3.3,Clear,0,1145.93,32,0,0,4
ORD01465,3/24/2026,15:35:00,Tuesday,Bengaluru,V010,Bun Intended Burgers,Grocery,DRV018,2.49,Rain,0,471.85,18.1,0,0,4
ORD01466,4/26/2026,22:17:00,Sunday,Hyderabad,V011,Roti Roll Co.,Food Delivery,DRV015,4.08,Clear,0,1205.79,28.1,0,0,4
ORD01467,2/13/2026,16:26:00,Friday,Mumbai,V012,Dosa Point,Food Delivery,DRV041,4.62,Clear,0,454.58,31.7,0,0,5
ORD01468,5/10/2026,14:01:00,Sunday,Chennai,V003,Bowl & Broth,Food Delivery,DRV056,2.12,Clear,0,901,19.7,0,0,5
ORD01469,5/25/2026,22:57:00,Monday,Mumbai,V012,Dosa Point,Food Delivery,DRV036,6.77,Clear,0,685.86,51.5,1,0,5
ORD01470,1/24/2026,14:17:00,Saturday,Hyderabad,V009,Sushi Central,Food Delivery,DRV018,2.16,Clear,0,281.67,30.2,0,0,5
ORD01471,5/20/2026,15:37:00,Wednesday,Delhi,V005,Green Leaf Cafe,Food Delivery,DRV035,4.26,Heavy Traffic Event,0,1353.81,48.7,1,0,2
ORD01472,4/4/2026,13:55:00,Saturday,Delhi,V005,Green Leaf Cafe,Food Delivery,DRV017,1.81,Clear,1,372.65,18.3,0,0,4
ORD01473,6/5/2026,12:54:00,Friday,Mumbai,V007,Wok This Way,Grocery,DRV016,8.11,Clear,1,203.59,63.7,1,0,3
ORD01474,2/11/2026,13:13:00,Wednesday,Bengaluru,V008,Pizza Junction,Food Delivery,DRV037,1.37,Clear,1,146.15,19.7,0,0,5
ORD01475,2/24/2026,19:19:00,Tuesday,Delhi,V005,Green Leaf Cafe,Food Delivery,DRV032,0.26,Clear,1,189.92,15.2,0,0,3
ORD01476,1/3/2026,21:24:00,Saturday,Hyderabad,V011,Roti Roll Co.,Grocery,DRV021,2.71,Clear,1,933.75,24.6,0,0,4
ORD01477,4/10/2026,14:53:00,Friday,Chennai,V001,Spice Route Kitchen,Food Delivery,DRV053,1.85,Clear,0,906.58,29.4,0,0,5
ORD01478,4/4/2026,10:17:00,Saturday,Delhi,V005,Green Leaf Cafe,Food Delivery,DRV017,6.79,Heavy Traffic Event,0,824.18,48.3,1,0,3
ORD01479,6/9/2026,18:21:00,Tuesday,Hyderabad,V011,Roti Roll Co.,Grocery,DRV009,6,Clear,0,652.27,45,0,0,2
ORD01480,6/1/2026,20:42:00,Monday,Delhi,V005,Green Leaf Cafe,Food Delivery,DRV026,2.03,Rain,1,1063.64,29.1,0,0,4
ORD01481,3/5/2026,14:21:00,Thursday,Bengaluru,V008,Pizza Junction,Food Delivery,DRV047,6.14,Clear,0,673.58,44.2,0,0,4
ORD01482,4/23/2026,8:24:00,Thursday,Delhi,V005,Green Leaf Cafe,Food Delivery,DRV003,6.07,Clear,0,934.65,36,0,0,4
ORD01483,6/12/2026,20:10:00,Friday,Hyderabad,V011,Roti Roll Co.,Food Delivery,DRV057,5.44,Rain,1,1091.16,43.5,0,0,2
ORD01484,2/20/2026,18:06:00,Friday,Chennai,V003,Bowl & Broth,Food Delivery,DRV014,3.09,Clear,0,792.35,34,0,0,5
ORD01485,1/17/2026,21:32:00,Saturday,Hyderabad,V011,Roti Roll Co.,Grocery,DRV036,1.38,Rain,1,436.25,28.3,0,0,3
ORD01486,3/21/2026,12:57:00,Saturday,Bengaluru,V004,Curry Express,Food Delivery,DRV049,1.62,Clear,1,766.24,19.3,0,0,5
ORD01487,1/12/2026,12:08:00,Monday,Delhi,V005,Green Leaf Cafe,Food Delivery,DRV020,0.87,Clear,1,219.81,15.9,0,0,4
ORD01488,4/2/2026,22:33:00,Thursday,Delhi,V005,Green Leaf Cafe,Food Delivery,DRV051,8.42,Clear,0,1322.74,45.7,1,0,3
ORD01489,4/29/2026,15:18:00,Wednesday,Delhi,V006,Tandoori Nights,Grocery,DRV050,1.71,Clear,0,506.78,25.9,0,0,3
ORD01490,4/21/2026,14:47:00,Tuesday,Mumbai,V012,Dosa Point,Food Delivery,DRV058,2.95,Clear,0,657.54,26.4,0,0,5
ORD01491,1/17/2026,11:08:00,Saturday,Hyderabad,V011,Roti Roll Co.,Pharmacy,DRV018,3.8,Clear,0,1103.95,27.5,0,0,3
ORD01492,5/18/2026,21:35:00,Monday,Delhi,V005,Green Leaf Cafe,Food Delivery,DRV037,1.67,Clear,1,722.17,24.6,0,0,4
ORD01493,6/19/2026,18:46:00,Friday,Bengaluru,V010,Bun Intended Burgers,Food Delivery,DRV039,5.53,Clear,0,415.42,42.9,0,0,4
ORD01494,5/18/2026,12:14:00,Monday,Bengaluru,V010,Bun Intended Burgers,Food Delivery,DRV018,4.21,Heavy Traffic Event,1,510.16,58.8,1,0,3
ORD01495,5/22/2026,13:45:00,Friday,Bengaluru,V010,Bun Intended Burgers,Food Delivery,DRV049,5.84,Clear,1,363.92,45.6,1,0,4
ORD01496,4/16/2026,22:36:00,Thursday,Hyderabad,V011,Roti Roll Co.,Grocery,DRV047,6.51,Clear,0,735.43,44.5,0,0,3
ORD01497,2/20/2026,19:25:00,Friday,Hyderabad,V009,Sushi Central,Food Delivery,DRV003,3.43,Heavy Traffic Event,1,146.21,55,1,0,3
ORD01498,3/25/2026,22:42:00,Wednesday,Delhi,V006,Tandoori Nights,Food Delivery,DRV023,10.36,Rain,0,967.89,79.9,1,0,1
ORD01499,6/18/2026,17:13:00,Thursday,Mumbai,V007,Wok This Way,Pharmacy,DRV011,0.88,Clear,0,415.89,14.6,0,0,3
ORD01500,3/30/2026,13:29:00,Monday,Delhi,V006,Tandoori Nights,Food Delivery,DRV005,3.88,Clear,1,217.91,,0,1,
ORD01501,2/6/2026,15:41:00,Friday,Bengaluru,V008,Pizza Junction,Food Delivery,DRV028,2.61,Rain,0,1005.91,27.9,0,0,4
ORD01502,1/11/2026,21:48:00,Sunday,Chennai,V001,Spice Route Kitchen,Food Delivery,DRV013,3.37,Heavy Traffic Event,1,1358.58,42.3,0,0,3
ORD01503,2/8/2026,9:42:00,Sunday,Hyderabad,V011,Roti Roll Co.,Food Delivery,DRV008,4.12,Clear,0,567.97,26.6,0,0,3
ORD01504,4/3/2026,18:40:00,Friday,Bengaluru,V004,Curry Express,Grocery,DRV002,1.73,Clear,0,1063.84,20.1,0,0,5
ORD01505,3/14/2026,15:20:00,Saturday,Delhi,V005,Green Leaf Cafe,Food Delivery,DRV055,4.86,Rain,0,1084.91,37.6,0,0,4
ORD01506,3/27/2026,18:58:00,Friday,Chennai,V002,Urban Tadka,Food Delivery,DRV047,1.61,Rain,0,1299.67,25.7,0,0,5
ORD01507,3/7/2026,16:34:00,Saturday,Hyderabad,V011,Roti Roll Co.,Grocery,DRV011,4.56,Clear,0,1279.89,41.3,0,0,3
ORD01508,1/12/2026,21:57:00,Monday,Bengaluru,V004,Curry Express,Grocery,DRV055,1.3,Clear,1,1047.97,22,0,0,4
ORD01509,4/10/2026,12:00:00,Friday,Bengaluru,V010,Bun Intended Burgers,Food Delivery,DRV037,3.41,Clear,1,652.85,34.7,0,0,5
ORD01510,6/14/2026,21:47:00,Sunday,Mumbai,V007,Wok This Way,Food Delivery,DRV042,2.09,Clear,1,993.27,32.7,0,0,4
ORD01511,4/23/2026,22:49:00,Thursday,Chennai,V002,Urban Tadka,Food Delivery,DRV009,6.81,Clear,0,540.52,46.2,1,0,4
ORD01512,5/2/2026,15:19:00,Saturday,Bengaluru,V008,Pizza Junction,Food Delivery,DRV008,1.93,Clear,0,977.99,24.4,0,0,5
ORD01513,2/21/2026,8:47:00,Saturday,Hyderabad,V011,Roti Roll Co.,Food Delivery,DRV016,8.52,Clear,0,1139.57,48.5,1,0,2
ORD01514,4/18/2026,9:27:00,Saturday,Delhi,V005,Green Leaf Cafe,Grocery,DRV049,0.4,Clear,0,914.84,12.8,0,0,4
ORD01515,1/13/2026,17:16:00,Tuesday,Hyderabad,V011,Roti Roll Co.,Grocery,DRV010,0.75,Clear,0,1168.39,14.3,0,0,4
ORD01516,4/15/2026,14:06:00,Wednesday,Hyderabad,V009,Sushi Central,Food Delivery,DRV055,1.83,Clear,0,306.79,21.2,0,0,5
ORD01517,2/3/2026,14:02:00,Tuesday,Delhi,V006,Tandoori Nights,Grocery,DRV044,0.74,Clear,0,1010.61,23.7,0,0,3
ORD01518,3/29/2026,16:55:00,Sunday,Bengaluru,V004,Curry Express,Food Delivery,DRV053,3.15,Clear,0,1112.73,22.7,0,0,5
ORD01519,4/25/2026,22:57:00,Saturday,Mumbai,V007,Wok This Way,Food Delivery,DRV017,3.91,Clear,0,1155.84,31,0,0,4
ORD01520,2/24/2026,13:39:00,Tuesday,Chennai,V002,Urban Tadka,Grocery,DRV050,3,Clear,1,1181.71,22.4,0,0,5
ORD01521,1/21/2026,16:30:00,Wednesday,Bengaluru,V004,Curry Express,Food Delivery,DRV021,4.4,Clear,0,1322.01,35.7,0,0,4
ORD01522,6/28/2026,14:51:00,Sunday,Bengaluru,V008,Pizza Junction,Food Delivery,DRV026,3.07,Clear,0,614.69,27.9,0,0,5
ORD01523,6/19/2026,21:14:00,Friday,Chennai,V001,Spice Route Kitchen,Food Delivery,DRV059,1.93,Rain,1,1127.85,32.9,0,0,3
ORD01524,1/16/2026,16:15:00,Friday,Bengaluru,V004,Curry Express,Grocery,DRV023,3.63,Clear,0,1054.06,31.7,0,0,4
ORD01525,3/10/2026,22:04:00,Tuesday,Chennai,V003,Bowl & Broth,Food Delivery,DRV048,7.58,Clear,0,260.46,45.2,1,0,4
ORD01526,4/22/2026,15:29:00,Wednesday,Chennai,V003,Bowl & Broth,Food Delivery,DRV035,3.84,Clear,0,1388.99,29.1,0,0,5
ORD01527,1/29/2026,13:46:00,Thursday,Chennai,V001,Spice Route Kitchen,Food Delivery,DRV043,0.77,Clear,1,587.55,19.8,0,0,4
ORD01528,1/26/2026,13:16:00,Monday,Delhi,V005,Green Leaf Cafe,Grocery,DRV007,2.31,Clear,1,1127.48,,0,1,
ORD01529,5/7/2026,20:31:00,Thursday,Chennai,V001,Spice Route Kitchen,Food Delivery,DRV018,2.17,Clear,1,358.25,26.9,0,0,4
ORD01530,4/13/2026,13:07:00,Monday,Hyderabad,V011,Roti Roll Co.,Pharmacy,DRV045,1,Clear,1,276.17,,0,1,
ORD01531,5/2/2026,14:23:00,Saturday,Chennai,V003,Bowl & Broth,Grocery,DRV031,2.61,Clear,0,907.99,30.1,0,0,5
ORD01532,2/9/2026,17:54:00,Monday,Hyderabad,V009,Sushi Central,Food Delivery,DRV036,3.73,Rain,0,160.35,35.1,0,0,4
ORD01533,3/4/2026,12:49:00,Wednesday,Delhi,V005,Green Leaf Cafe,Food Delivery,DRV013,2.84,Clear,1,1043.76,32.9,0,0,4
ORD01534,4/26/2026,17:12:00,Sunday,Mumbai,V007,Wok This Way,Food Delivery,DRV046,1.95,Clear,0,381.87,29.3,0,0,4
ORD01535,1/12/2026,22:15:00,Monday,Bengaluru,V008,Pizza Junction,Grocery,DRV028,1.81,Clear,0,353.6,21.9,0,0,5
ORD01536,1/13/2026,15:07:00,Tuesday,Bengaluru,V010,Bun Intended Burgers,Food Delivery,DRV060,2.21,Clear,0,695.83,20.4,0,0,5
ORD01537,6/3/2026,15:28:00,Wednesday,Bengaluru,V010,Bun Intended Burgers,Food Delivery,DRV045,1.1,Clear,0,561.01,17.1,0,0,5
ORD01538,5/14/2026,19:49:00,Thursday,Bengaluru,V008,Pizza Junction,Food Delivery,DRV036,2.91,Clear,1,784.54,33.7,0,0,5
ORD01539,4/22/2026,21:01:00,Wednesday,Hyderabad,V011,Roti Roll Co.,Food Delivery,DRV033,2.48,Clear,1,1304.86,21,0,0,3
ORD01540,4/25/2026,15:55:00,Saturday,Chennai,V003,Bowl & Broth,Grocery,DRV051,3.46,Clear,0,223.52,,0,1,
ORD01541,1/24/2026,13:07:00,Saturday,Hyderabad,V009,Sushi Central,Food Delivery,DRV020,4.35,Heavy Traffic Event,1,402.07,49.8,1,0,3
ORD01542,5/6/2026,12:37:00,Wednesday,Mumbai,V012,Dosa Point,Grocery,DRV019,4.2,Rain,1,674.69,55.7,1,0,4
ORD01543,6/21/2026,8:21:00,Sunday,Hyderabad,V009,Sushi Central,Food Delivery,DRV029,1.98,Clear,0,148.48,26,0,0,5
ORD01544,6/9/2026,14:33:00,Tuesday,Hyderabad,V011,Roti Roll Co.,Food Delivery,DRV060,1.14,Clear,0,289.16,17.5,0,0,4
ORD01545,1/26/2026,16:13:00,Monday,Chennai,V001,Spice Route Kitchen,Pharmacy,DRV030,3.09,Clear,0,718.16,30.7,0,0,4
ORD01546,1/15/2026,9:45:00,Thursday,Chennai,V001,Spice Route Kitchen,Food Delivery,DRV004,2.19,Clear,0,975.81,31.1,0,0,4
ORD01547,6/8/2026,17:17:00,Monday,Chennai,V001,Spice Route Kitchen,Food Delivery,DRV001,7.98,Clear,0,958.95,52,1,0,4
ORD01548,2/20/2026,16:09:00,Friday,Delhi,V005,Green Leaf Cafe,Pharmacy,DRV002,0.68,Rain,0,1360.66,18.9,0,0,4
ORD01549,4/3/2026,15:30:00,Friday,Bengaluru,V010,Bun Intended Burgers,Food Delivery,DRV028,8.45,Rain,0,418.5,60.3,1,0,3
ORD01550,2/18/2026,11:10:00,Wednesday,Chennai,V002,Urban Tadka,Pharmacy,DRV013,5.31,Clear,0,410.16,35.6,0,0,5
ORD01551,2/17/2026,13:23:00,Tuesday,Mumbai,V007,Wok This Way,Food Delivery,DRV026,1.32,Clear,1,811.32,21.5,0,0,4
ORD01552,2/28/2026,17:58:00,Saturday,Bengaluru,V004,Curry Express,Grocery,DRV023,6.49,Clear,0,1050.84,54,1,0,4
ORD01553,3/14/2026,15:28:00,Saturday,Bengaluru,V004,Curry Express,Grocery,DRV004,2.29,Clear,0,968.8,20.6,0,0,5
ORD01554,5/14/2026,11:09:00,Thursday,Chennai,V001,Spice Route Kitchen,Food Delivery,DRV047,0.77,Clear,0,212.14,25,0,0,5
ORD01555,6/1/2026,20:13:00,Monday,Mumbai,V007,Wok This Way,Food Delivery,DRV042,5.52,Clear,1,653.54,54.5,1,0,3
ORD01556,1/4/2026,22:45:00,Sunday,Chennai,V003,Bowl & Broth,Food Delivery,DRV041,1.33,Clear,0,1333.3,17.6,0,0,5
ORD01557,3/4/2026,17:52:00,Wednesday,Bengaluru,V008,Pizza Junction,Food Delivery,DRV048,6.8,Clear,0,289.59,47.1,1,0,4
ORD01558,3/24/2026,15:55:00,Tuesday,Hyderabad,V011,Roti Roll Co.,Food Delivery,DRV051,2.94,Rain,0,1308.53,38.3,0,0,3
ORD01559,6/12/2026,12:42:00,Friday,Chennai,V003,Bowl & Broth,Food Delivery,DRV047,1.87,Clear,1,1034.39,24.4,0,0,5
ORD01560,4/7/2026,17:47:00,Tuesday,Mumbai,V007,Wok This Way,Food Delivery,DRV002,6.12,Rain,0,592.49,57.1,1,0,2
ORD01561,5/17/2026,15:19:00,Sunday,Bengaluru,V004,Curry Express,Food Delivery,DRV042,6.7,Clear,0,872.77,,0,1,
ORD01562,2/11/2026,22:06:00,Wednesday,Bengaluru,V004,Curry Express,Food Delivery,DRV048,0.75,Clear,0,610.39,17.7,0,0,5
ORD01563,6/24/2026,22:26:00,Wednesday,Mumbai,V012,Dosa Point,Food Delivery,DRV023,1.82,Clear,0,469.54,25.3,0,0,5
ORD01564,5/26/2026,19:47:00,Tuesday,Hyderabad,V011,Roti Roll Co.,Food Delivery,DRV043,2.03,Clear,1,1373.46,23.4,0,0,3
ORD01565,2/15/2026,14:52:00,Sunday,Chennai,V003,Bowl & Broth,Food Delivery,DRV050,2.98,Rain,0,232.09,22.5,0,0,5
ORD01566,1/12/2026,15:35:00,Monday,Chennai,V003,Bowl & Broth,Grocery,DRV030,0.32,Clear,0,222.42,10.3,0,0,4
ORD01567,6/21/2026,16:42:00,Sunday,Hyderabad,V011,Roti Roll Co.,Food Delivery,DRV046,2.01,Clear,0,536.85,19.7,0,0,4
ORD01568,5/17/2026,14:04:00,Sunday,Bengaluru,V010,Bun Intended Burgers,Food Delivery,DRV033,2.15,Clear,0,1345.68,,0,1,
ORD01569,6/26/2026,16:14:00,Friday,Bengaluru,V010,Bun Intended Burgers,Pharmacy,DRV054,1.98,Clear,0,938.18,29.3,0,0,5
ORD01570,5/6/2026,22:42:00,Wednesday,Delhi,V006,Tandoori Nights,Grocery,DRV023,1.5,Clear,0,157.69,19.9,0,0,4
ORD01571,4/4/2026,13:00:00,Saturday,Hyderabad,V011,Roti Roll Co.,Food Delivery,DRV038,2.43,Clear,1,1052.85,33.6,0,0,3
ORD01572,6/28/2026,16:19:00,Sunday,Bengaluru,V010,Bun Intended Burgers,Food Delivery,DRV015,1.09,Clear,0,757.31,17.1,0,0,5
ORD01573,5/6/2026,15:45:00,Wednesday,Chennai,V001,Spice Route Kitchen,Pharmacy,DRV050,3.71,Rain,0,1306.37,43.5,0,0,4
ORD01574,6/17/2026,22:25:00,Wednesday,Hyderabad,V011,Roti Roll Co.,Food Delivery,DRV021,2.58,Clear,0,1256.79,21.6,0,0,3
ORD01575,3/19/2026,13:48:00,Thursday,Mumbai,V012,Dosa Point,Grocery,DRV053,0.93,Clear,1,641.74,27.3,0,0,5
ORD01576,1/27/2026,13:03:00,Tuesday,Delhi,V006,Tandoori Nights,Food Delivery,DRV011,2.75,Heavy Traffic Event,1,222.58,43.8,0,0,3
ORD01577,1/8/2026,14:03:00,Thursday,Delhi,V006,Tandoori Nights,Food Delivery,DRV026,1.38,Clear,0,512.05,19.6,0,0,3
ORD01578,3/8/2026,17:13:00,Sunday,Bengaluru,V008,Pizza Junction,Grocery,DRV002,1.48,Clear,0,1096.66,26.1,0,0,4
ORD01579,4/30/2026,15:09:00,Thursday,Chennai,V001,Spice Route Kitchen,Pharmacy,DRV046,0.88,Clear,0,1347.58,21.4,0,0,4
ORD01580,5/26/2026,12:22:00,Tuesday,Hyderabad,V009,Sushi Central,Food Delivery,DRV055,1.38,Clear,1,1331.49,27.5,0,0,5
ORD01581,1/7/2026,19:22:00,Wednesday,Chennai,V002,Urban Tadka,Pharmacy,DRV035,2.18,Clear,1,1092.83,23.3,0,0,5
ORD01582,5/12/2026,13:15:00,Tuesday,Hyderabad,V011,Roti Roll Co.,Food Delivery,DRV003,2.4,Clear,1,1180.57,29.7,0,0,3
ORD01583,2/5/2026,16:34:00,Thursday,Chennai,V003,Bowl & Broth,Food Delivery,DRV029,1.94,Clear,0,216.53,18.8,0,0,5
ORD01584,4/26/2026,13:46:00,Sunday,Chennai,V001,Spice Route Kitchen,Food Delivery,DRV032,0.97,Clear,1,206.89,19.7,0,0,4
ORD01585,4/13/2026,14:42:00,Monday,Mumbai,V012,Dosa Point,Food Delivery,DRV012,5,Clear,0,451.66,46.3,1,0,4
ORD01586,4/11/2026,20:12:00,Saturday,Bengaluru,V010,Bun Intended Burgers,Food Delivery,DRV031,2.09,Rain,1,124.43,32,0,0,4
ORD01587,4/4/2026,16:43:00,Saturday,Bengaluru,V008,Pizza Junction,Food Delivery,DRV047,1.09,Rain,0,542.17,16.6,0,0,5
ORD01588,5/12/2026,9:23:00,Tuesday,Delhi,V006,Tandoori Nights,Food Delivery,DRV059,2.71,Clear,0,417.28,28.4,0,0,4
ORD01589,2/25/2026,16:24:00,Wednesday,Chennai,V002,Urban Tadka,Food Delivery,DRV008,2.01,Clear,0,724.34,,0,1,
ORD01590,5/16/2026,22:25:00,Saturday,Chennai,V001,Spice Route Kitchen,Food Delivery,DRV054,1.33,Clear,0,913.86,20.3,0,0,4
ORD01591,5/28/2026,15:30:00,Thursday,Hyderabad,V009,Sushi Central,Food Delivery,DRV009,2.05,Rain,0,1169.95,40.8,0,0,4
ORD01592,2/8/2026,22:52:00,Sunday,Chennai,V003,Bowl & Broth,Food Delivery,DRV011,1.02,Clear,0,561.05,15.7,0,0,5
ORD01593,1/20/2026,20:43:00,Tuesday,Chennai,V003,Bowl & Broth,Grocery,DRV008,0.8,Clear,1,1280.8,25,0,0,5
ORD01594,2/27/2026,11:26:00,Friday,Delhi,V005,Green Leaf Cafe,Food Delivery,DRV004,4.96,Clear,0,380.78,38.5,0,0,4
ORD01595,4/7/2026,22:06:00,Tuesday,Chennai,V003,Bowl & Broth,Food Delivery,DRV058,1.19,Heavy Traffic Event,0,1344.29,18.4,0,0,4
ORD01596,3/18/2026,14:58:00,Wednesday,Bengaluru,V010,Bun Intended Burgers,Food Delivery,DRV045,0.24,Clear,0,668.91,13.8,0,0,5
ORD01597,6/20/2026,16:03:00,Saturday,Chennai,V002,Urban Tadka,Food Delivery,DRV043,6.12,Clear,0,464.73,44.5,0,0,5
ORD01598,6/19/2026,15:57:00,Friday,Bengaluru,V004,Curry Express,Food Delivery,DRV025,2.52,Clear,0,318.44,18.5,0,0,5
ORD01599,3/13/2026,22:06:00,Friday,Mumbai,V007,Wok This Way,Food Delivery,DRV004,1.68,Rain,0,955.66,27,0,0,3
ORD01600,4/22/2026,16:53:00,Wednesday,Hyderabad,V009,Sushi Central,Food Delivery,DRV026,8.91,Clear,0,1154.38,59,1,0,3
ORD01601,2/17/2026,13:20:00,Tuesday,Bengaluru,V004,Curry Express,Food Delivery,DRV043,4.54,Clear,1,884.06,35.3,0,0,5
ORD01602,3/28/2026,21:07:00,Saturday,Hyderabad,V011,Roti Roll Co.,Food Delivery,DRV011,2.31,Clear,1,850.68,23.6,0,0,4
ORD01603,3/26/2026,21:00:00,Thursday,Delhi,V006,Tandoori Nights,Food Delivery,DRV012,6.06,Heavy Traffic Event,1,430.87,67.4,1,0,2
ORD01604,1/29/2026,13:29:00,Thursday,Bengaluru,V008,Pizza Junction,Food Delivery,DRV013,1.69,Rain,1,815.65,31.3,0,0,5
ORD01605,5/11/2026,15:49:00,Monday,Chennai,V001,Spice Route Kitchen,Food Delivery,DRV039,3.08,Heavy Traffic Event,0,784.11,32.4,0,0,3
ORD01606,5/24/2026,13:04:00,Sunday,Mumbai,V007,Wok This Way,Pharmacy,DRV042,4.98,Clear,1,189.98,39.7,0,0,3
ORD01607,3/27/2026,16:06:00,Friday,Bengaluru,V008,Pizza Junction,Food Delivery,DRV048,3.42,Clear,0,248.1,39.8,0,0,5
ORD01608,1/31/2026,21:54:00,Saturday,Bengaluru,V010,Bun Intended Burgers,Food Delivery,DRV022,4.39,Clear,1,560.23,38.9,0,0,5
ORD01609,2/19/2026,22:05:00,Thursday,Delhi,V006,Tandoori Nights,Grocery,DRV022,1.71,Clear,0,795.88,21.2,0,0,4
ORD01610,6/17/2026,12:52:00,Wednesday,Hyderabad,V009,Sushi Central,Food Delivery,DRV027,0.63,Clear,1,256.88,21.3,0,0,4
ORD01611,1/6/2026,18:46:00,Tuesday,Mumbai,V012,Dosa Point,Grocery,DRV005,0.43,Clear,0,674.52,12.9,0,0,5
ORD01612,3/29/2026,20:31:00,Sunday,Chennai,V001,Spice Route Kitchen,Grocery,DRV019,2.31,Clear,1,653,26.9,0,0,4
ORD01613,1/11/2026,17:18:00,Sunday,Bengaluru,V008,Pizza Junction,Food Delivery,DRV048,1.03,Clear,0,798.7,14.5,0,0,5
ORD01614,2/19/2026,21:16:00,Thursday,Chennai,V001,Spice Route Kitchen,Food Delivery,DRV023,5.99,Rain,1,268.5,52.5,1,0,3
ORD01615,4/18/2026,12:00:00,Saturday,Hyderabad,V011,Roti Roll Co.,Food Delivery,DRV035,8.67,Heavy Traffic Event,1,903.15,92.4,1,0,1
ORD01616,1/11/2026,18:02:00,Sunday,Bengaluru,V010,Bun Intended Burgers,Food Delivery,DRV057,3.91,Rain,0,321.54,42.7,0,0,4
ORD01617,5/12/2026,20:12:00,Tuesday,Mumbai,V007,Wok This Way,Food Delivery,DRV004,0.67,Clear,1,1288.44,18.5,0,0,3
ORD01618,6/17/2026,18:34:00,Wednesday,Hyderabad,V009,Sushi Central,Pharmacy,DRV041,1.09,Clear,0,942.59,24.5,0,0,5
ORD01619,1/5/2026,13:25:00,Monday,Delhi,V006,Tandoori Nights,Food Delivery,DRV015,4.65,Clear,1,1369.63,41.5,0,0,3
ORD01620,2/23/2026,20:31:00,Monday,Bengaluru,V008,Pizza Junction,Grocery,DRV042,1.53,Clear,1,1150.22,24.9,0,0,5
ORD01621,2/3/2026,13:05:00,Tuesday,Mumbai,V007,Wok This Way,Food Delivery,DRV038,6.03,Clear,1,717.71,63.6,1,0,3
ORD01622,2/18/2026,15:38:00,Wednesday,Hyderabad,V011,Roti Roll Co.,Food Delivery,DRV018,2.17,Clear,0,586.51,,0,1,
ORD01623,4/16/2026,15:50:00,Thursday,Bengaluru,V004,Curry Express,Food Delivery,DRV024,0.29,Rain,0,866.98,15.5,0,0,4
ORD01624,4/13/2026,15:43:00,Monday,Delhi,V005,Green Leaf Cafe,Grocery,DRV054,5.02,Clear,0,630.85,32.9,0,0,3
ORD01625,1/3/2026,21:40:00,Saturday,Delhi,V006,Tandoori Nights,Pharmacy,DRV022,1.31,Clear,1,405.14,17.5,0,0,4
ORD01626,5/5/2026,14:14:00,Tuesday,Mumbai,V012,Dosa Point,Food Delivery,DRV051,2.5,Clear,0,955.37,33.4,0,0,5
ORD01627,5/16/2026,13:37:00,Saturday,Chennai,V002,Urban Tadka,Food Delivery,DRV033,0.59,Clear,1,1355.9,14.3,0,0,5
ORD01628,4/29/2026,9:14:00,Wednesday,Bengaluru,V010,Bun Intended Burgers,Grocery,DRV012,8.6,Rain,0,1050.63,62.1,1,0,4
ORD01629,6/18/2026,9:00:00,Thursday,Mumbai,V007,Wok This Way,Food Delivery,DRV015,0.79,Clear,0,883.31,20.2,0,0,4
ORD01630,6/5/2026,13:21:00,Friday,Bengaluru,V008,Pizza Junction,Food Delivery,DRV032,1.87,Heavy Traffic Event,1,1137.07,27.8,0,0,4
ORD01631,1/8/2026,15:03:00,Thursday,Delhi,V005,Green Leaf Cafe,Food Delivery,DRV052,4.61,Clear,0,165.94,31.2,0,0,3
ORD01632,5/15/2026,15:07:00,Friday,Bengaluru,V004,Curry Express,Food Delivery,DRV059,1.46,Clear,0,779.44,22.8,0,0,5
ORD01633,2/19/2026,16:37:00,Thursday,Bengaluru,V004,Curry Express,Food Delivery,DRV007,5.33,Clear,0,909.34,41.9,0,0,4
ORD01634,3/28/2026,13:55:00,Saturday,Chennai,V003,Bowl & Broth,Grocery,DRV047,4.41,Clear,1,863.48,30.4,0,0,5
ORD01635,1/9/2026,12:16:00,Friday,Hyderabad,V009,Sushi Central,Food Delivery,DRV048,0.51,Clear,1,1156.01,22.3,0,0,5
ORD01636,2/1/2026,22:24:00,Sunday,Chennai,V002,Urban Tadka,Food Delivery,DRV025,0.68,Clear,0,323.4,21.6,0,0,5
ORD01637,3/8/2026,21:01:00,Sunday,Bengaluru,V010,Bun Intended Burgers,Pharmacy,DRV014,3.74,Clear,1,989.62,27.6,0,0,4
ORD01638,3/8/2026,22:47:00,Sunday,Hyderabad,V009,Sushi Central,Food Delivery,DRV032,2.92,Clear,0,1311.87,36.3,0,0,5
ORD01639,4/27/2026,20:08:00,Monday,Hyderabad,V011,Roti Roll Co.,Grocery,DRV003,3.56,Clear,1,1064.88,35.5,0,0,4
ORD01640,6/12/2026,20:00:00,Friday,Chennai,V001,Spice Route Kitchen,Food Delivery,DRV038,5.3,Clear,1,1312.93,55.7,1,0,3
ORD01641,2/10/2026,15:43:00,Tuesday,Bengaluru,V004,Curry Express,Pharmacy,DRV028,1.92,Clear,0,787,20.8,0,0,4
ORD01642,5/21/2026,15:58:00,Thursday,Delhi,V005,Green Leaf Cafe,Food Delivery,DRV010,4.87,Clear,0,608.35,38.2,0,0,3
ORD01643,2/17/2026,13:51:00,Tuesday,Bengaluru,V010,Bun Intended Burgers,Food Delivery,DRV022,1.69,Clear,1,1234.36,19.1,0,0,4
ORD01644,3/16/2026,13:45:00,Monday,Bengaluru,V008,Pizza Junction,Food Delivery,DRV047,6.15,Rain,1,926.15,61.5,1,0,4
ORD01645,2/18/2026,15:26:00,Wednesday,Hyderabad,V009,Sushi Central,Food Delivery,DRV030,1.61,Clear,0,713.27,27.4,0,0,5
ORD01646,6/18/2026,20:58:00,Thursday,Bengaluru,V010,Bun Intended Burgers,Food Delivery,DRV032,1.16,Rain,1,476.78,18.3,0,0,5
ORD01647,6/9/2026,21:35:00,Tuesday,Hyderabad,V011,Roti Roll Co.,Grocery,DRV048,2.27,Clear,1,171.21,17.6,0,0,3
ORD01648,3/5/2026,20:20:00,Thursday,Delhi,V005,Green Leaf Cafe,Food Delivery,DRV058,1.75,Clear,1,1262.72,19.9,0,0,4
ORD01649,4/1/2026,13:38:00,Wednesday,Chennai,V001,Spice Route Kitchen,Food Delivery,DRV013,0.96,Clear,1,784.02,19,0,0,4
ORD01650,3/29/2026,17:06:00,Sunday,Bengaluru,V008,Pizza Junction,Grocery,DRV059,1.4,Clear,0,228.2,17,0,0,5
ORD01651,5/29/2026,11:17:00,Friday,Bengaluru,V008,Pizza Junction,Food Delivery,DRV011,2.32,Clear,0,573.22,21.1,0,0,5
ORD01652,6/24/2026,16:42:00,Wednesday,Mumbai,V012,Dosa Point,Food Delivery,DRV042,3.67,Clear,0,576.83,29.2,0,0,5
ORD01653,2/5/2026,15:26:00,Thursday,Chennai,V001,Spice Route Kitchen,Food Delivery,DRV031,7.91,Clear,0,267.73,56.4,1,0,3
ORD01654,3/9/2026,17:11:00,Monday,Bengaluru,V010,Bun Intended Burgers,Food Delivery,DRV059,1.84,Clear,0,515.64,23.6,0,0,5
ORD01655,4/11/2026,18:15:00,Saturday,Hyderabad,V009,Sushi Central,Food Delivery,DRV039,0.71,Clear,0,1221.91,15.8,0,0,5
ORD01656,6/22/2026,9:54:00,Monday,Hyderabad,V011,Roti Roll Co.,Grocery,DRV059,6.3,Rain,0,646.02,43.5,0,0,3
ORD01657,5/15/2026,20:54:00,Friday,Hyderabad,V011,Roti Roll Co.,Food Delivery,DRV041,6.36,Clear,1,444.96,41.1,0,0,3
ORD01658,5/14/2026,16:28:00,Thursday,Bengaluru,V008,Pizza Junction,Food Delivery,DRV042,1.47,Clear,0,764.17,26.4,0,0,5
ORD01659,2/28/2026,18:54:00,Saturday,Bengaluru,V008,Pizza Junction,Food Delivery,DRV059,3.59,Clear,0,1278.51,38.4,0,0,5
ORD01660,3/4/2026,14:39:00,Wednesday,Hyderabad,V009,Sushi Central,Food Delivery,DRV040,1.61,Clear,0,217.09,28.3,0,0,5
ORD01661,6/17/2026,15:01:00,Wednesday,Bengaluru,V008,Pizza Junction,Food Delivery,DRV043,1.48,Rain,0,833.06,26.5,0,0,5
ORD01662,4/4/2026,17:18:00,Saturday,Mumbai,V007,Wok This Way,Food Delivery,DRV052,1.81,Clear,0,805.65,28.1,0,0,3
ORD01663,1/11/2026,22:05:00,Sunday,Mumbai,V007,Wok This Way,Food Delivery,DRV042,2.79,Clear,0,464.79,33.5,0,0,3
ORD01664,1/12/2026,14:20:00,Monday,Hyderabad,V009,Sushi Central,Food Delivery,DRV023,0.67,Rain,0,569.94,18.4,0,0,4
ORD01665,3/3/2026,13:54:00,Tuesday,Chennai,V002,Urban Tadka,Food Delivery,DRV050,2.66,Clear,1,1259.26,24.4,0,0,5
ORD01666,5/18/2026,12:18:00,Monday,Bengaluru,V004,Curry Express,Food Delivery,DRV007,0.72,Clear,1,1291.81,25,0,0,5
ORD01667,4/24/2026,22:54:00,Friday,Bengaluru,V010,Bun Intended Burgers,Pharmacy,DRV037,1.23,Clear,0,1183.47,19.7,0,0,5
ORD01668,3/15/2026,14:05:00,Sunday,Bengaluru,V010,Bun Intended Burgers,Food Delivery,DRV041,5.25,Heavy Traffic Event,0,1337.62,49.8,1,0,4
ORD01669,5/9/2026,17:09:00,Saturday,Bengaluru,V010,Bun Intended Burgers,Food Delivery,DRV057,3.28,Heavy Traffic Event,0,804.11,25.7,0,0,5
ORD01670,6/17/2026,17:24:00,Wednesday,Bengaluru,V010,Bun Intended Burgers,Food Delivery,DRV017,2.75,Clear,0,321.95,29,0,0,5
ORD01671,2/16/2026,10:23:00,Monday,Delhi,V005,Green Leaf Cafe,Grocery,DRV018,4.71,Rain,0,364.81,43.2,0,0,3
ORD01672,5/2/2026,18:21:00,Saturday,Bengaluru,V008,Pizza Junction,Food Delivery,DRV012,2.61,Rain,0,386.38,28.6,0,0,5
ORD01673,5/11/2026,14:01:00,Monday,Chennai,V001,Spice Route Kitchen,Food Delivery,DRV046,1.85,Rain,0,129.31,25.8,0,0,4
ORD01674,5/17/2026,14:28:00,Sunday,Mumbai,V012,Dosa Point,Food Delivery,DRV013,3.01,Heavy Traffic Event,0,361.4,48,1,0,4
ORD01675,5/24/2026,13:07:00,Sunday,Mumbai,V007,Wok This Way,Grocery,DRV013,4.04,Clear,1,1141.64,38.6,0,0,3
ORD01676,2/13/2026,14:31:00,Friday,Bengaluru,V010,Bun Intended Burgers,Grocery,DRV052,3.2,Clear,0,1332.46,34.2,0,0,4
ORD01677,4/5/2026,14:15:00,Sunday,Bengaluru,V008,Pizza Junction,Grocery,DRV033,7.33,Clear,0,1354.68,45.9,1,0,4
ORD01678,4/26/2026,14:13:00,Sunday,Bengaluru,V008,Pizza Junction,Food Delivery,DRV024,1.22,Clear,0,396.03,18.7,0,0,5
ORD01679,2/7/2026,13:00:00,Saturday,Mumbai,V012,Dosa Point,Food Delivery,DRV008,3.87,Rain,1,838.22,46.8,1,0,4
ORD01680,2/23/2026,13:36:00,Monday,Mumbai,V007,Wok This Way,Food Delivery,DRV057,3.13,Clear,1,358.24,32.1,0,0,4
ORD01681,4/3/2026,11:13:00,Friday,Delhi,V006,Tandoori Nights,Pharmacy,DRV058,0.99,Clear,0,226.55,9.6,0,0,4
ORD01682,3/29/2026,15:46:00,Sunday,Bengaluru,V004,Curry Express,Food Delivery,DRV051,1.31,Clear,0,993.79,17.9,0,0,5
ORD01683,2/8/2026,13:18:00,Sunday,Bengaluru,V008,Pizza Junction,Grocery,DRV024,4.23,Rain,1,951.28,44.3,0,0,5
ORD01684,3/11/2026,19:43:00,Wednesday,Delhi,V005,Green Leaf Cafe,Grocery,DRV031,1.15,Heavy Traffic Event,1,541.46,27.2,0,0,3
ORD01685,6/27/2026,19:51:00,Saturday,Chennai,V001,Spice Route Kitchen,Food Delivery,DRV004,1.2,Rain,1,650.43,26.5,0,0,4
ORD01686,2/5/2026,14:25:00,Thursday,Bengaluru,V004,Curry Express,Food Delivery,DRV016,0.8,Clear,0,1363.07,15.5,0,0,4
ORD01687,1/7/2026,14:09:00,Wednesday,Delhi,V006,Tandoori Nights,Food Delivery,DRV052,6.33,Clear,0,1307.38,45.8,1,0,3
ORD01688,6/19/2026,21:00:00,Friday,Chennai,V003,Bowl & Broth,Pharmacy,DRV017,5.7,Clear,1,1213.25,36.8,0,0,4
ORD01689,3/26/2026,14:22:00,Thursday,Bengaluru,V010,Bun Intended Burgers,Food Delivery,DRV060,4.4,Heavy Traffic Event,0,760.56,46.7,1,0,4
ORD01690,4/10/2026,13:02:00,Friday,Hyderabad,V011,Roti Roll Co.,Food Delivery,DRV025,3.57,Clear,1,262,28.4,0,0,4
ORD01691,1/27/2026,15:50:00,Tuesday,Chennai,V001,Spice Route Kitchen,Food Delivery,DRV015,1.71,Clear,0,984.69,22,0,0,4
ORD01692,6/18/2026,15:27:00,Thursday,Hyderabad,V009,Sushi Central,Food Delivery,DRV013,7.77,Clear,0,135.35,50.8,1,0,3
ORD01693,4/28/2026,15:56:00,Tuesday,Bengaluru,V010,Bun Intended Burgers,Pharmacy,DRV048,3.34,Clear,0,187.44,26.9,0,0,4
ORD01694,5/7/2026,13:10:00,Thursday,Chennai,V002,Urban Tadka,Food Delivery,DRV033,2.81,Rain,1,146.36,31.2,0,0,5
ORD01695,1/22/2026,17:12:00,Thursday,Bengaluru,V010,Bun Intended Burgers,Food Delivery,DRV049,5.5,Clear,0,175.76,42,0,0,4
ORD01696,5/5/2026,17:34:00,Tuesday,Bengaluru,V004,Curry Express,Food Delivery,DRV026,1.89,Rain,0,473.08,23.2,0,0,4
ORD01697,3/18/2026,17:35:00,Wednesday,Delhi,V006,Tandoori Nights,Grocery,DRV001,0.31,Rain,0,590.76,18.9,0,0,3
ORD01698,3/6/2026,20:05:00,Friday,Chennai,V001,Spice Route Kitchen,Food Delivery,DRV059,7.22,Rain,1,236.2,53.2,1,0,3
ORD01699,5/11/2026,16:52:00,Monday,Hyderabad,V009,Sushi Central,Grocery,DRV036,0.96,Clear,0,1335.64,17.4,0,0,4
ORD01700,4/16/2026,19:44:00,Thursday,Chennai,V002,Urban Tadka,Grocery,DRV059,1.71,Clear,1,477.37,19,0,0,5
ORD01701,5/31/2026,16:28:00,Sunday,Delhi,V006,Tandoori Nights,Food Delivery,DRV043,0.91,Rain,0,634.46,21.2,0,0,3
ORD01702,6/26/2026,20:53:00,Friday,Hyderabad,V011,Roti Roll Co.,Food Delivery,DRV019,4.66,Clear,1,980.61,36.1,0,0,3
ORD01703,6/3/2026,15:26:00,Wednesday,Bengaluru,V004,Curry Express,Food Delivery,DRV006,2.37,Clear,0,1002.27,36.5,0,0,4
ORD01704,2/23/2026,22:41:00,Monday,Chennai,V002,Urban Tadka,Food Delivery,DRV050,3.17,Clear,0,1171.07,22.2,0,0,4
ORD01705,2/11/2026,10:41:00,Wednesday,Bengaluru,V004,Curry Express,Pharmacy,DRV040,2.53,Clear,0,146.06,23.8,0,0,4
ORD01706,4/6/2026,22:39:00,Monday,Hyderabad,V009,Sushi Central,Grocery,DRV054,6.07,Clear,0,175.51,43.9,0,0,4
ORD01707,1/8/2026,12:54:00,Thursday,Delhi,V006,Tandoori Nights,Food Delivery,DRV059,1.65,Rain,1,383.72,30.7,0,0,4
ORD01708,1/1/2026,13:02:00,Thursday,Bengaluru,V004,Curry Express,Food Delivery,DRV055,1.53,Clear,1,828.73,22.6,0,0,4
ORD01709,1/2/2026,14:35:00,Friday,Bengaluru,V004,Curry Express,Grocery,DRV017,3.95,Clear,0,243.38,33.3,0,0,4
ORD01710,2/18/2026,22:13:00,Wednesday,Delhi,V006,Tandoori Nights,Grocery,DRV012,4.85,Heavy Traffic Event,0,688.11,47.4,1,0,3
ORD01711,6/14/2026,14:20:00,Sunday,Chennai,V003,Bowl & Broth,Food Delivery,DRV051,2.92,Clear,0,978.42,24.1,0,0,4
ORD01712,1/4/2026,22:00:00,Sunday,Chennai,V001,Spice Route Kitchen,Grocery,DRV055,5.37,Clear,0,1269.37,46.3,1,0,3
ORD01713,3/4/2026,18:18:00,Wednesday,Mumbai,V007,Wok This Way,Grocery,DRV022,3.84,Clear,0,592.53,33.8,0,0,4
ORD01714,5/4/2026,21:19:00,Monday,Mumbai,V012,Dosa Point,Food Delivery,DRV035,1.54,Rain,1,1225.33,30.4,0,0,5
ORD01715,1/3/2026,17:31:00,Saturday,Hyderabad,V009,Sushi Central,Food Delivery,DRV017,4.23,Clear,0,816.39,32.3,0,0,5
ORD01716,5/8/2026,14:49:00,Friday,Bengaluru,V010,Bun Intended Burgers,Food Delivery,DRV013,2.23,Heavy Traffic Event,0,1183.68,30,0,0,4
ORD01717,3/29/2026,16:45:00,Sunday,Mumbai,V012,Dosa Point,Pharmacy,DRV051,0.96,Clear,0,955.99,15.9,0,0,5
ORD01718,2/2/2026,19:34:00,Monday,Chennai,V001,Spice Route Kitchen,Grocery,DRV010,1.55,Clear,1,345.7,30,0,0,4
ORD01719,4/20/2026,16:42:00,Monday,Delhi,V005,Green Leaf Cafe,Food Delivery,DRV036,1.72,Clear,0,429.96,20.3,0,0,4
ORD01720,1/3/2026,21:22:00,Saturday,Mumbai,V007,Wok This Way,Food Delivery,DRV032,5.94,Clear,1,450.85,50.8,1,0,3
ORD01721,5/21/2026,15:12:00,Thursday,Delhi,V005,Green Leaf Cafe,Food Delivery,DRV003,1.1,Clear,0,130.73,24,0,0,4
ORD01722,2/12/2026,11:37:00,Thursday,Chennai,V001,Spice Route Kitchen,Food Delivery,DRV048,0.52,Clear,0,638.02,23.8,0,0,3
ORD01723,6/18/2026,14:49:00,Thursday,Bengaluru,V008,Pizza Junction,Grocery,DRV019,4.67,Rain,0,1257.63,44.6,0,0,5
ORD01724,4/14/2026,13:37:00,Tuesday,Chennai,V003,Bowl & Broth,Food Delivery,DRV026,2.1,Clear,1,652.67,17.5,0,0,5
ORD01725,3/16/2026,22:00:00,Monday,Chennai,V002,Urban Tadka,Food Delivery,DRV013,4.41,Clear,0,1397.42,29.5,0,0,5
ORD01726,1/7/2026,19:54:00,Wednesday,Mumbai,V007,Wok This Way,Grocery,DRV035,6.26,Clear,1,656.15,54.9,1,0,3
ORD01727,4/14/2026,15:31:00,Tuesday,Bengaluru,V004,Curry Express,Food Delivery,DRV003,1.12,Clear,0,120.14,16.3,0,0,5
ORD01728,1/27/2026,16:40:00,Tuesday,Bengaluru,V010,Bun Intended Burgers,Food Delivery,DRV027,2.75,Clear,0,992.88,19.3,0,0,4
ORD01729,3/23/2026,14:52:00,Monday,Hyderabad,V011,Roti Roll Co.,Food Delivery,DRV028,1.17,Rain,0,920.53,18.7,0,0,3
ORD01730,4/2/2026,22:03:00,Thursday,Bengaluru,V008,Pizza Junction,Food Delivery,DRV047,3.72,Rain,0,150.2,36,0,0,4
ORD01731,5/7/2026,15:18:00,Thursday,Bengaluru,V010,Bun Intended Burgers,Food Delivery,DRV052,3.21,Clear,0,1255.61,21.5,0,0,5
ORD01732,3/21/2026,22:22:00,Saturday,Chennai,V001,Spice Route Kitchen,Food Delivery,DRV022,3.46,Clear,0,552.47,35.3,0,0,4
ORD01733,4/5/2026,22:28:00,Sunday,Chennai,V002,Urban Tadka,Food Delivery,DRV023,1.02,Clear,0,629.18,14.8,0,0,5
ORD01734,1/24/2026,8:16:00,Saturday,Bengaluru,V008,Pizza Junction,Grocery,DRV055,6.84,Rain,0,163.89,58.1,1,0,4
ORD01735,4/11/2026,15:09:00,Saturday,Mumbai,V007,Wok This Way,Food Delivery,DRV004,3.71,Clear,0,546.34,35,0,0,3
ORD01736,4/1/2026,17:35:00,Wednesday,Chennai,V001,Spice Route Kitchen,Food Delivery,DRV050,2.2,Clear,0,1318.38,32.4,0,0,4
ORD01737,6/25/2026,15:12:00,Thursday,Bengaluru,V008,Pizza Junction,Food Delivery,DRV040,2.15,Clear,0,1244.93,36.8,0,0,5
ORD01738,1/8/2026,12:53:00,Thursday,Chennai,V003,Bowl & Broth,Grocery,DRV054,6.13,Clear,1,640.43,51,1,0,4
ORD01739,4/24/2026,16:43:00,Friday,Mumbai,V007,Wok This Way,Food Delivery,DRV011,3.96,Clear,0,1020.34,37.2,0,0,3
ORD01740,5/12/2026,12:50:00,Tuesday,Hyderabad,V011,Roti Roll Co.,Grocery,DRV010,6.46,Clear,1,1181.66,47.4,1,0,3
ORD01741,2/2/2026,17:46:00,Monday,Chennai,V003,Bowl & Broth,Grocery,DRV026,1.18,Clear,0,937.2,13,0,0,4
ORD01742,5/10/2026,14:05:00,Sunday,Bengaluru,V008,Pizza Junction,Grocery,DRV026,3.26,Clear,0,246.68,33.2,0,0,5
ORD01743,2/9/2026,18:55:00,Monday,Chennai,V002,Urban Tadka,Food Delivery,DRV034,2.7,Clear,0,173.67,19.1,0,0,5
ORD01744,6/7/2026,22:27:00,Sunday,Chennai,V002,Urban Tadka,Food Delivery,DRV055,6.47,Clear,0,965.31,44.5,0,0,4
ORD01745,5/23/2026,12:43:00,Saturday,Delhi,V006,Tandoori Nights,Food Delivery,DRV017,1.2,Clear,1,1084.55,23.8,0,0,4
ORD01746,4/30/2026,18:03:00,Thursday,Hyderabad,V009,Sushi Central,Food Delivery,DRV030,4.38,Clear,0,992.39,33.5,0,0,5
ORD01747,2/25/2026,18:29:00,Wednesday,Delhi,V005,Green Leaf Cafe,Food Delivery,DRV034,5.86,Clear,0,1385.25,43.3,0,0,4
ORD01748,2/14/2026,15:54:00,Saturday,Chennai,V002,Urban Tadka,Food Delivery,DRV060,1.06,Clear,0,339.33,11.6,0,0,5
ORD01749,3/3/2026,16:12:00,Tuesday,Mumbai,V007,Wok This Way,Food Delivery,DRV018,1.16,Clear,0,426.77,14.4,0,0,3
ORD01750,6/4/2026,15:54:00,Thursday,Mumbai,V012,Dosa Point,Grocery,DRV011,2.46,Clear,0,921.93,29.4,0,0,5
ORD01751,6/20/2026,12:07:00,Saturday,Mumbai,V012,Dosa Point,Food Delivery,DRV013,7.17,Clear,1,613.55,57.6,1,0,4
ORD01752,2/26/2026,20:04:00,Thursday,Mumbai,V007,Wok This Way,Food Delivery,DRV009,1.66,Clear,1,1373.42,20.1,0,0,4
ORD01753,5/20/2026,13:43:00,Wednesday,Chennai,V003,Bowl & Broth,Food Delivery,DRV041,1.4,Clear,1,1066.96,16.7,0,0,5
ORD01754,4/17/2026,16:37:00,Friday,Bengaluru,V008,Pizza Junction,Grocery,DRV031,2.33,Clear,0,930.02,23.3,0,0,5
ORD01755,4/13/2026,19:50:00,Monday,Mumbai,V007,Wok This Way,Food Delivery,DRV055,5.52,Clear,1,448.27,49.9,1,0,2
ORD01756,3/18/2026,13:26:00,Wednesday,Delhi,V005,Green Leaf Cafe,Food Delivery,DRV045,2.16,Clear,1,1242.5,30,0,0,4
ORD01757,5/1/2026,17:54:00,Friday,Bengaluru,V008,Pizza Junction,Food Delivery,DRV029,6.15,Clear,0,1330.94,43.8,0,0,4
ORD01758,4/30/2026,13:02:00,Thursday,Delhi,V006,Tandoori Nights,Food Delivery,DRV021,2.45,Clear,1,1368.91,29.1,0,0,3
ORD01759,3/1/2026,14:15:00,Sunday,Bengaluru,V008,Pizza Junction,Food Delivery,DRV047,1.45,Clear,0,1300.67,20.7,0,0,5
ORD01760,1/31/2026,14:11:00,Saturday,Chennai,V002,Urban Tadka,Food Delivery,DRV014,4.95,Clear,0,791.04,27,0,0,5
ORD01761,3/10/2026,12:48:00,Tuesday,Mumbai,V012,Dosa Point,Food Delivery,DRV045,1.45,Clear,1,979.49,23.4,0,0,5
ORD01762,5/7/2026,17:36:00,Thursday,Bengaluru,V004,Curry Express,Food Delivery,DRV013,5.41,Clear,0,482.63,,0,1,
ORD01763,4/16/2026,22:53:00,Thursday,Hyderabad,V009,Sushi Central,Pharmacy,DRV023,7.24,Clear,0,763.23,51.2,1,0,4
ORD01764,4/29/2026,19:41:00,Wednesday,Chennai,V001,Spice Route Kitchen,Food Delivery,DRV045,3.37,Clear,1,1184.25,,0,1,
ORD01765,2/3/2026,15:37:00,Tuesday,Hyderabad,V009,Sushi Central,Food Delivery,DRV001,6.3,Rain,0,1237.08,53,1,0,4
ORD01766,3/7/2026,14:32:00,Saturday,Bengaluru,V008,Pizza Junction,Food Delivery,DRV060,2.79,Clear,0,319.4,24.4,0,0,5
ORD01767,4/30/2026,14:26:00,Thursday,Bengaluru,V004,Curry Express,Food Delivery,DRV016,1.03,Rain,0,1295.77,11.5,0,0,4
ORD01768,2/22/2026,19:19:00,Sunday,Bengaluru,V004,Curry Express,Food Delivery,DRV022,6.29,Clear,1,170.16,53.7,1,0,3
ORD01769,6/26/2026,13:35:00,Friday,Bengaluru,V010,Bun Intended Burgers,Food Delivery,DRV016,2.85,Rain,1,1241.31,,0,1,
ORD01770,2/22/2026,12:37:00,Sunday,Delhi,V005,Green Leaf Cafe,Grocery,DRV017,3.59,Clear,1,184.68,29.9,0,0,5
ORD01771,2/17/2026,20:48:00,Tuesday,Bengaluru,V008,Pizza Junction,Food Delivery,DRV038,2.67,Clear,1,1246.11,29.9,0,0,5
ORD01772,6/9/2026,13:58:00,Tuesday,Bengaluru,V008,Pizza Junction,Food Delivery,DRV049,3.27,Clear,1,174.59,32.6,0,0,5
ORD01773,5/18/2026,22:02:00,Monday,Chennai,V003,Bowl & Broth,Pharmacy,DRV020,6.94,Clear,0,574.08,36.8,0,0,5
ORD01774,6/28/2026,14:27:00,Sunday,Bengaluru,V008,Pizza Junction,Food Delivery,DRV028,3.32,Rain,0,219.75,33,0,0,5
ORD01775,3/7/2026,22:34:00,Saturday,Mumbai,V012,Dosa Point,Food Delivery,DRV019,1.55,Rain,0,782.68,26.8,0,0,5
ORD01776,3/7/2026,20:36:00,Saturday,Mumbai,V007,Wok This Way,Food Delivery,DRV047,1.46,Clear,1,783.4,19.3,0,0,4
ORD01777,1/8/2026,14:03:00,Thursday,Chennai,V002,Urban Tadka,Food Delivery,DRV018,6.91,Clear,0,964.11,42.8,0,0,5
ORD01778,5/7/2026,17:33:00,Thursday,Chennai,V003,Bowl & Broth,Food Delivery,DRV030,5.61,Clear,0,430.12,37.9,0,0,5
ORD01779,3/9/2026,16:26:00,Monday,Mumbai,V007,Wok This Way,Food Delivery,DRV011,0.76,Rain,0,1339.06,15.8,0,0,3
ORD01780,6/18/2026,17:09:00,Thursday,Delhi,V005,Green Leaf Cafe,Food Delivery,DRV053,5.71,Clear,0,1205.06,47,1,0,4
ORD01781,1/25/2026,14:27:00,Sunday,Bengaluru,V004,Curry Express,Pharmacy,DRV020,3.56,Clear,0,259.96,33.4,0,0,5
ORD01782,6/2/2026,14:36:00,Tuesday,Mumbai,V007,Wok This Way,Food Delivery,DRV019,6.44,Clear,0,1151.97,45,0,0,3
ORD01783,2/20/2026,15:53:00,Friday,Bengaluru,V010,Bun Intended Burgers,Pharmacy,DRV041,3.07,Rain,0,1352.49,32.1,0,0,5
ORD01784,2/1/2026,22:02:00,Sunday,Delhi,V006,Tandoori Nights,Grocery,DRV044,1.87,Clear,0,576.9,24.1,0,0,3
ORD01785,5/10/2026,16:42:00,Sunday,Chennai,V003,Bowl & Broth,Food Delivery,DRV002,5.45,Clear,0,618.78,36.8,0,0,5
ORD01786,1/27/2026,20:05:00,Tuesday,Hyderabad,V009,Sushi Central,Food Delivery,DRV004,0.09,Clear,1,142.65,18.8,0,0,4
ORD01787,3/31/2026,14:58:00,Tuesday,Chennai,V002,Urban Tadka,Food Delivery,DRV032,4.31,Heavy Traffic Event,0,935.17,46.2,1,0,4
ORD01788,2/14/2026,15:19:00,Saturday,Mumbai,V007,Wok This Way,Food Delivery,DRV004,0.48,Rain,0,1261.42,23,0,0,3
ORD01789,1/20/2026,20:44:00,Tuesday,Chennai,V001,Spice Route Kitchen,Food Delivery,DRV043,5.74,Clear,1,551.63,44.5,0,0,3
ORD01790,3/9/2026,17:19:00,Monday,Hyderabad,V011,Roti Roll Co.,Food Delivery,DRV020,3.75,Rain,0,1140.85,37.8,0,0,3
ORD01791,1/20/2026,8:41:00,Tuesday,Bengaluru,V008,Pizza Junction,Food Delivery,DRV006,1.07,Clear,0,132.46,21.3,0,0,5
ORD01792,4/6/2026,20:10:00,Monday,Bengaluru,V004,Curry Express,Food Delivery,DRV036,5.55,Clear,1,877.2,55.2,1,0,4
ORD01793,4/5/2026,18:35:00,Sunday,Delhi,V005,Green Leaf Cafe,Food Delivery,DRV060,4.95,Heavy Traffic Event,0,156.88,53,1,0,3
ORD01794,4/15/2026,22:35:00,Wednesday,Bengaluru,V010,Bun Intended Burgers,Food Delivery,DRV026,1.42,Clear,0,1226.73,16.2,0,0,5
ORD01795,5/17/2026,11:16:00,Sunday,Hyderabad,V009,Sushi Central,Food Delivery,DRV008,3.83,Heavy Traffic Event,0,611.46,42.6,0,0,4
ORD01796,6/5/2026,15:43:00,Friday,Bengaluru,V008,Pizza Junction,Grocery,DRV042,1.13,Heavy Traffic Event,0,977.61,16.8,0,0,5
ORD01797,6/13/2026,13:32:00,Saturday,Mumbai,V007,Wok This Way,Food Delivery,DRV028,2.23,Clear,1,167.15,37.9,0,0,4
ORD01798,2/20/2026,14:02:00,Friday,Bengaluru,V004,Curry Express,Food Delivery,DRV020,4.36,Clear,0,1032.95,32.1,0,0,4
ORD01799,5/12/2026,18:44:00,Tuesday,Hyderabad,V011,Roti Roll Co.,Food Delivery,DRV060,3.57,Clear,0,679.32,28.2,0,0,3
ORD01800,2/27/2026,11:46:00,Friday,Bengaluru,V004,Curry Express,Grocery,DRV043,2.84,Clear,0,1120.74,30.8,0,0,4
ORD01801,5/12/2026,21:50:00,Tuesday,Chennai,V002,Urban Tadka,Food Delivery,DRV050,3.32,Clear,1,1086.24,29.3,0,0,5
ORD01802,6/29/2026,17:55:00,Monday,Bengaluru,V008,Pizza Junction,Food Delivery,DRV051,5.18,Rain,0,367.88,47.4,1,0,4
ORD01803,4/19/2026,22:39:00,Sunday,Hyderabad,V011,Roti Roll Co.,Food Delivery,DRV057,2.53,Clear,0,934.25,25.6,0,0,4
ORD01804,4/11/2026,12:26:00,Saturday,Bengaluru,V004,Curry Express,Food Delivery,DRV023,8.22,Heavy Traffic Event,1,585.94,87.2,1,0,2
ORD01805,5/15/2026,12:45:00,Friday,Bengaluru,V010,Bun Intended Burgers,Food Delivery,DRV008,5.38,Clear,1,686.41,47.2,1,0,4
ORD01806,3/17/2026,13:07:00,Tuesday,Mumbai,V012,Dosa Point,Food Delivery,DRV014,2.3,Clear,1,860.39,34.7,0,0,4
ORD01807,1/4/2026,14:44:00,Sunday,Hyderabad,V009,Sushi Central,Food Delivery,DRV048,3.26,Clear,0,679.64,27.7,0,0,4
ORD01808,1/12/2026,17:16:00,Monday,Bengaluru,V010,Bun Intended Burgers,Food Delivery,DRV038,1.41,Clear,0,148.95,16.3,0,0,5
ORD01809,6/28/2026,18:58:00,Sunday,Delhi,V006,Tandoori Nights,Grocery,DRV018,3.54,Clear,0,214.65,35.9,0,0,4
ORD01810,5/1/2026,16:04:00,Friday,Chennai,V001,Spice Route Kitchen,Grocery,DRV024,2.44,Rain,0,120.16,35.2,0,0,4
ORD01811,3/30/2026,17:42:00,Monday,Hyderabad,V009,Sushi Central,Food Delivery,DRV030,1.14,Clear,0,171.76,19.9,0,0,5
ORD01812,1/31/2026,12:26:00,Saturday,Chennai,V003,Bowl & Broth,Food Delivery,DRV058,2,Clear,1,394.36,23.1,0,0,5
ORD01813,6/15/2026,11:45:00,Monday,Hyderabad,V011,Roti Roll Co.,Food Delivery,DRV046,2.31,Rain,0,1109.65,,0,1,
ORD01814,2/25/2026,15:03:00,Wednesday,Chennai,V003,Bowl & Broth,Pharmacy,DRV047,0.55,Rain,0,939.99,14.9,0,0,5
ORD01815,6/13/2026,21:48:00,Saturday,Mumbai,V012,Dosa Point,Pharmacy,DRV002,2.53,Clear,1,1353.42,31.1,0,0,5
ORD01816,5/6/2026,14:29:00,Wednesday,Delhi,V006,Tandoori Nights,Food Delivery,DRV030,1.94,Clear,0,903.91,30,0,0,3
ORD01817,6/15/2026,16:42:00,Monday,Delhi,V005,Green Leaf Cafe,Pharmacy,DRV009,1.48,Clear,0,618.14,20.3,0,0,3
ORD01818,5/15/2026,18:34:00,Friday,Delhi,V005,Green Leaf Cafe,Pharmacy,DRV022,3.32,Clear,0,795.46,32.3,0,0,4
ORD01819,6/8/2026,18:45:00,Monday,Mumbai,V012,Dosa Point,Food Delivery,DRV021,4.37,Clear,0,960.32,31.6,0,0,5
ORD01820,4/26/2026,15:01:00,Sunday,Bengaluru,V010,Bun Intended Burgers,Pharmacy,DRV002,1.31,Clear,0,143.97,22.2,0,0,4
ORD01821,6/5/2026,17:08:00,Friday,Hyderabad,V009,Sushi Central,Food Delivery,DRV059,0.53,Clear,0,174.55,27.6,0,0,4
ORD01822,5/8/2026,21:31:00,Friday,Chennai,V003,Bowl & Broth,Food Delivery,DRV035,0.98,Rain,1,826.91,18.6,0,0,5
ORD01823,2/23/2026,17:08:00,Monday,Chennai,V003,Bowl & Broth,Grocery,DRV016,6.42,Clear,0,1397.31,46.2,1,0,4
ORD01824,5/6/2026,16:24:00,Wednesday,Bengaluru,V008,Pizza Junction,Food Delivery,DRV005,2.1,Clear,0,953.96,22.7,0,0,5
ORD01825,2/8/2026,11:28:00,Sunday,Chennai,V001,Spice Route Kitchen,Food Delivery,DRV050,6.59,Rain,0,985.76,54.2,1,0,3
ORD01826,6/24/2026,17:54:00,Wednesday,Hyderabad,V011,Roti Roll Co.,Grocery,DRV040,2.67,Rain,0,921.27,22.2,0,0,4
ORD01827,1/28/2026,12:31:00,Wednesday,Chennai,V001,Spice Route Kitchen,Pharmacy,DRV039,5.92,Clear,1,1376.13,50.6,1,0,3
ORD01828,1/8/2026,15:35:00,Thursday,Hyderabad,V011,Roti Roll Co.,Food Delivery,DRV039,2.93,Clear,0,571.39,25,0,0,3
ORD01829,4/16/2026,14:37:00,Thursday,Chennai,V002,Urban Tadka,Food Delivery,DRV013,1.94,Clear,0,392.23,20.1,0,0,5
ORD01830,6/8/2026,12:55:00,Monday,Hyderabad,V011,Roti Roll Co.,Food Delivery,DRV057,0.9,Clear,1,814.44,12.9,0,0,4
ORD01831,5/8/2026,18:13:00,Friday,Delhi,V006,Tandoori Nights,Food Delivery,DRV034,4.47,Clear,0,938.51,36.6,0,0,4
ORD01832,4/21/2026,21:22:00,Tuesday,Mumbai,V007,Wok This Way,Food Delivery,DRV021,2.87,Clear,1,801.64,29.3,0,0,4
ORD01833,2/27/2026,16:01:00,Friday,Hyderabad,V009,Sushi Central,Food Delivery,DRV026,2.97,Rain,0,791.23,38.4,0,0,4
ORD01834,2/24/2026,17:43:00,Tuesday,Hyderabad,V009,Sushi Central,Food Delivery,DRV008,1.38,Heavy Traffic Event,0,517,23.4,0,0,4
ORD01835,5/6/2026,14:33:00,Wednesday,Bengaluru,V004,Curry Express,Food Delivery,DRV043,7.36,Rain,0,662.03,58.3,1,0,3
ORD01836,4/27/2026,15:46:00,Monday,Mumbai,V007,Wok This Way,Food Delivery,DRV001,3.34,Heavy Traffic Event,0,302.24,38.8,0,0,3
ORD01837,3/21/2026,14:55:00,Saturday,Chennai,V002,Urban Tadka,Food Delivery,DRV037,3.54,Clear,0,449.65,23.4,0,0,5
ORD01838,5/14/2026,15:04:00,Thursday,Chennai,V001,Spice Route Kitchen,Food Delivery,DRV052,7.61,Clear,0,1383.95,47.6,1,0,3
ORD01839,2/12/2026,17:03:00,Thursday,Chennai,V003,Bowl & Broth,Food Delivery,DRV024,0.91,Clear,0,559.23,19.3,0,0,4
ORD01840,3/16/2026,14:24:00,Monday,Chennai,V002,Urban Tadka,Food Delivery,DRV004,1.83,Rain,0,568.55,18.8,0,0,5
ORD01841,2/25/2026,12:55:00,Wednesday,Mumbai,V012,Dosa Point,Food Delivery,DRV045,1.81,Clear,1,440.06,27.1,0,0,5
ORD01842,4/9/2026,9:38:00,Thursday,Chennai,V003,Bowl & Broth,Food Delivery,DRV012,1.16,Clear,0,996.08,20.2,0,0,5
ORD01843,5/26/2026,11:16:00,Tuesday,Chennai,V002,Urban Tadka,Grocery,DRV026,2.96,Clear,0,411.57,23.1,0,0,5
ORD01844,1/6/2026,19:31:00,Tuesday,Delhi,V006,Tandoori Nights,Grocery,DRV007,1.96,Clear,1,1183.4,34.2,0,0,3
ORD01845,2/10/2026,8:14:00,Tuesday,Bengaluru,V004,Curry Express,Food Delivery,DRV006,2.75,Clear,0,1106.28,24.8,0,0,4
ORD01846,6/24/2026,14:29:00,Wednesday,Delhi,V006,Tandoori Nights,Food Delivery,DRV059,3.12,Clear,0,1170.48,33,0,0,4
ORD01847,6/15/2026,16:43:00,Monday,Chennai,V003,Bowl & Broth,Food Delivery,DRV013,1.48,Clear,0,729.02,22.2,0,0,5
ORD01848,6/3/2026,17:49:00,Wednesday,Delhi,V005,Green Leaf Cafe,Food Delivery,DRV012,1.73,Clear,0,1330.81,20.7,0,0,3
ORD01849,5/19/2026,21:48:00,Tuesday,Mumbai,V007,Wok This Way,Food Delivery,DRV002,4.65,Clear,1,321.01,45,0,0,3
ORD01850,4/23/2026,20:45:00,Thursday,Chennai,V003,Bowl & Broth,Food Delivery,DRV058,1.86,Clear,1,282.42,19.8,0,0,4
ORD01851,1/24/2026,19:53:00,Saturday,Hyderabad,V009,Sushi Central,Food Delivery,DRV027,2.73,Clear,1,1288.86,27.5,0,0,4
ORD01852,5/2/2026,19:57:00,Saturday,Bengaluru,V008,Pizza Junction,Pharmacy,DRV007,3,Clear,1,1346.35,27.8,0,0,5
ORD01853,3/29/2026,22:06:00,Sunday,Hyderabad,V011,Roti Roll Co.,Food Delivery,DRV052,2.85,Clear,0,1006.1,20,0,0,4
ORD01854,2/2/2026,13:24:00,Monday,Chennai,V002,Urban Tadka,Food Delivery,DRV039,1.85,Rain,1,253.5,19.2,0,0,5
ORD01855,3/9/2026,11:43:00,Monday,Chennai,V002,Urban Tadka,Food Delivery,DRV038,6.78,Clear,0,290.42,44.5,0,0,5
ORD01856,5/19/2026,10:52:00,Tuesday,Hyderabad,V011,Roti Roll Co.,Grocery,DRV008,3.58,Clear,0,509.17,28.6,0,0,3
ORD01857,5/17/2026,13:10:00,Sunday,Delhi,V006,Tandoori Nights,Grocery,DRV053,6.97,Clear,1,844.49,64.7,1,0,3
ORD01858,2/23/2026,16:16:00,Monday,Delhi,V006,Tandoori Nights,Food Delivery,DRV046,1.08,Clear,0,1154.32,14.5,0,0,4
ORD01859,3/29/2026,15:42:00,Sunday,Mumbai,V012,Dosa Point,Grocery,DRV023,4.06,Rain,0,950.31,37.3,0,0,5
ORD01860,3/14/2026,16:13:00,Saturday,Bengaluru,V010,Bun Intended Burgers,Food Delivery,DRV022,2.4,Clear,0,1217.65,31.1,0,0,5
ORD01861,2/11/2026,20:13:00,Wednesday,Mumbai,V012,Dosa Point,Food Delivery,DRV026,2.26,Clear,1,1332.61,27.2,0,0,5
ORD01862,6/16/2026,21:17:00,Tuesday,Delhi,V006,Tandoori Nights,Food Delivery,DRV003,1,Clear,1,1374.35,23.9,0,0,4
ORD01863,2/13/2026,14:20:00,Friday,Mumbai,V012,Dosa Point,Food Delivery,DRV042,2.45,Clear,0,590.07,31.1,0,0,5
ORD01864,2/4/2026,12:42:00,Wednesday,Bengaluru,V008,Pizza Junction,Grocery,DRV007,2.64,Clear,1,367.97,30.4,0,0,4
ORD01865,2/28/2026,12:32:00,Saturday,Delhi,V006,Tandoori Nights,Grocery,DRV056,4,Clear,1,1156.47,37.1,0,0,3
ORD01866,4/5/2026,11:19:00,Sunday,Delhi,V006,Tandoori Nights,Food Delivery,DRV023,2.82,Heavy Traffic Event,0,1292.47,36.7,0,0,3
ORD01867,6/1/2026,17:03:00,Monday,Mumbai,V012,Dosa Point,Food Delivery,DRV049,3.53,Clear,0,1259.82,30,0,0,4
ORD01868,4/22/2026,15:23:00,Wednesday,Delhi,V005,Green Leaf Cafe,Pharmacy,DRV009,1.06,Clear,0,312.8,22.5,0,0,4
ORD01869,5/3/2026,17:25:00,Sunday,Chennai,V002,Urban Tadka,Food Delivery,DRV016,3.65,Clear,0,191.34,28.2,0,0,5
ORD01870,6/29/2026,15:10:00,Monday,Delhi,V005,Green Leaf Cafe,Pharmacy,DRV012,1.37,Clear,0,255.53,17.8,0,0,4
ORD01871,1/5/2026,22:18:00,Monday,Bengaluru,V010,Bun Intended Burgers,Food Delivery,DRV028,0.49,Clear,0,423.46,10.6,0,0,5
ORD01872,6/6/2026,12:01:00,Saturday,Bengaluru,V010,Bun Intended Burgers,Food Delivery,DRV018,2.61,Rain,1,1382.01,23.7,0,0,4
ORD01873,6/9/2026,21:19:00,Tuesday,Mumbai,V012,Dosa Point,Food Delivery,DRV059,3.71,Clear,1,259.09,42,0,0,5
ORD01874,4/4/2026,14:31:00,Saturday,Chennai,V003,Bowl & Broth,Food Delivery,DRV035,1.7,Clear,0,1252.89,16.4,0,0,5
ORD01875,3/24/2026,18:41:00,Tuesday,Delhi,V006,Tandoori Nights,Food Delivery,DRV015,4.61,Heavy Traffic Event,0,784.72,52.4,1,0,3
ORD01876,3/1/2026,22:27:00,Sunday,Delhi,V006,Tandoori Nights,Food Delivery,DRV006,0.75,Clear,0,1126.1,15.4,0,0,4
ORD01877,3/2/2026,10:21:00,Monday,Mumbai,V007,Wok This Way,Food Delivery,DRV046,2.08,Rain,0,926.33,31.1,0,0,3
ORD01878,1/23/2026,13:15:00,Friday,Bengaluru,V004,Curry Express,Grocery,DRV052,2.09,Clear,1,739.76,18.1,0,0,4
ORD01879,3/27/2026,14:41:00,Friday,Bengaluru,V008,Pizza Junction,Food Delivery,DRV018,1.79,Clear,0,524.33,23.8,0,0,5
ORD01880,2/9/2026,14:29:00,Monday,Hyderabad,V009,Sushi Central,Food Delivery,DRV057,0.89,Heavy Traffic Event,0,1258.04,19.2,0,0,4
ORD01881,4/7/2026,17:37:00,Tuesday,Chennai,V002,Urban Tadka,Grocery,DRV013,4.82,Clear,0,1185.78,39.1,0,0,5
ORD01882,4/25/2026,14:13:00,Saturday,Bengaluru,V010,Bun Intended Burgers,Food Delivery,DRV033,2.48,Clear,0,1366.6,32.1,0,0,5
ORD01883,4/26/2026,16:09:00,Sunday,Delhi,V005,Green Leaf Cafe,Food Delivery,DRV041,4.85,Clear,0,282.71,37.1,0,0,4
ORD01884,1/21/2026,19:15:00,Wednesday,Hyderabad,V009,Sushi Central,Pharmacy,DRV045,2.74,Clear,1,538.45,33.2,0,0,5
ORD01885,3/15/2026,15:45:00,Sunday,Bengaluru,V008,Pizza Junction,Food Delivery,DRV030,0.45,Clear,0,127.57,17.3,0,0,4
ORD01886,2/26/2026,15:09:00,Thursday,Delhi,V005,Green Leaf Cafe,Food Delivery,DRV046,5.51,Heavy Traffic Event,0,575.6,47.9,1,0,3
ORD01887,5/1/2026,18:01:00,Friday,Bengaluru,V004,Curry Express,Food Delivery,DRV038,2.1,Heavy Traffic Event,0,230.56,25.6,0,0,4
ORD01888,1/18/2026,8:00:00,Sunday,Bengaluru,V008,Pizza Junction,Grocery,DRV056,2.65,Rain,0,1154.95,31.9,0,0,5
ORD01889,5/5/2026,13:26:00,Tuesday,Bengaluru,V008,Pizza Junction,Grocery,DRV030,1.37,Clear,1,555.24,19.8,0,0,4
ORD01890,3/18/2026,21:33:00,Wednesday,Chennai,V002,Urban Tadka,Food Delivery,DRV010,2.47,Clear,1,406.52,21.7,0,0,5
ORD01891,3/11/2026,20:54:00,Wednesday,Chennai,V003,Bowl & Broth,Food Delivery,DRV060,7.65,Clear,1,979.23,52,1,0,4
ORD01892,3/17/2026,15:05:00,Tuesday,Bengaluru,V004,Curry Express,Food Delivery,DRV012,3.05,Rain,0,343.3,35.2,0,0,4
ORD01893,5/17/2026,15:10:00,Sunday,Delhi,V006,Tandoori Nights,Grocery,DRV036,9.14,Clear,0,470.01,57.7,1,0,3
ORD01894,4/13/2026,15:54:00,Monday,Hyderabad,V011,Roti Roll Co.,Food Delivery,DRV052,1.33,Clear,0,1128.54,16.9,0,0,3
ORD01895,5/2/2026,12:54:00,Saturday,Mumbai,V012,Dosa Point,Food Delivery,DRV007,1.9,Clear,1,458.34,25,0,0,5
ORD01896,3/31/2026,14:30:00,Tuesday,Bengaluru,V008,Pizza Junction,Food Delivery,DRV001,2.97,Rain,0,1001.11,26.3,0,0,5
ORD01897,5/17/2026,14:57:00,Sunday,Chennai,V002,Urban Tadka,Food Delivery,DRV022,12.72,Clear,0,358.95,68.5,1,0,4
ORD01898,4/16/2026,19:47:00,Thursday,Mumbai,V007,Wok This Way,Food Delivery,DRV046,2.31,Clear,1,189.64,27.3,0,0,3
ORD01899,3/8/2026,21:47:00,Sunday,Delhi,V005,Green Leaf Cafe,Food Delivery,DRV013,2.22,Rain,1,1059.38,28.6,0,0,3
ORD01900,5/28/2026,16:21:00,Thursday,Chennai,V003,Bowl & Broth,Grocery,DRV056,2.49,Clear,0,1221.73,19.7,0,0,5
ORD01901,5/30/2026,15:10:00,Saturday,Bengaluru,V008,Pizza Junction,Food Delivery,DRV020,3.06,Rain,0,388.09,30,0,0,5
ORD01902,4/14/2026,9:32:00,Tuesday,Mumbai,V007,Wok This Way,Food Delivery,DRV052,1.97,Clear,0,592.58,20.8,0,0,4
ORD01903,3/28/2026,20:24:00,Saturday,Bengaluru,V008,Pizza Junction,Pharmacy,DRV033,6.33,Clear,1,1335.9,54.5,1,0,5
ORD01904,5/30/2026,11:36:00,Saturday,Hyderabad,V009,Sushi Central,Food Delivery,DRV047,5.86,Rain,0,195.08,53.1,1,0,3
ORD01905,4/10/2026,16:41:00,Friday,Mumbai,V012,Dosa Point,Food Delivery,DRV047,3.91,Clear,0,664.76,33.4,0,0,5
ORD01906,2/6/2026,16:04:00,Friday,Chennai,V001,Spice Route Kitchen,Food Delivery,DRV014,1.12,Rain,0,858.72,40.5,0,0,4
ORD01907,4/26/2026,17:09:00,Sunday,Mumbai,V007,Wok This Way,Food Delivery,DRV028,6.57,Clear,0,998.39,44.9,0,0,2
ORD01908,6/23/2026,20:15:00,Tuesday,Bengaluru,V008,Pizza Junction,Food Delivery,DRV043,7.19,Rain,1,1338.22,70.8,1,0,4
ORD01909,1/15/2026,16:10:00,Thursday,Hyderabad,V011,Roti Roll Co.,Food Delivery,DRV034,4.88,Heavy Traffic Event,0,1152.86,41.7,0,0,3
ORD01910,2/17/2026,8:51:00,Tuesday,Chennai,V002,Urban Tadka,Food Delivery,DRV041,2.37,Heavy Traffic Event,0,365.87,25.1,0,0,5
ORD01911,4/22/2026,21:11:00,Wednesday,Delhi,V005,Green Leaf Cafe,Food Delivery,DRV024,3.07,Clear,1,796.33,26.3,0,0,3
ORD01912,3/30/2026,15:26:00,Monday,Hyderabad,V009,Sushi Central,Food Delivery,DRV046,5.27,Clear,0,1253.72,35.9,0,0,4
ORD01913,6/14/2026,12:16:00,Sunday,Chennai,V003,Bowl & Broth,Food Delivery,DRV060,2.07,Clear,1,594.25,23.5,0,0,5
ORD01914,2/10/2026,16:52:00,Tuesday,Mumbai,V012,Dosa Point,Food Delivery,DRV013,3.76,Rain,0,403.72,44.2,0,0,4
ORD01915,4/17/2026,14:35:00,Friday,Bengaluru,V004,Curry Express,Food Delivery,DRV039,1.78,Clear,0,1360.7,18.5,0,0,5
ORD01916,2/24/2026,15:20:00,Tuesday,Bengaluru,V004,Curry Express,Pharmacy,DRV056,3.31,Clear,0,842.64,29.7,0,0,5
ORD01917,4/12/2026,19:07:00,Sunday,Mumbai,V012,Dosa Point,Grocery,DRV051,1.72,Clear,1,375.18,29.7,0,0,5
ORD01918,1/15/2026,22:31:00,Thursday,Delhi,V005,Green Leaf Cafe,Food Delivery,DRV041,8.62,Clear,0,482.84,48.5,1,0,3
ORD01919,4/9/2026,19:23:00,Thursday,Bengaluru,V008,Pizza Junction,Food Delivery,DRV015,6.33,Clear,1,1255.19,57,1,0,4
ORD01920,6/1/2026,19:00:00,Monday,Hyderabad,V009,Sushi Central,Food Delivery,DRV059,5.1,Clear,1,531.31,42.5,0,0,4
ORD01921,4/19/2026,18:51:00,Sunday,Mumbai,V007,Wok This Way,Food Delivery,DRV027,3.43,Clear,0,621.94,37.4,0,0,4
ORD01922,6/3/2026,19:03:00,Wednesday,Delhi,V005,Green Leaf Cafe,Food Delivery,DRV006,1.92,Clear,1,1107.46,25,0,0,4
ORD01923,3/16/2026,18:10:00,Monday,Chennai,V002,Urban Tadka,Food Delivery,DRV054,1.75,Clear,0,784.94,18.8,0,0,5
ORD01924,2/2/2026,16:32:00,Monday,Chennai,V001,Spice Route Kitchen,Grocery,DRV056,1.62,Clear,0,188.87,22.7,0,0,4
ORD01925,1/5/2026,11:45:00,Monday,Chennai,V001,Spice Route Kitchen,Food Delivery,DRV035,4.96,Heavy Traffic Event,0,1344.1,59.8,1,0,3
ORD01926,1/13/2026,13:53:00,Tuesday,Delhi,V006,Tandoori Nights,Pharmacy,DRV012,5.96,Clear,1,1163.97,47.8,1,0,2
ORD01927,1/19/2026,14:00:00,Monday,Bengaluru,V010,Bun Intended Burgers,Pharmacy,DRV005,5.66,Clear,0,284.84,38.2,0,0,4
ORD01928,5/12/2026,21:10:00,Tuesday,Bengaluru,V004,Curry Express,Food Delivery,DRV019,1.7,Clear,1,363.96,24.4,0,0,5
ORD01929,3/18/2026,21:08:00,Wednesday,Chennai,V002,Urban Tadka,Food Delivery,DRV028,2.6,Clear,1,1050.19,25,0,0,5
ORD01930,3/25/2026,17:50:00,Wednesday,Mumbai,V007,Wok This Way,Food Delivery,DRV011,1.87,Clear,0,412.57,28.9,0,0,3
ORD01931,1/9/2026,18:21:00,Friday,Bengaluru,V010,Bun Intended Burgers,Food Delivery,DRV008,0.58,Clear,0,704.53,15.1,0,0,4
ORD01932,3/5/2026,17:43:00,Thursday,Mumbai,V012,Dosa Point,Food Delivery,DRV032,2.12,Clear,0,575.63,26.3,0,0,5
ORD01933,5/14/2026,17:30:00,Thursday,Mumbai,V012,Dosa Point,Pharmacy,DRV047,1.16,Clear,0,1204.3,20.7,0,0,5
ORD01934,2/14/2026,14:31:00,Saturday,Hyderabad,V011,Roti Roll Co.,Food Delivery,DRV012,2.39,Rain,0,772.84,28.1,0,0,4
ORD01935,3/13/2026,9:49:00,Friday,Bengaluru,V004,Curry Express,Food Delivery,DRV036,3.76,Rain,0,279.03,31.5,0,0,5
ORD01936,4/18/2026,16:09:00,Saturday,Delhi,V005,Green Leaf Cafe,Food Delivery,DRV027,2.32,Clear,0,386.68,21.7,0,0,4
ORD01937,5/20/2026,17:58:00,Wednesday,Bengaluru,V008,Pizza Junction,Food Delivery,DRV030,1.35,Clear,0,655.93,15.2,0,0,5
ORD01938,1/16/2026,15:55:00,Friday,Hyderabad,V009,Sushi Central,Food Delivery,DRV050,1.93,Clear,0,999.43,17.4,0,0,5
ORD01939,3/25/2026,16:47:00,Wednesday,Mumbai,V007,Wok This Way,Food Delivery,DRV044,1.82,Clear,0,1155.8,18.7,0,0,3
ORD01940,5/1/2026,17:08:00,Friday,Hyderabad,V011,Roti Roll Co.,Pharmacy,DRV049,2.41,Clear,0,250.25,25.2,0,0,3
ORD01941,5/4/2026,19:10:00,Monday,Mumbai,V012,Dosa Point,Grocery,DRV002,1.28,Clear,1,700.44,19.1,0,0,5
ORD01942,1/9/2026,14:39:00,Friday,Bengaluru,V010,Bun Intended Burgers,Grocery,DRV055,2,Clear,0,973.02,18.5,0,0,5
ORD01943,1/21/2026,19:01:00,Wednesday,Hyderabad,V009,Sushi Central,Food Delivery,DRV041,0.77,Clear,1,1067.17,11.2,0,0,5
ORD01944,1/15/2026,21:36:00,Thursday,Bengaluru,V004,Curry Express,Food Delivery,DRV031,2.14,Clear,1,159.56,24.2,0,0,5
ORD01945,2/7/2026,8:57:00,Saturday,Mumbai,V007,Wok This Way,Food Delivery,DRV052,5.5,Clear,0,753.53,,0,1,
ORD01946,4/18/2026,18:30:00,Saturday,Bengaluru,V004,Curry Express,Grocery,DRV055,1.01,Clear,0,901.02,19,0,0,5
ORD01947,2/3/2026,20:50:00,Tuesday,Mumbai,V007,Wok This Way,Food Delivery,DRV028,0.86,Clear,1,604.57,14.9,0,0,3
ORD01948,4/9/2026,14:50:00,Thursday,Chennai,V002,Urban Tadka,Food Delivery,DRV013,3.29,Heavy Traffic Event,0,588.03,27.8,0,0,5
ORD01949,3/4/2026,16:15:00,Wednesday,Delhi,V005,Green Leaf Cafe,Food Delivery,DRV032,2.11,Clear,0,1248.59,33,0,0,4
ORD01950,3/11/2026,14:41:00,Wednesday,Bengaluru,V004,Curry Express,Food Delivery,DRV002,0.99,Rain,0,1387.73,16,0,0,4
ORD01951,4/27/2026,17:44:00,Monday,Hyderabad,V011,Roti Roll Co.,Pharmacy,DRV038,5.42,Clear,0,780.85,33.9,0,0,3
ORD01952,3/23/2026,14:09:00,Monday,Chennai,V001,Spice Route Kitchen,Food Delivery,DRV048,1.99,Clear,0,924.83,29.4,0,0,4
ORD01953,6/23/2026,11:53:00,Tuesday,Hyderabad,V009,Sushi Central,Food Delivery,DRV056,1.32,Rain,0,1314.08,31,0,0,5
ORD01954,5/6/2026,14:18:00,Wednesday,Hyderabad,V009,Sushi Central,Food Delivery,DRV052,4.19,Rain,0,800.55,,0,1,
ORD01955,1/13/2026,18:33:00,Tuesday,Delhi,V005,Green Leaf Cafe,Food Delivery,DRV047,0.51,Clear,0,841.33,18.2,0,0,3
ORD01956,2/2/2026,9:08:00,Monday,Bengaluru,V010,Bun Intended Burgers,Food Delivery,DRV046,3.01,Clear,0,1262.01,26.4,0,0,4
ORD01957,6/18/2026,10:00:00,Thursday,Bengaluru,V004,Curry Express,Food Delivery,DRV048,0.4,Clear,0,1148.96,11.4,0,0,4
ORD01958,5/4/2026,12:27:00,Monday,Mumbai,V007,Wok This Way,Food Delivery,DRV004,1.21,Clear,1,525.86,17.7,0,0,4
ORD01959,5/11/2026,13:42:00,Monday,Hyderabad,V011,Roti Roll Co.,Food Delivery,DRV014,0.8,Clear,1,1220.16,20.3,0,0,4
ORD01960,3/1/2026,13:28:00,Sunday,Bengaluru,V008,Pizza Junction,Food Delivery,DRV046,0.47,Clear,1,1151.91,14.8,0,0,5
ORD01961,1/24/2026,12:01:00,Saturday,Chennai,V001,Spice Route Kitchen,Food Delivery,DRV030,2.37,Clear,1,1084.87,32,0,0,5
ORD01962,3/30/2026,15:08:00,Monday,Chennai,V001,Spice Route Kitchen,Food Delivery,DRV026,5.33,Rain,0,972.51,40.2,0,0,4
ORD01963,5/29/2026,19:39:00,Friday,Mumbai,V012,Dosa Point,Food Delivery,DRV055,0.77,Clear,1,394.71,17.4,0,0,5
ORD01964,2/10/2026,16:07:00,Tuesday,Mumbai,V007,Wok This Way,Food Delivery,DRV040,2.54,Rain,0,505.26,35.6,0,0,3
ORD01965,1/21/2026,14:21:00,Wednesday,Chennai,V002,Urban Tadka,Grocery,DRV032,3.4,Clear,0,1324.88,33.6,0,0,5
ORD01966,6/28/2026,14:35:00,Sunday,Hyderabad,V009,Sushi Central,Food Delivery,DRV038,1.95,Clear,0,903.87,26,0,0,4
ORD01967,2/27/2026,15:29:00,Friday,Chennai,V001,Spice Route Kitchen,Food Delivery,DRV043,2.58,Clear,0,903.47,33.1,0,0,4
ORD01968,4/8/2026,16:39:00,Wednesday,Chennai,V002,Urban Tadka,Grocery,DRV008,5.84,Clear,0,639.66,36,0,0,5
ORD01969,6/13/2026,14:41:00,Saturday,Delhi,V005,Green Leaf Cafe,Food Delivery,DRV005,1.43,Rain,0,481.8,23.9,0,0,4
ORD01970,5/11/2026,14:03:00,Monday,Bengaluru,V004,Curry Express,Food Delivery,DRV038,1.88,Clear,0,1331.06,30.7,0,0,4
ORD01971,1/4/2026,22:06:00,Sunday,Bengaluru,V004,Curry Express,Food Delivery,DRV058,8.23,Clear,0,483.88,48.7,1,0,4
ORD01972,5/24/2026,16:54:00,Sunday,Mumbai,V007,Wok This Way,Grocery,DRV025,1.48,Clear,0,769.06,39.4,0,0,3
ORD01973,1/1/2026,14:37:00,Thursday,Delhi,V006,Tandoori Nights,Grocery,DRV058,2.77,Clear,0,983.14,26.5,0,0,4
ORD01974,4/1/2026,15:45:00,Wednesday,Hyderabad,V011,Roti Roll Co.,Pharmacy,DRV051,2.31,Clear,0,965.27,23.9,0,0,4
ORD01975,5/8/2026,17:42:00,Friday,Hyderabad,V009,Sushi Central,Food Delivery,DRV041,1.53,Rain,0,841.91,25.1,0,0,4
ORD01976,5/25/2026,13:43:00,Monday,Bengaluru,V010,Bun Intended Burgers,Food Delivery,DRV016,3.47,Rain,1,947.75,33.8,0,0,5
ORD01977,5/25/2026,13:15:00,Monday,Chennai,V001,Spice Route Kitchen,Food Delivery,DRV024,1.92,Heavy Traffic Event,1,1309.06,29.5,0,0,4
ORD01978,4/27/2026,17:38:00,Monday,Delhi,V005,Green Leaf Cafe,Grocery,DRV031,10.41,Rain,0,999.92,65.2,1,0,3
ORD01979,3/20/2026,15:47:00,Friday,Bengaluru,V004,Curry Express,Food Delivery,DRV027,8.24,Clear,0,800.14,56.8,1,0,4
ORD01980,1/23/2026,15:03:00,Friday,Chennai,V002,Urban Tadka,Food Delivery,DRV013,5.11,Clear,0,851.87,33.9,0,0,5
ORD01981,2/8/2026,17:43:00,Sunday,Bengaluru,V010,Bun Intended Burgers,Food Delivery,DRV021,2.92,Clear,0,150.99,28.6,0,0,5
ORD01982,2/22/2026,11:14:00,Sunday,Chennai,V002,Urban Tadka,Food Delivery,DRV008,2.46,Clear,0,478.32,23.8,0,0,5
ORD01983,2/26/2026,22:15:00,Thursday,Delhi,V005,Green Leaf Cafe,Food Delivery,DRV022,3.05,Clear,0,518.84,27.5,0,0,3
ORD01984,2/18/2026,11:19:00,Wednesday,Bengaluru,V004,Curry Express,Food Delivery,DRV033,1.49,Clear,0,1374.44,18.2,0,0,4
ORD01985,5/7/2026,14:19:00,Thursday,Hyderabad,V009,Sushi Central,Food Delivery,DRV036,7.25,Clear,0,1197.55,39.5,0,0,4
ORD01986,6/25/2026,19:45:00,Thursday,Hyderabad,V009,Sushi Central,Food Delivery,DRV013,3.03,Clear,1,1359.75,29.3,0,0,5
ORD01987,2/13/2026,14:35:00,Friday,Delhi,V006,Tandoori Nights,Food Delivery,DRV045,0.51,Clear,0,890.99,23.5,0,0,4
ORD01988,2/11/2026,14:10:00,Wednesday,Delhi,V006,Tandoori Nights,Food Delivery,DRV033,4.62,Clear,0,787.26,43.2,0,0,3
ORD01989,5/14/2026,12:16:00,Thursday,Mumbai,V007,Wok This Way,Food Delivery,DRV008,1.19,Clear,1,704.84,26.9,0,0,4
ORD01990,1/7/2026,19:39:00,Wednesday,Mumbai,V012,Dosa Point,Pharmacy,DRV049,2.92,Clear,1,226,23.1,0,0,5
ORD01991,2/20/2026,13:27:00,Friday,Hyderabad,V011,Roti Roll Co.,Food Delivery,DRV029,2.53,Clear,1,132.26,22.8,0,0,4
ORD01992,5/5/2026,13:57:00,Tuesday,Bengaluru,V010,Bun Intended Burgers,Food Delivery,DRV046,2.13,Clear,1,614.65,27.2,0,0,4
ORD01993,2/22/2026,15:48:00,Sunday,Hyderabad,V011,Roti Roll Co.,Grocery,DRV031,4.42,Clear,0,717.93,34.1,0,0,3
ORD01994,2/28/2026,11:22:00,Saturday,Delhi,V005,Green Leaf Cafe,Food Delivery,DRV013,7.57,Heavy Traffic Event,0,400.29,62.4,1,0,3
ORD01995,5/17/2026,16:42:00,Sunday,Hyderabad,V011,Roti Roll Co.,Food Delivery,DRV038,3.8,Clear,0,966.56,32.1,0,0,3
ORD01996,4/23/2026,17:15:00,Thursday,Mumbai,V007,Wok This Way,Food Delivery,DRV030,3.18,Clear,0,1225.27,26.3,0,0,4
ORD01997,1/8/2026,9:27:00,Thursday,Mumbai,V007,Wok This Way,Food Delivery,DRV056,2.66,Clear,0,1089.91,24.7,0,0,4
ORD01998,6/25/2026,9:42:00,Thursday,Bengaluru,V010,Bun Intended Burgers,Food Delivery,DRV037,0.7,Clear,0,326.39,17.1,0,0,5
ORD01999,1/25/2026,14:37:00,Sunday,Bengaluru,V004,Curry Express,Food Delivery,DRV037,1.98,Clear,0,955.15,18.3,0,0,4
ORD02000,6/25/2026,20:01:00,Thursday,Delhi,V005,Green Leaf Cafe,Grocery,DRV021,2.54,Clear,1,181.53,35.5,0,0,4
ORD02001,1/29/2026,12:28:00,Thursday,Bengaluru,V008,Pizza Junction,Food Delivery,DRV030,10.24,Heavy Traffic Event,1,176.38,100.6,1,0,2
ORD02002,3/8/2026,13:24:00,Sunday,Chennai,V002,Urban Tadka,Grocery,DRV035,3.11,Clear,1,516,27.3,0,0,5
ORD02003,6/21/2026,22:47:00,Sunday,Delhi,V005,Green Leaf Cafe,Food Delivery,DRV041,1.48,Clear,0,1040.63,20.9,0,0,4
ORD02004,2/22/2026,13:49:00,Sunday,Mumbai,V012,Dosa Point,Food Delivery,DRV053,2.79,Rain,1,131.28,32.1,0,0,5
ORD02005,2/4/2026,17:25:00,Wednesday,Bengaluru,V004,Curry Express,Food Delivery,DRV051,0.92,Clear,0,573.85,14.8,0,0,4
ORD02006,6/3/2026,13:02:00,Wednesday,Hyderabad,V009,Sushi Central,Food Delivery,DRV034,1.57,Clear,1,584.37,29.8,0,0,4
ORD02007,6/24/2026,21:26:00,Wednesday,Chennai,V001,Spice Route Kitchen,Grocery,DRV032,7.22,Rain,1,915.61,69.8,1,0,3
ORD02008,1/31/2026,17:26:00,Saturday,Bengaluru,V004,Curry Express,Food Delivery,DRV056,2.07,Clear,0,455.7,25.9,0,0,4
ORD02009,2/8/2026,14:01:00,Sunday,Mumbai,V007,Wok This Way,Grocery,DRV058,9.18,Clear,0,811.21,75.8,1,0,3
ORD02010,1/12/2026,16:28:00,Monday,Bengaluru,V008,Pizza Junction,Food Delivery,DRV003,3.83,Clear,0,1265.4,50.6,1,0,4
ORD02011,5/3/2026,16:13:00,Sunday,Hyderabad,V011,Roti Roll Co.,Food Delivery,DRV059,2.32,Heavy Traffic Event,0,1341.61,28.7,0,0,4
ORD02012,6/29/2026,15:39:00,Monday,Delhi,V006,Tandoori Nights,Pharmacy,DRV032,1.51,Heavy Traffic Event,0,642.49,22.2,0,0,3
ORD02013,3/24/2026,13:19:00,Tuesday,Bengaluru,V008,Pizza Junction,Food Delivery,DRV004,5.47,Clear,1,461.15,37,0,0,5
ORD02014,4/17/2026,11:16:00,Friday,Delhi,V006,Tandoori Nights,Food Delivery,DRV041,3.86,Clear,0,1398.48,35.2,0,0,3
ORD02015,6/20/2026,14:17:00,Saturday,Hyderabad,V009,Sushi Central,Pharmacy,DRV036,3.52,Rain,0,1029.65,33.5,0,0,4
ORD02016,5/23/2026,14:55:00,Saturday,Chennai,V002,Urban Tadka,Food Delivery,DRV002,2.16,Clear,0,1026.92,24,0,0,5
ORD02017,4/7/2026,13:03:00,Tuesday,Hyderabad,V011,Roti Roll Co.,Food Delivery,DRV014,1.39,Clear,1,407.35,21.9,0,0,4
ORD02018,3/14/2026,12:48:00,Saturday,Bengaluru,V010,Bun Intended Burgers,Food Delivery,DRV057,5.3,Clear,1,1092.67,36.4,0,0,4
ORD02019,4/9/2026,14:25:00,Thursday,Delhi,V006,Tandoori Nights,Grocery,DRV017,3.07,Clear,0,331.08,32.3,0,0,3
ORD02020,6/24/2026,18:38:00,Wednesday,Chennai,V002,Urban Tadka,Food Delivery,DRV042,1.48,Heavy Traffic Event,0,129.93,30.2,0,0,4
ORD02021,2/11/2026,14:36:00,Wednesday,Chennai,V003,Bowl & Broth,Grocery,DRV055,6.3,Rain,0,1149.69,42.7,0,0,4
ORD02022,6/20/2026,17:49:00,Saturday,Chennai,V003,Bowl & Broth,Grocery,DRV031,3.31,Clear,0,1285.77,35.3,0,0,5
ORD02023,1/22/2026,16:26:00,Thursday,Bengaluru,V010,Bun Intended Burgers,Food Delivery,DRV008,2.58,Clear,0,216.84,29.8,0,0,5
ORD02024,1/29/2026,11:21:00,Thursday,Bengaluru,V010,Bun Intended Burgers,Grocery,DRV014,3.68,Clear,0,762.81,32.8,0,0,5
ORD02025,2/28/2026,13:28:00,Saturday,Delhi,V006,Tandoori Nights,Food Delivery,DRV054,4.62,Clear,1,1359.76,44.8,0,0,3
ORD02026,6/3/2026,20:27:00,Wednesday,Delhi,V006,Tandoori Nights,Food Delivery,DRV020,1.22,Clear,1,1078.58,23,0,0,4
ORD02027,6/15/2026,19:15:00,Monday,Mumbai,V012,Dosa Point,Food Delivery,DRV018,1.22,Clear,1,909.18,16,0,0,5
ORD02028,4/15/2026,17:37:00,Wednesday,Delhi,V005,Green Leaf Cafe,Food Delivery,DRV004,2.13,Clear,0,753.47,23.3,0,0,4
ORD02029,4/1/2026,21:48:00,Wednesday,Mumbai,V007,Wok This Way,Food Delivery,DRV014,3.36,Clear,1,693.93,30.9,0,0,4
ORD02030,5/3/2026,22:38:00,Sunday,Mumbai,V012,Dosa Point,Grocery,DRV059,3.29,Clear,0,1063.94,31.4,0,0,5
ORD02031,1/11/2026,11:49:00,Sunday,Hyderabad,V011,Roti Roll Co.,Grocery,DRV048,0.76,Clear,0,1071.6,19.1,0,0,4
ORD02032,5/21/2026,11:00:00,Thursday,Bengaluru,V010,Bun Intended Burgers,Grocery,DRV027,4.87,Clear,0,1057.2,46.5,1,0,4
ORD02033,5/27/2026,19:09:00,Wednesday,Mumbai,V012,Dosa Point,Grocery,DRV016,1.39,Rain,1,893.49,22,0,0,5
ORD02034,3/7/2026,11:37:00,Saturday,Chennai,V003,Bowl & Broth,Grocery,DRV018,1.32,Rain,0,323.7,22.7,0,0,5
ORD02035,1/28/2026,21:11:00,Wednesday,Chennai,V002,Urban Tadka,Pharmacy,DRV008,2.65,Clear,1,874.04,22.5,0,0,5
ORD02036,4/10/2026,21:51:00,Friday,Bengaluru,V008,Pizza Junction,Food Delivery,DRV042,7.08,Clear,1,623.44,56.3,1,0,3
ORD02037,2/7/2026,15:11:00,Saturday,Hyderabad,V011,Roti Roll Co.,Grocery,DRV015,4.82,Clear,0,139.77,31.1,0,0,4
ORD02038,1/6/2026,14:14:00,Tuesday,Mumbai,V012,Dosa Point,Grocery,DRV059,2.93,Clear,0,255.02,30.2,0,0,5
ORD02039,4/26/2026,8:44:00,Sunday,Chennai,V002,Urban Tadka,Food Delivery,DRV030,1.33,Clear,0,269.01,17.5,0,0,5
ORD02040,6/2/2026,22:45:00,Tuesday,Chennai,V002,Urban Tadka,Grocery,DRV040,8,Heavy Traffic Event,0,794.98,63.7,1,0,3
ORD02041,4/6/2026,16:00:00,Monday,Mumbai,V007,Wok This Way,Food Delivery,DRV054,0.72,Clear,0,822.3,16.4,0,0,4
ORD02042,3/31/2026,19:39:00,Tuesday,Chennai,V003,Bowl & Broth,Pharmacy,DRV034,1.22,Clear,1,126.53,23.2,0,0,5
ORD02043,6/1/2026,12:02:00,Monday,Bengaluru,V004,Curry Express,Food Delivery,DRV040,4.43,Clear,1,535.82,44.7,0,0,5
ORD02044,2/6/2026,17:05:00,Friday,Chennai,V002,Urban Tadka,Food Delivery,DRV032,2.69,Rain,0,981.34,22.1,0,0,5
ORD02045,3/2/2026,17:40:00,Monday,Hyderabad,V009,Sushi Central,Grocery,DRV029,0.37,Heavy Traffic Event,0,348.12,28.7,0,0,4
ORD02046,3/3/2026,18:09:00,Tuesday,Mumbai,V012,Dosa Point,Food Delivery,DRV044,2.47,Clear,0,557.85,27,0,0,5
ORD02047,6/22/2026,13:55:00,Monday,Bengaluru,V008,Pizza Junction,Food Delivery,DRV042,4.31,Clear,1,358.4,36.9,0,0,5
ORD02048,2/5/2026,20:05:00,Thursday,Chennai,V001,Spice Route Kitchen,Grocery,DRV004,0.87,Clear,1,549.33,19.8,0,0,4
ORD02049,1/24/2026,18:24:00,Saturday,Chennai,V001,Spice Route Kitchen,Food Delivery,DRV057,4.17,Clear,0,743.42,42.6,0,0,3
ORD02050,4/1/2026,13:27:00,Wednesday,Bengaluru,V004,Curry Express,Food Delivery,DRV048,1.86,Clear,1,204.84,27.3,0,0,5
ORD02051,1/24/2026,16:20:00,Saturday,Chennai,V002,Urban Tadka,Food Delivery,DRV040,1.05,Clear,0,559.35,10.7,0,0,5
ORD02052,3/1/2026,11:32:00,Sunday,Mumbai,V012,Dosa Point,Food Delivery,DRV003,0.61,Rain,0,652.5,21.7,0,0,5
ORD02053,5/31/2026,14:34:00,Sunday,Bengaluru,V010,Bun Intended Burgers,Food Delivery,DRV013,4.83,Rain,0,1399.76,40.3,0,0,4
ORD02054,5/20/2026,16:03:00,Wednesday,Hyderabad,V009,Sushi Central,Food Delivery,DRV024,1.3,Heavy Traffic Event,0,486.75,30.2,0,0,4
ORD02055,4/4/2026,16:21:00,Saturday,Bengaluru,V004,Curry Express,Grocery,DRV023,5.22,Clear,0,961.76,31.6,0,0,5
ORD02056,1/16/2026,11:18:00,Friday,Mumbai,V012,Dosa Point,Food Delivery,DRV039,2.61,Clear,0,1314.87,24.3,0,0,5
ORD02057,2/18/2026,13:02:00,Wednesday,Bengaluru,V008,Pizza Junction,Food Delivery,DRV030,4.93,Rain,1,455.18,55.1,1,0,4
ORD02058,5/19/2026,11:08:00,Tuesday,Hyderabad,V009,Sushi Central,Food Delivery,DRV027,3.14,Clear,0,456.69,28.6,0,0,4
ORD02059,2/27/2026,15:53:00,Friday,Bengaluru,V008,Pizza Junction,Food Delivery,DRV048,1.15,Clear,0,1313.58,14.8,0,0,5
ORD02060,4/26/2026,8:15:00,Sunday,Bengaluru,V004,Curry Express,Food Delivery,DRV015,0.79,Clear,0,152.12,11.3,0,0,5
ORD02061,1/14/2026,16:33:00,Wednesday,Delhi,V005,Green Leaf Cafe,Grocery,DRV028,0.68,Heavy Traffic Event,0,1196.38,21.5,0,0,3
ORD02062,5/5/2026,9:37:00,Tuesday,Chennai,V003,Bowl & Broth,Pharmacy,DRV039,2.44,Clear,0,361.49,17.6,0,0,5
ORD02063,1/12/2026,15:32:00,Monday,Delhi,V005,Green Leaf Cafe,Food Delivery,DRV002,2.21,Clear,0,446.15,32.4,0,0,4
ORD02064,3/11/2026,22:25:00,Wednesday,Bengaluru,V004,Curry Express,Food Delivery,DRV041,3.99,Clear,0,755,33.6,0,0,5
ORD02065,2/4/2026,16:57:00,Wednesday,Delhi,V005,Green Leaf Cafe,Food Delivery,DRV026,6.44,Clear,0,598.07,40.6,0,0,4
ORD02066,3/20/2026,15:16:00,Friday,Hyderabad,V011,Roti Roll Co.,Food Delivery,DRV021,3.7,Rain,0,1064.99,41.9,0,0,3
ORD02067,6/12/2026,16:54:00,Friday,Bengaluru,V010,Bun Intended Burgers,Food Delivery,DRV057,9.54,Clear,0,1188.8,60.5,1,0,4
ORD02068,2/19/2026,22:45:00,Thursday,Chennai,V002,Urban Tadka,Food Delivery,DRV012,2.2,Clear,0,1226.58,24.1,0,0,5
ORD02069,5/16/2026,16:41:00,Saturday,Delhi,V006,Tandoori Nights,Food Delivery,DRV031,5.16,Clear,0,1245.22,39.4,0,0,3
ORD02070,5/7/2026,15:23:00,Thursday,Hyderabad,V011,Roti Roll Co.,Food Delivery,DRV052,2.09,Clear,0,873.04,26.1,0,0,4
ORD02071,4/30/2026,9:22:00,Thursday,Hyderabad,V009,Sushi Central,Food Delivery,DRV013,7.6,Heavy Traffic Event,0,509.17,66.7,1,0,3
ORD02072,6/18/2026,21:14:00,Thursday,Mumbai,V012,Dosa Point,Food Delivery,DRV018,7.05,Clear,1,399.61,61.3,1,0,4
ORD02073,4/24/2026,19:47:00,Friday,Mumbai,V012,Dosa Point,Food Delivery,DRV003,1.83,Clear,1,212.5,35.2,0,0,5
ORD02074,4/4/2026,15:12:00,Saturday,Mumbai,V007,Wok This Way,Food Delivery,DRV057,3.59,Clear,0,940.47,30.9,0,0,3
ORD02075,6/12/2026,13:40:00,Friday,Chennai,V001,Spice Route Kitchen,Food Delivery,DRV044,1.95,Heavy Traffic Event,1,663.53,31.6,0,0,4
ORD02076,3/2/2026,11:36:00,Monday,Chennai,V002,Urban Tadka,Food Delivery,DRV004,8.01,Clear,0,1007.66,50.1,1,0,4
ORD02077,5/2/2026,15:31:00,Saturday,Chennai,V002,Urban Tadka,Food Delivery,DRV050,1.84,Clear,0,388.69,18.5,0,0,5
ORD02078,4/9/2026,14:30:00,Thursday,Chennai,V001,Spice Route Kitchen,Grocery,DRV035,0.68,Rain,0,793.08,20.9,0,0,4
ORD02079,2/8/2026,16:50:00,Sunday,Chennai,V003,Bowl & Broth,Food Delivery,DRV006,0.63,Rain,0,1159.31,14,0,0,5
ORD02080,5/31/2026,21:27:00,Sunday,Bengaluru,V008,Pizza Junction,Food Delivery,DRV012,1.43,Heavy Traffic Event,1,182.1,27.4,0,0,5
ORD02081,1/29/2026,21:34:00,Thursday,Mumbai,V012,Dosa Point,Grocery,DRV047,1.6,Clear,1,669.52,26,0,0,5
ORD02082,6/16/2026,14:53:00,Tuesday,Mumbai,V007,Wok This Way,Food Delivery,DRV055,1.8,Clear,0,1163.08,18.7,0,0,4
ORD02083,6/21/2026,18:40:00,Sunday,Mumbai,V012,Dosa Point,Food Delivery,DRV014,4.18,Clear,0,1204.53,36.9,0,0,5
ORD02084,1/21/2026,13:30:00,Wednesday,Hyderabad,V011,Roti Roll Co.,Grocery,DRV043,1.91,Clear,1,870.13,22.8,0,0,3
ORD02085,1/24/2026,15:58:00,Saturday,Hyderabad,V011,Roti Roll Co.,Food Delivery,DRV002,2.64,Heavy Traffic Event,0,401.5,28,0,0,3
ORD02086,1/31/2026,22:29:00,Saturday,Hyderabad,V011,Roti Roll Co.,Pharmacy,DRV020,5.36,Heavy Traffic Event,0,1066.76,49.6,1,0,2
ORD02087,2/12/2026,15:21:00,Thursday,Chennai,V001,Spice Route Kitchen,Food Delivery,DRV025,2.63,Rain,0,1000.62,31.7,0,0,4
ORD02088,1/23/2026,8:39:00,Friday,Mumbai,V007,Wok This Way,Food Delivery,DRV030,5.23,Heavy Traffic Event,0,131.97,50.6,1,0,2
ORD02089,5/4/2026,22:21:00,Monday,Hyderabad,V011,Roti Roll Co.,Food Delivery,DRV024,2.8,Rain,0,370.47,23.8,0,0,3
ORD02090,1/8/2026,15:43:00,Thursday,Bengaluru,V010,Bun Intended Burgers,Grocery,DRV045,1.09,Rain,0,1327.81,11.5,0,0,5
ORD02091,4/14/2026,17:17:00,Tuesday,Bengaluru,V010,Bun Intended Burgers,Food Delivery,DRV021,4.3,Clear,0,1353.58,33.4,0,0,5
ORD02092,3/1/2026,14:15:00,Sunday,Delhi,V006,Tandoori Nights,Food Delivery,DRV017,6.93,Rain,0,739.13,68.8,1,0,2
ORD02093,5/20/2026,22:38:00,Wednesday,Hyderabad,V009,Sushi Central,Food Delivery,DRV028,0.22,Rain,0,577.49,14.2,0,0,4
ORD02094,3/6/2026,15:04:00,Friday,Chennai,V001,Spice Route Kitchen,Grocery,DRV034,4.55,Clear,0,1177.71,48.6,1,0,4
ORD02095,4/16/2026,21:41:00,Thursday,Hyderabad,V009,Sushi Central,Food Delivery,DRV049,9.77,Heavy Traffic Event,1,544.72,103.2,1,0,2
ORD02096,6/5/2026,13:53:00,Friday,Hyderabad,V011,Roti Roll Co.,Food Delivery,DRV030,0.97,Clear,1,133.27,15,0,0,4
ORD02097,1/9/2026,11:47:00,Friday,Bengaluru,V004,Curry Express,Pharmacy,DRV012,4.35,Clear,0,294.41,32.2,0,0,5
ORD02098,5/25/2026,18:36:00,Monday,Hyderabad,V009,Sushi Central,Food Delivery,DRV058,2.47,Rain,0,1118.12,35,0,0,4
ORD02099,6/5/2026,20:05:00,Friday,Bengaluru,V008,Pizza Junction,Food Delivery,DRV010,3.31,Clear,1,1194.2,24.4,0,0,5
ORD02100,3/9/2026,17:21:00,Monday,Hyderabad,V011,Roti Roll Co.,Food Delivery,DRV005,2.92,Clear,0,1326.38,19.6,0,0,3
ORD02101,6/15/2026,14:09:00,Monday,Bengaluru,V008,Pizza Junction,Food Delivery,DRV037,1.48,Clear,0,1143.17,14.7,0,0,5
ORD02102,2/6/2026,21:18:00,Friday,Chennai,V001,Spice Route Kitchen,Pharmacy,DRV059,2.78,Rain,1,431.34,43.6,0,0,3
ORD02103,4/25/2026,15:01:00,Saturday,Delhi,V006,Tandoori Nights,Grocery,DRV045,1.35,Clear,0,427.65,24.5,0,0,4
ORD02104,6/5/2026,15:01:00,Friday,Bengaluru,V010,Bun Intended Burgers,Food Delivery,DRV022,1.41,Heavy Traffic Event,0,833.51,23,0,0,4
ORD02105,1/2/2026,15:13:00,Friday,Bengaluru,V004,Curry Express,Food Delivery,DRV002,1.13,Clear,0,1078.88,18,0,0,4
ORD02106,1/31/2026,11:11:00,Saturday,Delhi,V005,Green Leaf Cafe,Grocery,DRV026,6.65,Clear,0,1048.54,35.5,0,0,3
ORD02107,3/10/2026,15:17:00,Tuesday,Chennai,V003,Bowl & Broth,Pharmacy,DRV001,4.71,Clear,0,1151.65,32.9,0,0,5
ORD02108,3/11/2026,12:28:00,Wednesday,Hyderabad,V011,Roti Roll Co.,Grocery,DRV001,1.88,Clear,1,339.34,21.3,0,0,3
ORD02109,1/7/2026,14:12:00,Wednesday,Chennai,V003,Bowl & Broth,Food Delivery,DRV015,1.9,Rain,0,639.22,27.6,0,0,5
ORD02110,4/30/2026,16:37:00,Thursday,Bengaluru,V004,Curry Express,Food Delivery,DRV025,3.43,Clear,0,242.02,32.5,0,0,5
ORD02111,6/29/2026,21:37:00,Monday,Chennai,V001,Spice Route Kitchen,Food Delivery,DRV021,5.17,Clear,1,346.96,53.1,1,0,3
ORD02112,3/20/2026,15:21:00,Friday,Hyderabad,V011,Roti Roll Co.,Food Delivery,DRV041,2.46,Clear,0,981.61,25.7,0,0,3
ORD02113,5/25/2026,13:36:00,Monday,Delhi,V006,Tandoori Nights,Food Delivery,DRV009,2.66,Clear,1,1132.7,32.8,0,0,4
ORD02114,2/19/2026,17:38:00,Thursday,Mumbai,V007,Wok This Way,Grocery,DRV048,2.53,Rain,0,974.64,34.1,0,0,3
ORD02115,6/3/2026,12:01:00,Wednesday,Hyderabad,V009,Sushi Central,Food Delivery,DRV055,1.03,Clear,1,1305.75,23,0,0,5
ORD02116,3/27/2026,8:34:00,Friday,Bengaluru,V010,Bun Intended Burgers,Food Delivery,DRV044,2.32,Clear,0,1146.97,20.9,0,0,4
ORD02117,2/25/2026,19:01:00,Wednesday,Hyderabad,V011,Roti Roll Co.,Food Delivery,DRV060,1.64,Clear,1,951.76,20.3,0,0,3
ORD02118,2/10/2026,8:00:00,Tuesday,Mumbai,V012,Dosa Point,Grocery,DRV044,0.57,Clear,0,405.85,22.9,0,0,5
ORD02119,3/4/2026,13:55:00,Wednesday,Chennai,V001,Spice Route Kitchen,Food Delivery,DRV020,3.93,Clear,1,1239.25,42.5,0,0,4
ORD02120,3/12/2026,12:56:00,Thursday,Bengaluru,V010,Bun Intended Burgers,Food Delivery,DRV002,2.39,Clear,1,375.24,22.1,0,0,5
ORD02121,2/8/2026,15:57:00,Sunday,Bengaluru,V004,Curry Express,Food Delivery,DRV003,1.58,Rain,0,197.8,22.6,0,0,5
ORD02122,4/13/2026,14:34:00,Monday,Delhi,V006,Tandoori Nights,Food Delivery,DRV006,7.12,Clear,0,446.55,58.8,1,0,3
ORD02123,5/30/2026,18:27:00,Saturday,Mumbai,V007,Wok This Way,Food Delivery,DRV037,9.44,Clear,0,1394.96,71.1,1,0,2
ORD02124,4/28/2026,12:27:00,Tuesday,Chennai,V002,Urban Tadka,Food Delivery,DRV026,3.03,Clear,1,571.86,35.8,0,0,5
ORD02125,3/9/2026,14:11:00,Monday,Hyderabad,V009,Sushi Central,Food Delivery,DRV015,5.87,Heavy Traffic Event,0,434.31,,0,1,
ORD02126,5/24/2026,22:23:00,Sunday,Mumbai,V012,Dosa Point,Pharmacy,DRV048,7.61,Rain,0,162.57,56,1,0,4
ORD02127,6/29/2026,8:06:00,Monday,Hyderabad,V011,Roti Roll Co.,Food Delivery,DRV019,3.89,Clear,0,233.54,33.3,0,0,3
ORD02128,6/27/2026,14:30:00,Saturday,Delhi,V005,Green Leaf Cafe,Food Delivery,DRV052,6.81,Clear,0,645.9,47.5,1,0,4
ORD02129,1/7/2026,12:45:00,Wednesday,Hyderabad,V011,Roti Roll Co.,Food Delivery,DRV040,2.86,Clear,1,972.35,33.4,0,0,4
ORD02130,5/28/2026,9:20:00,Thursday,Mumbai,V007,Wok This Way,Grocery,DRV001,1.31,Clear,0,1161.85,22.1,0,0,3
ORD02131,6/27/2026,17:22:00,Saturday,Hyderabad,V011,Roti Roll Co.,Food Delivery,DRV026,2.03,Clear,0,1158.71,26.2,0,0,4
ORD02132,4/25/2026,16:10:00,Saturday,Bengaluru,V004,Curry Express,Food Delivery,DRV025,2.54,Clear,0,877.7,21.8,0,0,5
ORD02133,2/22/2026,10:37:00,Sunday,Bengaluru,V004,Curry Express,Food Delivery,DRV028,1.89,Clear,0,259.86,20,0,0,4
ORD02134,5/8/2026,20:37:00,Friday,Chennai,V002,Urban Tadka,Food Delivery,DRV039,0.65,Clear,1,452.43,19.3,0,0,5
ORD02135,5/6/2026,20:16:00,Wednesday,Chennai,V003,Bowl & Broth,Food Delivery,DRV009,2.72,Rain,1,552.82,32,0,0,5
ORD02136,2/9/2026,15:38:00,Monday,Chennai,V003,Bowl & Broth,Food Delivery,DRV044,9.95,Clear,0,237.16,58,1,0,3
ORD02137,4/29/2026,14:51:00,Wednesday,Delhi,V005,Green Leaf Cafe,Food Delivery,DRV047,6.48,Clear,0,617.32,50.4,1,0,4
ORD02138,4/11/2026,15:47:00,Saturday,Chennai,V002,Urban Tadka,Food Delivery,DRV035,5.25,Clear,0,158,32,0,0,5
ORD02139,6/23/2026,8:49:00,Tuesday,Bengaluru,V010,Bun Intended Burgers,Grocery,DRV050,2.23,Heavy Traffic Event,0,867.7,28.7,0,0,4
ORD02140,6/29/2026,17:51:00,Monday,Chennai,V003,Bowl & Broth,Food Delivery,DRV007,3.72,Clear,0,416.87,27.5,0,0,5
ORD02141,4/24/2026,16:57:00,Friday,Chennai,V003,Bowl & Broth,Pharmacy,DRV006,0.69,Clear,0,187.12,16.5,0,0,5
ORD02142,5/3/2026,14:27:00,Sunday,Mumbai,V012,Dosa Point,Food Delivery,DRV054,5.18,Rain,0,952.78,41.8,0,0,5
ORD02143,1/21/2026,11:46:00,Wednesday,Hyderabad,V011,Roti Roll Co.,Food Delivery,DRV011,5.1,Clear,0,217.8,36.1,0,0,4
ORD02144,2/8/2026,10:38:00,Sunday,Chennai,V002,Urban Tadka,Food Delivery,DRV005,1.15,Clear,0,189.3,22.8,0,0,5
ORD02145,4/4/2026,20:41:00,Saturday,Delhi,V005,Green Leaf Cafe,Grocery,DRV005,4.63,Clear,1,133.13,30.1,0,0,4
ORD02146,2/26/2026,17:32:00,Thursday,Delhi,V005,Green Leaf Cafe,Food Delivery,DRV016,1.31,Clear,0,126.99,23.9,0,0,4
ORD02147,5/11/2026,13:50:00,Monday,Delhi,V006,Tandoori Nights,Food Delivery,DRV020,1.03,Clear,1,838.61,27.2,0,0,4
ORD02148,6/13/2026,21:56:00,Saturday,Hyderabad,V011,Roti Roll Co.,Food Delivery,DRV003,3.24,Clear,1,378.02,33.9,0,0,3
ORD02149,5/15/2026,14:29:00,Friday,Bengaluru,V004,Curry Express,Grocery,DRV051,1.25,Rain,0,564.38,22.5,0,0,5
ORD02150,2/16/2026,13:14:00,Monday,Mumbai,V007,Wok This Way,Food Delivery,DRV022,11.76,Rain,1,203.53,109.4,1,0,1
ORD02151,4/2/2026,13:41:00,Thursday,Chennai,V001,Spice Route Kitchen,Food Delivery,DRV050,0.24,Clear,1,1058.05,32.8,0,0,4
ORD02152,3/23/2026,20:46:00,Monday,Delhi,V006,Tandoori Nights,Food Delivery,DRV016,1.75,Clear,1,1200.82,28.4,0,0,3
ORD02153,6/25/2026,16:24:00,Thursday,Chennai,V003,Bowl & Broth,Grocery,DRV052,5.45,Heavy Traffic Event,0,600.44,52.1,1,0,3
ORD02154,6/28/2026,17:51:00,Sunday,Hyderabad,V009,Sushi Central,Food Delivery,DRV006,3.8,Clear,0,991.87,36.5,0,0,4
ORD02155,2/10/2026,14:02:00,Tuesday,Bengaluru,V010,Bun Intended Burgers,Food Delivery,DRV044,2.99,Rain,0,637.83,26.8,0,0,5
ORD02156,4/15/2026,13:13:00,Wednesday,Chennai,V003,Bowl & Broth,Grocery,DRV056,3.55,Rain,1,1137.57,31.8,0,0,5
ORD02157,2/21/2026,12:16:00,Saturday,Bengaluru,V008,Pizza Junction,Food Delivery,DRV002,0.83,Clear,1,818.71,16.6,0,0,5
ORD02158,4/15/2026,21:01:00,Wednesday,Hyderabad,V009,Sushi Central,Food Delivery,DRV026,3.88,Clear,1,797.27,43,0,0,4
ORD02159,5/31/2026,13:07:00,Sunday,Bengaluru,V010,Bun Intended Burgers,Food Delivery,DRV038,1.91,Clear,1,1092.49,25.8,0,0,4
ORD02160,5/18/2026,11:03:00,Monday,Mumbai,V007,Wok This Way,Food Delivery,DRV047,0.35,Clear,0,619.11,14.6,0,0,4
ORD02161,2/25/2026,10:24:00,Wednesday,Chennai,V002,Urban Tadka,Pharmacy,DRV024,4.34,Clear,0,176.02,31.6,0,0,5
ORD02162,4/30/2026,15:03:00,Thursday,Chennai,V003,Bowl & Broth,Food Delivery,DRV037,2.86,Clear,0,1175.85,27.2,0,0,4
ORD02163,2/27/2026,11:53:00,Friday,Chennai,V002,Urban Tadka,Food Delivery,DRV002,2.31,Clear,0,1103.25,,0,1,
ORD02164,2/6/2026,15:27:00,Friday,Bengaluru,V004,Curry Express,Food Delivery,DRV013,6.42,Clear,0,793.47,47.6,1,0,4
ORD02165,1/17/2026,22:12:00,Saturday,Bengaluru,V004,Curry Express,Food Delivery,DRV005,2.02,Rain,0,307.04,25.8,0,0,4
ORD02166,5/8/2026,14:31:00,Friday,Hyderabad,V009,Sushi Central,Food Delivery,DRV051,1.17,Rain,0,1264.67,25.3,0,0,4
ORD02167,6/19/2026,22:02:00,Friday,Chennai,V001,Spice Route Kitchen,Grocery,DRV030,0.26,Clear,0,188.71,17.9,0,0,4
ORD02168,4/4/2026,17:38:00,Saturday,Bengaluru,V010,Bun Intended Burgers,Food Delivery,DRV058,2.43,Clear,0,534.19,26.9,0,0,4
ORD02169,6/18/2026,15:22:00,Thursday,Mumbai,V012,Dosa Point,Food Delivery,DRV004,4.37,Rain,0,525.7,48,1,0,4
ORD02170,5/1/2026,17:50:00,Friday,Chennai,V001,Spice Route Kitchen,Food Delivery,DRV039,3.93,Clear,0,1375.21,31.1,0,0,4
ORD02171,2/6/2026,13:44:00,Friday,Mumbai,V007,Wok This Way,Food Delivery,DRV050,2.96,Clear,1,1348.14,31.4,0,0,3
ORD02172,3/12/2026,11:33:00,Thursday,Delhi,V005,Green Leaf Cafe,Grocery,DRV013,0.75,Clear,0,1193.15,12.4,0,0,4
ORD02173,1/14/2026,16:28:00,Wednesday,Mumbai,V007,Wok This Way,Food Delivery,DRV037,2.88,Clear,0,768.97,31.5,0,0,4
ORD02174,1/13/2026,12:41:00,Tuesday,Chennai,V002,Urban Tadka,Grocery,DRV005,1.2,Heavy Traffic Event,1,1089.77,17.7,0,0,5
ORD02175,3/1/2026,10:12:00,Sunday,Mumbai,V012,Dosa Point,Food Delivery,DRV057,5.08,Clear,0,590.55,40.1,0,0,5
ORD02176,1/16/2026,15:02:00,Friday,Bengaluru,V010,Bun Intended Burgers,Food Delivery,DRV033,0.54,Clear,0,900.23,13.5,0,0,4
ORD02177,1/14/2026,12:04:00,Wednesday,Hyderabad,V009,Sushi Central,Food Delivery,DRV033,7.26,Clear,1,1306.96,50,1,0,4
ORD02178,1/26/2026,15:23:00,Monday,Mumbai,V007,Wok This Way,Food Delivery,DRV010,1.37,Clear,0,1282.79,25.1,0,0,4
ORD02179,3/10/2026,15:24:00,Tuesday,Delhi,V005,Green Leaf Cafe,Grocery,DRV037,3.9,Clear,0,549.44,33.4,0,0,3
ORD02180,3/19/2026,16:24:00,Thursday,Delhi,V005,Green Leaf Cafe,Food Delivery,DRV048,0.53,Clear,0,981.73,12.2,0,0,4
ORD02181,1/10/2026,12:01:00,Saturday,Mumbai,V012,Dosa Point,Food Delivery,DRV008,0.99,Heavy Traffic Event,1,310.31,26.3,0,0,5
ORD02182,5/1/2026,12:03:00,Friday,Hyderabad,V009,Sushi Central,Grocery,DRV060,4.59,Clear,1,1321.72,44.8,0,0,4
ORD02183,5/25/2026,22:58:00,Monday,Delhi,V006,Tandoori Nights,Food Delivery,DRV035,1.62,Clear,0,658.18,25.7,0,0,4
ORD02184,4/7/2026,17:10:00,Tuesday,Delhi,V006,Tandoori Nights,Food Delivery,DRV052,2.18,Clear,0,298.53,25.7,0,0,3
ORD02185,6/6/2026,14:20:00,Saturday,Chennai,V001,Spice Route Kitchen,Pharmacy,DRV010,1.77,Clear,0,527.33,26.4,0,0,4
ORD02186,3/5/2026,16:28:00,Thursday,Chennai,V003,Bowl & Broth,Food Delivery,DRV053,4.02,Clear,0,1070.29,26.5,0,0,5
ORD02187,2/14/2026,11:41:00,Saturday,Delhi,V006,Tandoori Nights,Grocery,DRV032,1.56,Clear,0,706.72,23,0,0,4
ORD02188,5/10/2026,14:08:00,Sunday,Hyderabad,V011,Roti Roll Co.,Food Delivery,DRV058,5.95,Rain,0,1338.58,45.3,1,0,3
ORD02189,2/22/2026,22:29:00,Sunday,Bengaluru,V008,Pizza Junction,Food Delivery,DRV037,6.7,Heavy Traffic Event,0,413.72,71.9,1,0,3
ORD02190,3/5/2026,14:48:00,Thursday,Bengaluru,V008,Pizza Junction,Grocery,DRV028,7.39,Clear,0,1282.49,50.6,1,0,5
ORD02191,4/3/2026,16:14:00,Friday,Bengaluru,V010,Bun Intended Burgers,Food Delivery,DRV009,5.67,Clear,0,660.74,50.2,1,0,4
ORD02192,5/23/2026,15:12:00,Saturday,Hyderabad,V009,Sushi Central,Pharmacy,DRV053,5.65,Clear,0,511.92,37,0,0,4
ORD02193,6/13/2026,16:29:00,Saturday,Bengaluru,V008,Pizza Junction,Grocery,DRV034,1.79,Rain,0,900.94,24.8,0,0,5
ORD02194,3/28/2026,18:33:00,Saturday,Delhi,V006,Tandoori Nights,Grocery,DRV039,2.97,Clear,0,293.83,33.2,0,0,3
ORD02195,4/1/2026,19:44:00,Wednesday,Hyderabad,V009,Sushi Central,Grocery,DRV025,1.07,Clear,1,1054.61,20.5,0,0,5
ORD02196,1/3/2026,14:02:00,Saturday,Chennai,V001,Spice Route Kitchen,Food Delivery,DRV023,3.47,Clear,0,739.21,31.8,0,0,4
ORD02197,6/14/2026,22:38:00,Sunday,Chennai,V002,Urban Tadka,Food Delivery,DRV046,3.44,Clear,0,730.94,33.4,0,0,5
ORD02198,5/23/2026,20:22:00,Saturday,Hyderabad,V009,Sushi Central,Grocery,DRV024,0.84,Clear,1,636.51,22.9,0,0,5
ORD02199,3/26/2026,14:57:00,Thursday,Hyderabad,V009,Sushi Central,Food Delivery,DRV042,2.47,Clear,0,834.36,31.5,0,0,4
ORD02200,3/12/2026,13:54:00,Thursday,Chennai,V001,Spice Route Kitchen,Food Delivery,DRV028,2.91,Clear,1,1258.37,27.4,0,0,5
ORD02201,5/25/2026,14:37:00,Monday,Mumbai,V012,Dosa Point,Food Delivery,DRV039,7.47,Rain,0,771.76,61.7,1,0,3
ORD02202,2/3/2026,12:12:00,Tuesday,Chennai,V001,Spice Route Kitchen,Grocery,DRV050,1.9,Rain,1,753.79,26.7,0,0,4
ORD02203,5/21/2026,16:14:00,Thursday,Hyderabad,V011,Roti Roll Co.,Food Delivery,DRV005,3.33,Clear,0,710.84,30.6,0,0,3
ORD02204,4/9/2026,12:23:00,Thursday,Chennai,V003,Bowl & Broth,Grocery,DRV036,2.8,Rain,1,543.88,36,0,0,4
ORD02205,1/31/2026,8:35:00,Saturday,Chennai,V001,Spice Route Kitchen,Food Delivery,DRV033,2.88,Clear,0,1377.65,32.1,0,0,4
ORD02206,6/22/2026,13:54:00,Monday,Delhi,V006,Tandoori Nights,Food Delivery,DRV011,2.11,Heavy Traffic Event,1,132.88,32.5,0,0,3
ORD02207,5/11/2026,17:47:00,Monday,Chennai,V003,Bowl & Broth,Food Delivery,DRV018,3.05,Clear,0,288.24,26,0,0,5
ORD02208,1/26/2026,14:21:00,Monday,Hyderabad,V011,Roti Roll Co.,Food Delivery,DRV025,3.37,Clear,0,448.28,24.7,0,0,3
ORD02209,4/11/2026,15:57:00,Saturday,Hyderabad,V009,Sushi Central,Food Delivery,DRV014,4.02,Rain,0,1226.57,39.9,0,0,4
ORD02210,2/23/2026,12:42:00,Monday,Chennai,V001,Spice Route Kitchen,Grocery,DRV038,1.64,Clear,1,992.42,30.1,0,0,4
ORD02211,4/3/2026,12:23:00,Friday,Mumbai,V012,Dosa Point,Food Delivery,DRV046,6.08,Clear,1,712.59,,0,1,
ORD02212,3/14/2026,18:44:00,Saturday,Delhi,V005,Green Leaf Cafe,Food Delivery,DRV055,1.82,Clear,0,1047.78,16.7,0,0,4
ORD02213,1/13/2026,14:05:00,Tuesday,Bengaluru,V010,Bun Intended Burgers,Food Delivery,DRV003,2.89,Clear,0,1315.93,21.9,0,0,5
ORD02214,6/15/2026,15:03:00,Monday,Mumbai,V012,Dosa Point,Food Delivery,DRV014,1.93,Clear,0,815.83,24.9,0,0,5
ORD02215,2/6/2026,16:39:00,Friday,Chennai,V003,Bowl & Broth,Pharmacy,DRV044,6.74,Clear,0,1280.64,51.4,1,0,4
ORD02216,4/12/2026,22:06:00,Sunday,Mumbai,V007,Wok This Way,Food Delivery,DRV032,3.27,Clear,0,351.93,38.2,0,0,3
ORD02217,2/16/2026,21:47:00,Monday,Hyderabad,V011,Roti Roll Co.,Food Delivery,DRV015,3.18,Clear,1,139.88,26.5,0,0,3
ORD02218,3/9/2026,14:20:00,Monday,Mumbai,V007,Wok This Way,Pharmacy,DRV056,2.76,Clear,0,295.14,,0,1,
ORD02219,1/9/2026,12:19:00,Friday,Hyderabad,V011,Roti Roll Co.,Grocery,DRV013,3.08,Clear,1,1101.43,28.1,0,0,4
ORD02220,4/15/2026,18:09:00,Wednesday,Chennai,V003,Bowl & Broth,Food Delivery,DRV054,1.61,Heavy Traffic Event,0,1137.96,28.5,0,0,5
ORD02221,4/4/2026,12:46:00,Saturday,Delhi,V006,Tandoori Nights,Food Delivery,DRV040,6.26,Clear,1,229.85,64.7,1,0,2
ORD02222,1/20/2026,21:06:00,Tuesday,Chennai,V002,Urban Tadka,Food Delivery,DRV004,2.95,Clear,1,1397.88,30.3,0,0,5
ORD02223,4/17/2026,14:49:00,Friday,Mumbai,V007,Wok This Way,Food Delivery,DRV001,1.73,Rain,0,1220.53,20.9,0,0,4
ORD02224,1/2/2026,22:08:00,Friday,Chennai,V001,Spice Route Kitchen,Grocery,DRV019,2.34,Clear,0,1353.68,29,0,0,4
ORD02225,3/27/2026,22:24:00,Friday,Delhi,V005,Green Leaf Cafe,Food Delivery,DRV016,8.32,Clear,0,1014.26,49.3,1,0,3
ORD02226,2/9/2026,21:40:00,Monday,Hyderabad,V009,Sushi Central,Food Delivery,DRV053,4.25,Clear,1,447.42,41,0,0,5
ORD02227,6/12/2026,15:38:00,Friday,Delhi,V005,Green Leaf Cafe,Food Delivery,DRV029,1.44,Clear,0,366.68,21,0,0,4
ORD02228,1/25/2026,15:11:00,Sunday,Mumbai,V007,Wok This Way,Food Delivery,DRV036,0.23,Clear,0,768.94,13.8,0,0,3
ORD02229,6/3/2026,12:21:00,Wednesday,Chennai,V001,Spice Route Kitchen,Grocery,DRV049,0.95,Clear,1,870.45,22.9,0,0,4
ORD02230,6/18/2026,14:18:00,Thursday,Hyderabad,V011,Roti Roll Co.,Pharmacy,DRV031,1.6,Clear,0,498.07,22.4,0,0,4
ORD02231,1/22/2026,16:02:00,Thursday,Delhi,V006,Tandoori Nights,Grocery,DRV017,2.19,Heavy Traffic Event,0,1257.27,28.5,0,0,3
ORD02232,6/4/2026,13:21:00,Thursday,Chennai,V002,Urban Tadka,Food Delivery,DRV006,1.89,Clear,1,801.91,28.3,0,0,5
ORD02233,4/17/2026,22:04:00,Friday,Delhi,V006,Tandoori Nights,Food Delivery,DRV045,3.81,Clear,0,282.11,32.5,0,0,4
ORD02234,4/11/2026,22:14:00,Saturday,Hyderabad,V009,Sushi Central,Food Delivery,DRV022,1.88,Clear,0,988.26,24.8,0,0,4
ORD02235,5/18/2026,17:47:00,Monday,Hyderabad,V011,Roti Roll Co.,Food Delivery,DRV002,1,Clear,0,967.63,18.7,0,0,3
ORD02236,3/19/2026,19:10:00,Thursday,Mumbai,V007,Wok This Way,Grocery,DRV003,3.59,Clear,1,708.75,37,0,0,4
ORD02237,6/12/2026,15:01:00,Friday,Delhi,V005,Green Leaf Cafe,Grocery,DRV008,3.01,Clear,0,1387.68,27.6,0,0,4
ORD02238,6/28/2026,21:30:00,Sunday,Mumbai,V012,Dosa Point,Food Delivery,DRV050,6.11,Clear,1,936.57,49.3,1,0,5
ORD02239,1/16/2026,15:09:00,Friday,Mumbai,V007,Wok This Way,Food Delivery,DRV044,1.39,Clear,0,943.03,25.3,0,0,4
ORD02240,5/14/2026,11:56:00,Thursday,Delhi,V005,Green Leaf Cafe,Food Delivery,DRV023,9.3,Clear,0,542.9,48.9,1,0,3
ORD02241,3/4/2026,8:01:00,Wednesday,Mumbai,V012,Dosa Point,Food Delivery,DRV050,3.36,Clear,0,714.43,29.6,0,0,5
ORD02242,3/18/2026,22:21:00,Wednesday,Bengaluru,V008,Pizza Junction,Food Delivery,DRV021,3.92,Rain,0,842.64,34.6,0,0,4
ORD02243,4/28/2026,14:35:00,Tuesday,Chennai,V001,Spice Route Kitchen,Food Delivery,DRV051,0.66,Clear,0,332.48,21.3,0,0,5
ORD02244,1/23/2026,19:58:00,Friday,Bengaluru,V010,Bun Intended Burgers,Food Delivery,DRV051,2.48,Rain,1,707.44,28.5,0,0,4
ORD02245,3/29/2026,15:17:00,Sunday,Chennai,V003,Bowl & Broth,Food Delivery,DRV003,8.73,Clear,0,1053.89,60,1,0,3
ORD02246,6/29/2026,10:07:00,Monday,Hyderabad,V009,Sushi Central,Food Delivery,DRV033,2.72,Rain,0,1096.45,33.3,0,0,4
ORD02247,3/27/2026,15:44:00,Friday,Hyderabad,V011,Roti Roll Co.,Food Delivery,DRV034,6.96,Clear,0,163.44,42.2,0,0,3
ORD02248,6/24/2026,17:58:00,Wednesday,Bengaluru,V010,Bun Intended Burgers,Food Delivery,DRV003,1.98,Rain,0,445.74,22.9,0,0,5
ORD02249,2/23/2026,19:18:00,Monday,Mumbai,V012,Dosa Point,Grocery,DRV043,1.89,Clear,1,296.39,22.9,0,0,5
ORD02250,1/8/2026,15:35:00,Thursday,Mumbai,V012,Dosa Point,Food Delivery,DRV047,2.13,Clear,0,275.94,,0,1,
ORD02251,5/21/2026,20:39:00,Thursday,Mumbai,V007,Wok This Way,Food Delivery,DRV029,4.71,Clear,1,616.06,35.9,0,0,3
ORD02252,5/2/2026,18:39:00,Saturday,Bengaluru,V008,Pizza Junction,Food Delivery,DRV001,7.15,Clear,0,1302.87,53.6,1,0,4
ORD02253,4/28/2026,17:28:00,Tuesday,Chennai,V001,Spice Route Kitchen,Food Delivery,DRV018,3.71,Heavy Traffic Event,0,1053.02,43.1,0,0,4
ORD02254,6/15/2026,14:54:00,Monday,Delhi,V005,Green Leaf Cafe,Food Delivery,DRV031,0.89,Rain,0,1257.12,11.8,0,0,4
ORD02255,2/17/2026,12:57:00,Tuesday,Chennai,V003,Bowl & Broth,Food Delivery,DRV060,1.11,Clear,1,353.03,16.5,0,0,5
ORD02256,1/11/2026,12:42:00,Sunday,Delhi,V006,Tandoori Nights,Food Delivery,DRV030,5.49,Clear,1,1333.11,45.8,1,0,3
ORD02257,2/9/2026,18:01:00,Monday,Bengaluru,V004,Curry Express,Grocery,DRV017,3.55,Clear,0,247.86,25.6,0,0,4
ORD02258,1/26/2026,14:39:00,Monday,Mumbai,V007,Wok This Way,Grocery,DRV048,0.66,Clear,0,1146,16,0,0,3
ORD02259,2/3/2026,11:33:00,Tuesday,Bengaluru,V008,Pizza Junction,Food Delivery,DRV008,2.66,Rain,0,822.3,37.2,0,0,5
ORD02260,1/1/2026,20:09:00,Thursday,Delhi,V006,Tandoori Nights,Food Delivery,DRV057,2.19,Clear,1,238.04,30.6,0,0,4
ORD02261,5/15/2026,19:22:00,Friday,Mumbai,V007,Wok This Way,Food Delivery,DRV045,2.1,Clear,1,1030.07,25.1,0,0,4
ORD02262,5/23/2026,14:42:00,Saturday,Hyderabad,V011,Roti Roll Co.,Pharmacy,DRV032,4.07,Clear,0,762.28,35.9,0,0,3
ORD02263,3/23/2026,18:01:00,Monday,Bengaluru,V004,Curry Express,Food Delivery,DRV021,1.47,Clear,0,320.05,26.4,0,0,5
ORD02264,4/8/2026,14:52:00,Wednesday,Chennai,V002,Urban Tadka,Food Delivery,DRV010,2.73,Clear,0,1365.98,23.8,0,0,5
ORD02265,6/19/2026,19:47:00,Friday,Bengaluru,V010,Bun Intended Burgers,Food Delivery,DRV057,2.05,Rain,1,919.95,21.4,0,0,4
ORD02266,5/7/2026,22:08:00,Thursday,Bengaluru,V004,Curry Express,Food Delivery,DRV010,1.77,Clear,0,846.84,30.8,0,0,4
ORD02267,4/5/2026,14:27:00,Sunday,Bengaluru,V008,Pizza Junction,Food Delivery,DRV043,2.95,Heavy Traffic Event,0,691.8,36.1,0,0,4
ORD02268,3/12/2026,19:33:00,Thursday,Chennai,V002,Urban Tadka,Food Delivery,DRV015,1.8,Clear,1,326.55,15.3,0,0,5
ORD02269,5/28/2026,9:43:00,Thursday,Bengaluru,V008,Pizza Junction,Food Delivery,DRV026,2.87,Clear,0,443.38,22.8,0,0,5
ORD02270,1/13/2026,20:55:00,Tuesday,Delhi,V006,Tandoori Nights,Grocery,DRV017,7.46,Rain,1,872.34,71.9,1,0,2
ORD02271,6/17/2026,15:58:00,Wednesday,Delhi,V005,Green Leaf Cafe,Food Delivery,DRV036,3.66,Rain,0,594.05,28.5,0,0,4
ORD02272,1/19/2026,13:47:00,Monday,Bengaluru,V004,Curry Express,Pharmacy,DRV033,4.96,Clear,1,1272.96,46.6,1,0,3
ORD02273,1/3/2026,19:54:00,Saturday,Chennai,V003,Bowl & Broth,Food Delivery,DRV004,6.16,Rain,1,680.25,56.8,1,0,4
ORD02274,1/8/2026,22:48:00,Thursday,Chennai,V001,Spice Route Kitchen,Food Delivery,DRV048,1.47,Rain,0,613.43,18.8,0,0,4
ORD02275,4/26/2026,12:49:00,Sunday,Chennai,V001,Spice Route Kitchen,Grocery,DRV041,2.27,Clear,1,1222.2,30.2,0,0,4
ORD02276,1/4/2026,15:26:00,Sunday,Hyderabad,V011,Roti Roll Co.,Food Delivery,DRV053,5.08,Clear,0,1307.95,30.9,0,0,3
ORD02277,3/5/2026,8:28:00,Thursday,Delhi,V005,Green Leaf Cafe,Grocery,DRV032,3.89,Clear,0,890.36,27.1,0,0,3
ORD02278,5/26/2026,14:41:00,Tuesday,Delhi,V006,Tandoori Nights,Food Delivery,DRV050,6.37,Clear,0,589.2,40.1,0,0,3
ORD02279,4/8/2026,15:42:00,Wednesday,Delhi,V005,Green Leaf Cafe,Food Delivery,DRV013,2.31,Clear,0,521.01,19,0,0,4
ORD02280,6/17/2026,20:15:00,Wednesday,Bengaluru,V010,Bun Intended Burgers,Food Delivery,DRV038,5.05,Clear,1,920.13,46.2,1,0,5
ORD02281,6/22/2026,12:16:00,Monday,Bengaluru,V008,Pizza Junction,Food Delivery,DRV051,1.76,Clear,1,787.35,23.6,0,0,4
ORD02282,2/20/2026,18:15:00,Friday,Bengaluru,V010,Bun Intended Burgers,Grocery,DRV039,0.97,Rain,0,1147.61,14.4,0,0,4
ORD02283,4/2/2026,14:24:00,Thursday,Hyderabad,V009,Sushi Central,Food Delivery,DRV046,1.58,Clear,0,451.75,22.2,0,0,5
ORD02284,5/4/2026,21:06:00,Monday,Bengaluru,V004,Curry Express,Food Delivery,DRV016,6.27,Clear,1,1308.25,44.7,0,0,4
ORD02285,5/1/2026,17:01:00,Friday,Delhi,V006,Tandoori Nights,Food Delivery,DRV050,3.11,Clear,0,1014.07,32.3,0,0,3
ORD02286,1/5/2026,11:54:00,Monday,Hyderabad,V009,Sushi Central,Grocery,DRV014,1.96,Clear,0,231,28.2,0,0,5
ORD02287,4/11/2026,20:39:00,Saturday,Delhi,V005,Green Leaf Cafe,Food Delivery,DRV056,1.08,Rain,1,362.38,19,0,0,4
ORD02288,1/15/2026,12:51:00,Thursday,Bengaluru,V004,Curry Express,Food Delivery,DRV043,2.17,Clear,1,1073.94,29.1,0,0,5
ORD02289,2/12/2026,15:40:00,Thursday,Bengaluru,V004,Curry Express,Food Delivery,DRV050,4.04,Clear,0,192.5,28.2,0,0,5
ORD02290,4/14/2026,12:28:00,Tuesday,Chennai,V002,Urban Tadka,Food Delivery,DRV040,3.38,Clear,1,546.95,33.5,0,0,5
ORD02291,6/16/2026,19:50:00,Tuesday,Bengaluru,V008,Pizza Junction,Food Delivery,DRV002,2.88,Clear,1,775.12,32.1,0,0,5
ORD02292,1/5/2026,12:49:00,Monday,Bengaluru,V008,Pizza Junction,Grocery,DRV057,5.27,Clear,1,1175.52,45.6,1,0,5
ORD02293,2/1/2026,15:05:00,Sunday,Hyderabad,V011,Roti Roll Co.,Grocery,DRV025,0.62,Clear,0,1137.65,27.2,0,0,4
ORD02294,1/4/2026,9:58:00,Sunday,Delhi,V005,Green Leaf Cafe,Food Delivery,DRV035,2.53,Clear,0,845.55,21.4,0,0,4
ORD02295,3/6/2026,19:58:00,Friday,Delhi,V006,Tandoori Nights,Grocery,DRV054,1.73,Clear,1,1136.92,24.9,0,0,4
ORD02296,3/18/2026,21:36:00,Wednesday,Bengaluru,V008,Pizza Junction,Food Delivery,DRV037,2.97,Clear,1,373.84,35.2,0,0,4
ORD02297,5/20/2026,11:17:00,Wednesday,Bengaluru,V004,Curry Express,Food Delivery,DRV034,2.7,Clear,0,555.17,21.9,0,0,4
ORD02298,4/22/2026,12:44:00,Wednesday,Hyderabad,V009,Sushi Central,Food Delivery,DRV037,3.47,Rain,1,719.39,33.5,0,0,5
ORD02299,3/17/2026,16:34:00,Tuesday,Hyderabad,V009,Sushi Central,Pharmacy,DRV021,1.79,Rain,0,999.88,31.3,0,0,4
ORD02300,1/11/2026,18:57:00,Sunday,Hyderabad,V011,Roti Roll Co.,Food Delivery,DRV006,3.8,Clear,0,494.14,32.9,0,0,3
ORD02301,1/29/2026,16:49:00,Thursday,Delhi,V006,Tandoori Nights,Food Delivery,DRV025,4.26,Clear,0,764.53,33.4,0,0,4
ORD02302,4/18/2026,22:08:00,Saturday,Mumbai,V012,Dosa Point,Grocery,DRV032,2,Clear,0,1091.63,15.1,0,0,5
ORD02303,1/28/2026,19:16:00,Wednesday,Delhi,V005,Green Leaf Cafe,Pharmacy,DRV058,2.23,Clear,1,1122.38,22.4,0,0,4
ORD02304,1/2/2026,15:43:00,Friday,Bengaluru,V004,Curry Express,Food Delivery,DRV005,3.52,Clear,0,632.59,23.1,0,0,5
ORD02305,1/16/2026,18:31:00,Friday,Chennai,V001,Spice Route Kitchen,Grocery,DRV041,1.06,Rain,0,682.24,22.1,0,0,4
ORD02306,5/12/2026,12:09:00,Tuesday,Mumbai,V007,Wok This Way,Pharmacy,DRV047,3.31,Clear,1,585.7,38.9,0,0,3
ORD02307,1/23/2026,18:53:00,Friday,Delhi,V005,Green Leaf Cafe,Food Delivery,DRV012,3.41,Clear,0,1120.05,27.1,0,0,4
ORD02308,2/12/2026,16:02:00,Thursday,Delhi,V006,Tandoori Nights,Grocery,DRV040,4.15,Clear,0,525.18,34.5,0,0,4
ORD02309,6/14/2026,18:18:00,Sunday,Hyderabad,V011,Roti Roll Co.,Food Delivery,DRV051,1.99,Clear,0,1273.16,14.5,0,0,3
ORD02310,6/27/2026,12:16:00,Saturday,Bengaluru,V010,Bun Intended Burgers,Food Delivery,DRV036,2.15,Clear,1,282.03,20.5,0,0,4
ORD02311,6/4/2026,12:05:00,Thursday,Delhi,V006,Tandoori Nights,Food Delivery,DRV051,3.01,Clear,1,1058.94,34.4,0,0,4
ORD02312,4/30/2026,15:30:00,Thursday,Hyderabad,V009,Sushi Central,Food Delivery,DRV030,5.95,Clear,0,1317.39,36.1,0,0,5
ORD02313,4/26/2026,21:45:00,Sunday,Hyderabad,V011,Roti Roll Co.,Grocery,DRV027,2.06,Rain,1,642.43,19.1,0,0,4
ORD02314,6/4/2026,12:05:00,Thursday,Mumbai,V007,Wok This Way,Pharmacy,DRV029,3.45,Clear,1,773.86,40.2,0,0,3
ORD02315,6/29/2026,22:06:00,Monday,Bengaluru,V008,Pizza Junction,Food Delivery,DRV006,3.59,Clear,0,1223.95,28.5,0,0,5
ORD02316,6/23/2026,15:30:00,Tuesday,Delhi,V005,Green Leaf Cafe,Grocery,DRV052,1.46,Clear,0,546.84,11.4,0,0,4
ORD02317,3/29/2026,13:17:00,Sunday,Mumbai,V012,Dosa Point,Grocery,DRV018,3.28,Clear,1,373.21,36.8,0,0,5
ORD02318,3/19/2026,15:25:00,Thursday,Delhi,V006,Tandoori Nights,Food Delivery,DRV008,0.9,Clear,0,482.89,19.3,0,0,4
ORD02319,2/6/2026,22:01:00,Friday,Delhi,V006,Tandoori Nights,Pharmacy,DRV024,2.13,Heavy Traffic Event,0,504.35,32.1,0,0,3
ORD02320,3/19/2026,21:40:00,Thursday,Mumbai,V007,Wok This Way,Food Delivery,DRV038,4.24,Clear,1,630.2,39,0,0,3
ORD02321,5/14/2026,15:06:00,Thursday,Delhi,V006,Tandoori Nights,Food Delivery,DRV039,1.11,Clear,0,702.16,18.7,0,0,4
ORD02322,6/5/2026,22:26:00,Friday,Hyderabad,V009,Sushi Central,Grocery,DRV020,2.17,Clear,0,508.21,29.5,0,0,5
ORD02323,5/9/2026,13:23:00,Saturday,Chennai,V001,Spice Route Kitchen,Grocery,DRV039,1.31,Clear,1,966.37,22.2,0,0,4
ORD02324,4/6/2026,22:53:00,Monday,Bengaluru,V004,Curry Express,Grocery,DRV050,2.09,Clear,0,1210.43,19.9,0,0,5
ORD02325,4/2/2026,10:58:00,Thursday,Chennai,V003,Bowl & Broth,Food Delivery,DRV043,1.84,Clear,0,849.04,11.7,0,0,5
ORD02326,2/2/2026,17:12:00,Monday,Mumbai,V012,Dosa Point,Food Delivery,DRV044,1.11,Clear,0,1250.65,36.5,0,0,5
ORD02327,5/5/2026,20:41:00,Tuesday,Bengaluru,V010,Bun Intended Burgers,Food Delivery,DRV009,5.09,Clear,1,380.82,39.5,0,0,5
ORD02328,2/7/2026,11:39:00,Saturday,Hyderabad,V011,Roti Roll Co.,Food Delivery,DRV023,3.38,Clear,0,272.48,27.5,0,0,4
ORD02329,3/14/2026,17:27:00,Saturday,Bengaluru,V008,Pizza Junction,Food Delivery,DRV003,7.51,Clear,0,294.75,43.6,0,0,5
ORD02330,4/17/2026,10:44:00,Friday,Mumbai,V007,Wok This Way,Food Delivery,DRV057,0.84,Clear,0,335.02,17,0,0,4
ORD02331,4/10/2026,13:20:00,Friday,Mumbai,V007,Wok This Way,Food Delivery,DRV022,2.25,Clear,1,1039.41,25.3,0,0,4
ORD02332,1/19/2026,14:16:00,Monday,Hyderabad,V009,Sushi Central,Food Delivery,DRV049,1.17,Clear,0,924.02,13.7,0,0,5
ORD02333,5/14/2026,11:26:00,Thursday,Bengaluru,V010,Bun Intended Burgers,Food Delivery,DRV006,1.7,Rain,0,1236.84,26.9,0,0,4
ORD02334,4/16/2026,19:18:00,Thursday,Bengaluru,V010,Bun Intended Burgers,Food Delivery,DRV021,6.69,Rain,1,774.83,55.4,1,0,4
ORD02335,2/11/2026,17:03:00,Wednesday,Mumbai,V007,Wok This Way,Food Delivery,DRV038,0.3,Rain,0,392.09,15.5,0,0,3
ORD02336,5/14/2026,16:58:00,Thursday,Mumbai,V012,Dosa Point,Grocery,DRV040,1.18,Rain,0,513.65,14.9,0,0,5
ORD02337,2/8/2026,12:14:00,Sunday,Chennai,V003,Bowl & Broth,Food Delivery,DRV057,3.38,Clear,1,414.88,29.6,0,0,5
ORD02338,3/6/2026,13:06:00,Friday,Delhi,V006,Tandoori Nights,Grocery,DRV040,9.29,Heavy Traffic Event,1,934.61,109.7,1,0,1
ORD02339,3/18/2026,20:30:00,Wednesday,Bengaluru,V010,Bun Intended Burgers,Food Delivery,DRV038,3.51,Clear,1,143.25,38.2,0,0,4
ORD02340,5/26/2026,13:29:00,Tuesday,Hyderabad,V009,Sushi Central,Grocery,DRV052,3.69,Clear,1,832.98,,0,1,
ORD02341,3/14/2026,20:01:00,Saturday,Mumbai,V007,Wok This Way,Food Delivery,DRV013,10.78,Clear,1,674.3,70.5,1,0,3
ORD02342,3/26/2026,16:51:00,Thursday,Bengaluru,V010,Bun Intended Burgers,Grocery,DRV036,7.71,Clear,0,866.34,51.8,1,0,4
ORD02343,1/25/2026,15:18:00,Sunday,Chennai,V001,Spice Route Kitchen,Food Delivery,DRV041,1.67,Clear,0,1280.48,21.7,0,0,4
ORD02344,5/19/2026,19:30:00,Tuesday,Delhi,V006,Tandoori Nights,Food Delivery,DRV057,0.91,Clear,1,159.04,14.1,0,0,4
ORD02345,3/9/2026,18:00:00,Monday,Delhi,V005,Green Leaf Cafe,Food Delivery,DRV025,1.67,Heavy Traffic Event,0,1253.6,18.8,0,0,3
ORD02346,1/21/2026,21:12:00,Wednesday,Mumbai,V012,Dosa Point,Food Delivery,DRV054,3.46,Clear,1,1080.37,30.2,0,0,5
ORD02347,5/30/2026,13:27:00,Saturday,Hyderabad,V011,Roti Roll Co.,Food Delivery,DRV026,0.89,Rain,1,805.62,18.9,0,0,3
ORD02348,3/21/2026,20:29:00,Saturday,Delhi,V006,Tandoori Nights,Food Delivery,DRV035,3.87,Clear,1,854.13,40.7,0,0,4
ORD02349,3/28/2026,22:22:00,Saturday,Bengaluru,V010,Bun Intended Burgers,Food Delivery,DRV056,2.1,Clear,0,1107.85,19.3,0,0,5
ORD02350,5/9/2026,13:11:00,Saturday,Delhi,V006,Tandoori Nights,Food Delivery,DRV038,7.17,Clear,1,227.01,50.7,1,0,3
ORD02351,2/22/2026,12:24:00,Sunday,Bengaluru,V010,Bun Intended Burgers,Grocery,DRV036,9.51,Rain,1,1188.17,70,1,0,3
ORD02352,6/13/2026,17:22:00,Saturday,Chennai,V001,Spice Route Kitchen,Grocery,DRV017,6.51,Clear,0,564.51,45.9,1,0,4
ORD02353,6/20/2026,21:50:00,Saturday,Bengaluru,V010,Bun Intended Burgers,Pharmacy,DRV048,0.94,Heavy Traffic Event,1,1130.11,20.6,0,0,4
ORD02354,2/25/2026,12:36:00,Wednesday,Hyderabad,V009,Sushi Central,Food Delivery,DRV021,3,Clear,1,1079.41,35.6,0,0,4
ORD02355,2/6/2026,18:24:00,Friday,Chennai,V003,Bowl & Broth,Food Delivery,DRV027,1.67,Clear,0,1309.59,23.3,0,0,5
ORD02356,6/27/2026,12:32:00,Saturday,Bengaluru,V010,Bun Intended Burgers,Pharmacy,DRV054,0.62,Rain,1,784.29,17,0,0,5
ORD02357,1/21/2026,17:12:00,Wednesday,Chennai,V002,Urban Tadka,Food Delivery,DRV059,1.53,Rain,0,1049.61,16.3,0,0,5
ORD02358,5/28/2026,16:54:00,Thursday,Chennai,V002,Urban Tadka,Food Delivery,DRV057,0.96,Rain,0,863.3,12.2,0,0,4
ORD02359,3/22/2026,13:53:00,Sunday,Chennai,V001,Spice Route Kitchen,Pharmacy,DRV048,5.64,Clear,1,590.29,45.9,1,0,4
ORD02360,3/16/2026,15:57:00,Monday,Chennai,V003,Bowl & Broth,Food Delivery,DRV040,4.21,Rain,0,1359.77,31.9,0,0,4
ORD02361,1/2/2026,16:47:00,Friday,Chennai,V002,Urban Tadka,Food Delivery,DRV037,3.75,Rain,0,1370.18,32.4,0,0,5
ORD02362,3/30/2026,14:37:00,Monday,Chennai,V003,Bowl & Broth,Food Delivery,DRV022,2.07,Clear,0,798.95,24.5,0,0,5
ORD02363,3/12/2026,12:23:00,Thursday,Bengaluru,V010,Bun Intended Burgers,Grocery,DRV053,4.42,Clear,1,277.36,37.5,0,0,4
ORD02364,2/1/2026,13:29:00,Sunday,Bengaluru,V010,Bun Intended Burgers,Food Delivery,DRV041,0.86,Clear,1,225.41,18.9,0,0,4
ORD02365,1/1/2026,16:54:00,Thursday,Bengaluru,V008,Pizza Junction,Food Delivery,DRV009,2.33,Rain,0,1231.54,24.4,0,0,5
ORD02366,2/15/2026,20:09:00,Sunday,Bengaluru,V008,Pizza Junction,Pharmacy,DRV028,2.83,Clear,1,744.59,37.9,0,0,5
ORD02367,4/21/2026,11:17:00,Tuesday,Bengaluru,V010,Bun Intended Burgers,Food Delivery,DRV052,4.61,Clear,0,792.48,32.7,0,0,5
ORD02368,3/17/2026,13:55:00,Tuesday,Chennai,V001,Spice Route Kitchen,Grocery,DRV042,1.92,Clear,1,1101.58,30.4,0,0,4
ORD02369,2/21/2026,17:04:00,Saturday,Bengaluru,V008,Pizza Junction,Food Delivery,DRV009,3.62,Clear,0,573.67,32.8,0,0,5
ORD02370,3/18/2026,17:33:00,Wednesday,Bengaluru,V008,Pizza Junction,Grocery,DRV044,1.55,Clear,0,1259.16,32.1,0,0,5
ORD02371,1/27/2026,15:40:00,Tuesday,Chennai,V003,Bowl & Broth,Food Delivery,DRV030,4.88,Clear,0,285.74,28.3,0,0,4
ORD02372,1/31/2026,16:32:00,Saturday,Delhi,V005,Green Leaf Cafe,Food Delivery,DRV006,4.85,Clear,0,1178.08,29.9,0,0,3
ORD02373,5/7/2026,20:20:00,Thursday,Bengaluru,V004,Curry Express,Grocery,DRV026,2.33,Rain,1,424.98,34,0,0,4
ORD02374,2/6/2026,14:40:00,Friday,Bengaluru,V008,Pizza Junction,Food Delivery,DRV027,3.28,Clear,0,342.22,30,0,0,5
ORD02375,3/19/2026,14:41:00,Thursday,Mumbai,V012,Dosa Point,Food Delivery,DRV042,1.47,Clear,0,783.95,31.2,0,0,5
ORD02376,5/6/2026,16:56:00,Wednesday,Bengaluru,V010,Bun Intended Burgers,Food Delivery,DRV002,3.08,Clear,0,1071.03,27.2,0,0,5
ORD02377,1/11/2026,20:06:00,Sunday,Mumbai,V012,Dosa Point,Food Delivery,DRV024,1.89,Clear,1,943.89,33.5,0,0,5
ORD02378,6/19/2026,16:30:00,Friday,Bengaluru,V010,Bun Intended Burgers,Food Delivery,DRV001,4.12,Rain,0,846.61,33.5,0,0,4
ORD02379,4/23/2026,15:28:00,Thursday,Chennai,V001,Spice Route Kitchen,Food Delivery,DRV034,0.71,Clear,0,1288.73,26.1,0,0,4
ORD02380,4/13/2026,14:02:00,Monday,Bengaluru,V008,Pizza Junction,Pharmacy,DRV034,6.85,Clear,0,1056.43,43.4,0,0,4
ORD02381,5/13/2026,14:36:00,Wednesday,Chennai,V001,Spice Route Kitchen,Food Delivery,DRV035,4.78,Clear,0,1069.66,33.7,0,0,4
ORD02382,6/13/2026,14:24:00,Saturday,Mumbai,V007,Wok This Way,Food Delivery,DRV041,3.8,Clear,0,677.88,32.8,0,0,4
ORD02383,5/16/2026,15:01:00,Saturday,Delhi,V005,Green Leaf Cafe,Food Delivery,DRV055,4.33,Clear,0,974.11,31.3,0,0,4
ORD02384,6/23/2026,21:54:00,Tuesday,Bengaluru,V004,Curry Express,Food Delivery,DRV017,3.33,Clear,1,673.41,33.7,0,0,5
ORD02385,5/28/2026,22:14:00,Thursday,Mumbai,V007,Wok This Way,Grocery,DRV042,0.97,Clear,0,413.5,16.4,0,0,3
ORD02386,3/27/2026,14:41:00,Friday,Hyderabad,V011,Roti Roll Co.,Food Delivery,DRV030,1.34,Clear,0,197.93,,0,1,
ORD02387,4/11/2026,22:38:00,Saturday,Bengaluru,V008,Pizza Junction,Food Delivery,DRV026,3.39,Clear,0,348.47,28,0,0,5
ORD02388,1/3/2026,22:21:00,Saturday,Mumbai,V007,Wok This Way,Food Delivery,DRV054,2.19,Clear,0,798.18,29.9,0,0,3
ORD02389,4/25/2026,22:27:00,Saturday,Chennai,V001,Spice Route Kitchen,Food Delivery,DRV023,5.73,Rain,0,1162.11,39.3,0,0,4
ORD02390,6/21/2026,8:18:00,Sunday,Bengaluru,V008,Pizza Junction,Pharmacy,DRV024,2.88,Rain,0,407.9,33.4,0,0,4
ORD02391,6/23/2026,16:51:00,Tuesday,Hyderabad,V009,Sushi Central,Grocery,DRV004,0.87,Clear,0,781.89,18.9,0,0,4
ORD02392,4/9/2026,22:33:00,Thursday,Delhi,V006,Tandoori Nights,Food Delivery,DRV050,4.35,Clear,0,1214.05,36,0,0,3
ORD02393,2/26/2026,15:31:00,Thursday,Mumbai,V007,Wok This Way,Pharmacy,DRV043,2.25,Clear,0,815.89,27.5,0,0,4
ORD02394,3/1/2026,22:21:00,Sunday,Mumbai,V012,Dosa Point,Food Delivery,DRV026,5.47,Clear,0,319.23,42.5,0,0,4
ORD02395,3/22/2026,14:27:00,Sunday,Bengaluru,V004,Curry Express,Food Delivery,DRV041,7.83,Clear,0,390.55,47.9,1,0,4
ORD02396,5/5/2026,21:08:00,Tuesday,Delhi,V005,Green Leaf Cafe,Food Delivery,DRV044,2.51,Clear,1,575.05,28,0,0,4
ORD02397,1/31/2026,18:24:00,Saturday,Hyderabad,V011,Roti Roll Co.,Food Delivery,DRV035,3.05,Clear,0,710.4,25.5,0,0,4
ORD02398,1/27/2026,11:06:00,Tuesday,Chennai,V002,Urban Tadka,Food Delivery,DRV026,1.33,Clear,0,354.07,19.8,0,0,5
ORD02399,5/30/2026,15:09:00,Saturday,Delhi,V005,Green Leaf Cafe,Food Delivery,DRV036,3.41,Clear,0,1372.84,27,0,0,4
ORD02400,3/28/2026,13:58:00,Saturday,Chennai,V003,Bowl & Broth,Food Delivery,DRV024,1.26,Rain,1,1351.02,20,0,0,5
ORD02401,4/19/2026,13:36:00,Sunday,Delhi,V005,Green Leaf Cafe,Grocery,DRV036,1.17,Clear,1,1392.1,19.8,0,0,4
ORD02402,6/21/2026,21:49:00,Sunday,Chennai,V003,Bowl & Broth,Food Delivery,DRV035,1.08,Heavy Traffic Event,1,195.65,14.6,0,0,5
ORD02403,3/4/2026,19:17:00,Wednesday,Delhi,V006,Tandoori Nights,Grocery,DRV047,1.43,Clear,1,1376.86,20.4,0,0,3
ORD02404,1/28/2026,9:39:00,Wednesday,Bengaluru,V008,Pizza Junction,Food Delivery,DRV024,0.51,Clear,0,1295.06,25.9,0,0,5
ORD02405,1/25/2026,15:19:00,Sunday,Mumbai,V007,Wok This Way,Food Delivery,DRV057,1.13,Clear,0,1093.88,21.7,0,0,4
ORD02406,6/15/2026,20:34:00,Monday,Bengaluru,V010,Bun Intended Burgers,Food Delivery,DRV036,4.36,Clear,1,1199.9,43.2,0,0,4
ORD02407,3/6/2026,22:20:00,Friday,Bengaluru,V010,Bun Intended Burgers,Food Delivery,DRV014,0.34,Rain,0,1330.24,27.2,0,0,5
ORD02408,4/11/2026,20:22:00,Saturday,Chennai,V003,Bowl & Broth,Food Delivery,DRV047,3.01,Clear,1,275.49,25,0,0,5
ORD02409,4/16/2026,12:14:00,Thursday,Bengaluru,V008,Pizza Junction,Food Delivery,DRV049,2.55,Clear,1,946.62,24.7,0,0,5
ORD02410,6/16/2026,12:18:00,Tuesday,Hyderabad,V011,Roti Roll Co.,Pharmacy,DRV051,0.93,Clear,1,1136.9,21.8,0,0,4
ORD02411,4/29/2026,22:28:00,Wednesday,Chennai,V001,Spice Route Kitchen,Food Delivery,DRV042,4.07,Clear,0,586.26,,0,1,
ORD02412,4/30/2026,14:23:00,Thursday,Chennai,V002,Urban Tadka,Grocery,DRV034,2.06,Clear,0,1067.02,18.6,0,0,4
ORD02413,2/11/2026,17:33:00,Wednesday,Mumbai,V007,Wok This Way,Food Delivery,DRV015,1.02,Clear,0,346.65,18.8,0,0,3
ORD02414,4/17/2026,14:10:00,Friday,Chennai,V002,Urban Tadka,Food Delivery,DRV021,1.02,Rain,0,604.37,17.1,0,0,5
ORD02415,2/19/2026,22:29:00,Thursday,Chennai,V003,Bowl & Broth,Grocery,DRV034,1.98,Clear,0,834.77,16.6,0,0,5
ORD02416,1/28/2026,22:10:00,Wednesday,Bengaluru,V008,Pizza Junction,Food Delivery,DRV003,6.83,Clear,0,586.68,39.9,0,0,5
ORD02417,2/1/2026,19:50:00,Sunday,Bengaluru,V004,Curry Express,Food Delivery,DRV049,1.83,Clear,1,938.74,28.9,0,0,5
ORD02418,3/6/2026,18:50:00,Friday,Bengaluru,V010,Bun Intended Burgers,Grocery,DRV055,1.59,Clear,0,1215.29,18.9,0,0,5
ORD02419,4/29/2026,16:23:00,Wednesday,Chennai,V002,Urban Tadka,Food Delivery,DRV022,12.11,Rain,0,728.91,82.1,1,0,3
ORD02420,5/22/2026,19:07:00,Friday,Bengaluru,V004,Curry Express,Food Delivery,DRV036,1.8,Clear,1,1200.36,21.6,0,0,5
ORD02421,6/12/2026,13:48:00,Friday,Chennai,V001,Spice Route Kitchen,Food Delivery,DRV007,1.13,Clear,1,254.77,22,0,0,4
ORD02422,3/22/2026,14:05:00,Sunday,Delhi,V006,Tandoori Nights,Food Delivery,DRV015,2.13,Clear,0,859.43,28.7,0,0,3
ORD02423,4/29/2026,14:16:00,Wednesday,Mumbai,V007,Wok This Way,Food Delivery,DRV015,1.72,Clear,0,619.81,31.4,0,0,3
ORD02424,1/6/2026,22:24:00,Tuesday,Bengaluru,V010,Bun Intended Burgers,Grocery,DRV024,4.05,Clear,0,1179.21,29.1,0,0,5
ORD02425,5/21/2026,12:03:00,Thursday,Mumbai,V007,Wok This Way,Food Delivery,DRV055,2.76,Rain,1,1075.73,31.6,0,0,3
ORD02426,2/21/2026,15:57:00,Saturday,Chennai,V003,Bowl & Broth,Food Delivery,DRV048,0.32,Clear,0,608.36,,0,1,
ORD02427,6/27/2026,16:40:00,Saturday,Mumbai,V012,Dosa Point,Food Delivery,DRV029,1.26,Clear,0,576.63,17.6,0,0,5
ORD02428,1/9/2026,18:39:00,Friday,Chennai,V002,Urban Tadka,Food Delivery,DRV012,4.08,Clear,0,688.79,33,0,0,5
ORD02429,5/16/2026,15:45:00,Saturday,Chennai,V002,Urban Tadka,Grocery,DRV037,1.89,Clear,0,963.66,34,0,0,5
ORD02430,3/19/2026,22:28:00,Thursday,Hyderabad,V009,Sushi Central,Food Delivery,DRV044,3.37,Clear,0,987.93,26.7,0,0,5
ORD02431,3/22/2026,12:19:00,Sunday,Hyderabad,V011,Roti Roll Co.,Food Delivery,DRV057,2.01,Rain,1,525.64,27.8,0,0,3
ORD02432,3/18/2026,21:46:00,Wednesday,Mumbai,V007,Wok This Way,Food Delivery,DRV044,1.8,Rain,1,161.13,34.7,0,0,3
ORD02433,4/2/2026,13:21:00,Thursday,Delhi,V005,Green Leaf Cafe,Food Delivery,DRV024,2.51,Rain,1,333.11,33.4,0,0,4
ORD02434,5/12/2026,11:55:00,Tuesday,Hyderabad,V009,Sushi Central,Food Delivery,DRV032,2.97,Clear,0,696.42,34.8,0,0,4
ORD02435,1/12/2026,21:27:00,Monday,Hyderabad,V009,Sushi Central,Food Delivery,DRV002,1.06,Clear,1,216.18,24.6,0,0,4
ORD02436,1/26/2026,15:04:00,Monday,Hyderabad,V011,Roti Roll Co.,Food Delivery,DRV058,3.66,Clear,0,1072.3,32.4,0,0,3
ORD02437,4/24/2026,15:33:00,Friday,Mumbai,V012,Dosa Point,Food Delivery,DRV054,1.6,Clear,0,396.67,28.8,0,0,5
ORD02438,3/30/2026,15:47:00,Monday,Chennai,V001,Spice Route Kitchen,Food Delivery,DRV005,2.16,Heavy Traffic Event,0,1120.42,33.5,0,0,4
ORD02439,6/5/2026,16:58:00,Friday,Bengaluru,V010,Bun Intended Burgers,Food Delivery,DRV022,2.3,Clear,0,471.48,23.2,0,0,5
ORD02440,3/20/2026,14:10:00,Friday,Chennai,V002,Urban Tadka,Food Delivery,DRV029,2.14,Clear,0,558.07,26.6,0,0,5
ORD02441,1/30/2026,11:11:00,Friday,Bengaluru,V004,Curry Express,Grocery,DRV035,2.07,Rain,0,543.38,26.6,0,0,4
ORD02442,6/19/2026,11:18:00,Friday,Chennai,V001,Spice Route Kitchen,Food Delivery,DRV024,7.04,Rain,0,233.66,55.6,1,0,3
ORD02443,5/26/2026,11:25:00,Tuesday,Delhi,V006,Tandoori Nights,Food Delivery,DRV052,4.92,Clear,0,972.13,36.7,0,0,3
ORD02444,3/16/2026,12:28:00,Monday,Bengaluru,V004,Curry Express,Food Delivery,DRV037,0.22,Clear,1,1352.9,7.4,0,0,5
ORD02445,5/27/2026,13:01:00,Wednesday,Delhi,V006,Tandoori Nights,Food Delivery,DRV049,3.59,Clear,1,419.73,40.8,0,0,3
ORD02446,3/27/2026,14:09:00,Friday,Mumbai,V012,Dosa Point,Grocery,DRV048,1.32,Clear,0,1249.95,18.2,0,0,5
ORD02447,2/14/2026,18:01:00,Saturday,Delhi,V006,Tandoori Nights,Food Delivery,DRV025,0.46,Clear,0,682.63,17.9,0,0,4
ORD02448,5/13/2026,12:27:00,Wednesday,Hyderabad,V011,Roti Roll Co.,Food Delivery,DRV002,1.54,Clear,1,932.71,18.2,0,0,4
ORD02449,6/9/2026,12:26:00,Tuesday,Delhi,V005,Green Leaf Cafe,Pharmacy,DRV002,6.16,Clear,1,817.34,54.6,1,0,3
ORD02450,5/11/2026,14:16:00,Monday,Hyderabad,V011,Roti Roll Co.,Food Delivery,DRV057,2.55,Clear,0,518.68,23.4,0,0,3
ORD02451,1/16/2026,22:53:00,Friday,Delhi,V005,Green Leaf Cafe,Food Delivery,DRV004,1.77,Clear,0,528.32,25.9,0,0,4
ORD02452,1/20/2026,14:42:00,Tuesday,Mumbai,V007,Wok This Way,Food Delivery,DRV040,1.36,Clear,0,912.77,20.8,0,0,4
ORD02453,2/3/2026,21:13:00,Tuesday,Chennai,V003,Bowl & Broth,Food Delivery,DRV010,2.35,Clear,1,857.76,21.2,0,0,5
ORD02454,5/3/2026,15:41:00,Sunday,Bengaluru,V008,Pizza Junction,Pharmacy,DRV019,5.08,Clear,0,489.03,38,0,0,5
ORD02455,6/6/2026,20:02:00,Saturday,Bengaluru,V008,Pizza Junction,Food Delivery,DRV010,1.34,Clear,1,985.73,20.4,0,0,5
ORD02456,1/17/2026,13:16:00,Saturday,Bengaluru,V010,Bun Intended Burgers,Food Delivery,DRV040,6.31,Clear,1,493.53,53.8,1,0,4
ORD02457,4/11/2026,14:15:00,Saturday,Mumbai,V012,Dosa Point,Food Delivery,DRV033,2.31,Heavy Traffic Event,0,1054.2,24.6,0,0,5
ORD02458,6/5/2026,22:07:00,Friday,Hyderabad,V009,Sushi Central,Grocery,DRV050,5.58,Clear,0,1309.32,45.2,1,0,4
ORD02459,2/14/2026,16:02:00,Saturday,Chennai,V001,Spice Route Kitchen,Food Delivery,DRV022,3.25,Heavy Traffic Event,0,1256.32,42.8,0,0,3
ORD02460,1/15/2026,22:10:00,Thursday,Hyderabad,V009,Sushi Central,Food Delivery,DRV007,2.4,Heavy Traffic Event,0,288.76,31.4,0,0,4
ORD02461,1/16/2026,20:53:00,Friday,Hyderabad,V009,Sushi Central,Pharmacy,DRV041,7.75,Clear,1,1211.39,56.7,1,0,3
ORD02462,1/19/2026,16:21:00,Monday,Mumbai,V007,Wok This Way,Food Delivery,DRV014,9.17,Clear,0,1221.04,56.5,1,0,2
ORD02463,1/1/2026,20:17:00,Thursday,Hyderabad,V011,Roti Roll Co.,Food Delivery,DRV056,2.45,Clear,1,725.78,23.7,0,0,3
ORD02464,6/8/2026,16:23:00,Monday,Mumbai,V007,Wok This Way,Food Delivery,DRV029,5.02,Rain,0,1134.31,49.7,1,0,3
ORD02465,4/4/2026,17:31:00,Saturday,Delhi,V005,Green Leaf Cafe,Grocery,DRV050,1.13,Clear,0,1357.63,17.5,0,0,3
ORD02466,3/9/2026,19:34:00,Monday,Bengaluru,V008,Pizza Junction,Food Delivery,DRV032,7.37,Clear,1,617.71,45.6,1,0,5
ORD02467,6/29/2026,14:56:00,Monday,Mumbai,V007,Wok This Way,Grocery,DRV053,3.56,Clear,0,888.09,37.5,0,0,4
ORD02468,3/19/2026,10:33:00,Thursday,Chennai,V001,Spice Route Kitchen,Pharmacy,DRV013,1.39,Clear,0,697.96,21.3,0,0,4
ORD02469,4/3/2026,17:39:00,Friday,Delhi,V006,Tandoori Nights,Food Delivery,DRV004,2.51,Clear,0,992.96,24.6,0,0,4
ORD02470,6/12/2026,18:38:00,Friday,Bengaluru,V010,Bun Intended Burgers,Food Delivery,DRV028,4.12,Rain,0,1242.66,34.9,0,0,4
ORD02471,1/19/2026,16:23:00,Monday,Bengaluru,V010,Bun Intended Burgers,Food Delivery,DRV038,4.65,Clear,0,1387.13,42,0,0,4
ORD02472,2/17/2026,9:24:00,Tuesday,Bengaluru,V004,Curry Express,Food Delivery,DRV002,1.49,Rain,0,1307.28,20.1,0,0,4
ORD02473,1/9/2026,15:23:00,Friday,Bengaluru,V008,Pizza Junction,Food Delivery,DRV025,3.06,Clear,0,176.03,30.1,0,0,5
ORD02474,3/24/2026,17:41:00,Tuesday,Bengaluru,V010,Bun Intended Burgers,Grocery,DRV003,0.93,Rain,0,1358.11,12.6,0,0,5
ORD02475,3/20/2026,9:35:00,Friday,Mumbai,V007,Wok This Way,Food Delivery,DRV049,3.49,Clear,0,953.84,39.5,0,0,3
ORD02476,4/7/2026,14:56:00,Tuesday,Bengaluru,V008,Pizza Junction,Food Delivery,DRV042,2.01,Clear,0,1122.53,23.9,0,0,5
ORD02477,3/5/2026,20:04:00,Thursday,Mumbai,V007,Wok This Way,Food Delivery,DRV060,1.41,Rain,1,260.03,21.4,0,0,4
ORD02478,4/22/2026,15:21:00,Wednesday,Mumbai,V007,Wok This Way,Food Delivery,DRV025,4.54,Rain,0,1306.46,43.6,0,0,3
ORD02479,2/7/2026,17:56:00,Saturday,Bengaluru,V004,Curry Express,Grocery,DRV011,5.36,Clear,0,541.99,37.1,0,0,5
ORD02480,3/2/2026,12:47:00,Monday,Bengaluru,V010,Bun Intended Burgers,Grocery,DRV057,7.57,Clear,1,428.1,49.3,1,0,4
ORD02481,4/7/2026,14:39:00,Tuesday,Delhi,V005,Green Leaf Cafe,Food Delivery,DRV009,0.51,Clear,0,397.62,15.9,0,0,4
ORD02482,2/19/2026,20:29:00,Thursday,Hyderabad,V011,Roti Roll Co.,Food Delivery,DRV024,4.18,Clear,1,527.32,30.8,0,0,3
ORD02483,3/4/2026,12:27:00,Wednesday,Chennai,V003,Bowl & Broth,Food Delivery,DRV035,5.8,Heavy Traffic Event,1,519.33,56.5,1,0,4
ORD02484,2/19/2026,10:11:00,Thursday,Chennai,V003,Bowl & Broth,Food Delivery,DRV052,0.49,Clear,0,928.02,11.3,0,0,5
ORD02485,6/19/2026,15:28:00,Friday,Hyderabad,V011,Roti Roll Co.,Food Delivery,DRV060,1.27,Rain,0,1141.87,22.5,0,0,4
ORD02486,2/9/2026,21:27:00,Monday,Chennai,V002,Urban Tadka,Food Delivery,DRV047,3.01,Clear,1,1290.66,34.9,0,0,5
ORD02487,4/26/2026,10:22:00,Sunday,Chennai,V002,Urban Tadka,Food Delivery,DRV049,2.01,Clear,0,439.08,29.3,0,0,5
ORD02488,5/1/2026,18:39:00,Friday,Bengaluru,V010,Bun Intended Burgers,Grocery,DRV043,1.01,Clear,0,752.77,19.5,0,0,5
ORD02489,3/8/2026,15:45:00,Sunday,Delhi,V005,Green Leaf Cafe,Food Delivery,DRV022,2.82,Clear,0,514.19,25.3,0,0,3
ORD02490,4/25/2026,20:56:00,Saturday,Delhi,V006,Tandoori Nights,Food Delivery,DRV034,1.84,Clear,1,1143.09,30.8,0,0,4
ORD02491,2/1/2026,12:20:00,Sunday,Bengaluru,V010,Bun Intended Burgers,Food Delivery,DRV042,1.22,Rain,1,1276.02,21.4,0,0,5
ORD02492,4/5/2026,12:01:00,Sunday,Delhi,V005,Green Leaf Cafe,Grocery,DRV057,3.92,Clear,1,389.15,40.6,0,0,4
ORD02493,2/24/2026,17:34:00,Tuesday,Chennai,V002,Urban Tadka,Grocery,DRV046,2.77,Rain,0,736.46,31.7,0,0,5
ORD02494,6/7/2026,19:49:00,Sunday,Mumbai,V012,Dosa Point,Pharmacy,DRV051,1.89,Rain,1,457.08,26.7,0,0,5
ORD02495,6/27/2026,21:17:00,Saturday,Mumbai,V012,Dosa Point,Food Delivery,DRV034,3.66,Clear,1,724.53,42.4,0,0,5
ORD02496,5/23/2026,12:19:00,Saturday,Hyderabad,V009,Sushi Central,Food Delivery,DRV048,2.71,Rain,1,422.47,33.6,0,0,4
ORD02497,5/4/2026,13:49:00,Monday,Mumbai,V012,Dosa Point,Food Delivery,DRV051,1.57,Heavy Traffic Event,1,382.21,26.6,0,0,5
ORD02498,1/29/2026,21:21:00,Thursday,Mumbai,V007,Wok This Way,Food Delivery,DRV019,0.7,Clear,1,867.27,17.6,0,0,4
ORD02499,2/1/2026,13:04:00,Sunday,Hyderabad,V011,Roti Roll Co.,Food Delivery,DRV042,1.43,Clear,1,227.54,22.1,0,0,3
ORD02500,4/24/2026,17:58:00,Friday,Chennai,V003,Bowl & Broth,Food Delivery,DRV016,1.27,Clear,0,153.98,19.8,0,0,5
ORD02501,4/12/2026,16:55:00,Sunday,Bengaluru,V004,Curry Express,Grocery,DRV019,2.19,Clear,0,1187.89,,0,1,
ORD02502,5/31/2026,21:37:00,Sunday,Bengaluru,V008,Pizza Junction,Grocery,DRV037,4.09,Clear,1,413.83,37.7,0,0,4
ORD02503,4/18/2026,21:18:00,Saturday,Chennai,V001,Spice Route Kitchen,Food Delivery,DRV039,4.06,Clear,1,1018.72,35.4,0,0,4
ORD02504,2/7/2026,22:00:00,Saturday,Chennai,V003,Bowl & Broth,Food Delivery,DRV032,3.25,Clear,0,722.91,30.7,0,0,5
ORD02505,2/26/2026,14:58:00,Thursday,Bengaluru,V010,Bun Intended Burgers,Food Delivery,DRV026,3.42,Rain,0,597.38,40.3,0,0,4
ORD02506,3/14/2026,9:24:00,Saturday,Bengaluru,V010,Bun Intended Burgers,Food Delivery,DRV053,0.95,Clear,0,770.21,15.9,0,0,5
ORD02507,1/12/2026,20:28:00,Monday,Chennai,V002,Urban Tadka,Grocery,DRV037,3.76,Clear,1,1125.54,30.3,0,0,5
ORD02508,1/16/2026,17:28:00,Friday,Chennai,V003,Bowl & Broth,Grocery,DRV046,1.92,Clear,0,1087.49,16.9,0,0,4
ORD02509,6/4/2026,12:14:00,Thursday,Chennai,V002,Urban Tadka,Food Delivery,DRV003,1.38,Clear,1,726.62,18.5,0,0,5
ORD02510,1/19/2026,22:45:00,Monday,Chennai,V002,Urban Tadka,Food Delivery,DRV047,6.99,Clear,0,1229.26,34.3,0,0,5
ORD02511,2/2/2026,16:38:00,Monday,Chennai,V003,Bowl & Broth,Food Delivery,DRV045,2.97,Clear,0,551.86,20.1,0,0,4
ORD02512,6/13/2026,14:50:00,Saturday,Bengaluru,V010,Bun Intended Burgers,Food Delivery,DRV023,7.53,Clear,0,1193.47,54.4,1,0,4
ORD02513,3/29/2026,15:36:00,Sunday,Bengaluru,V004,Curry Express,Food Delivery,DRV013,3.46,Clear,0,1281.11,21.1,0,0,4
ORD02514,2/23/2026,13:06:00,Monday,Delhi,V005,Green Leaf Cafe,Food Delivery,DRV015,1.37,Clear,1,236.94,19.8,0,0,4
ORD02515,6/20/2026,16:03:00,Saturday,Delhi,V005,Green Leaf Cafe,Food Delivery,DRV044,1.55,Clear,0,598.98,22.2,0,0,4
ORD02516,3/14/2026,22:02:00,Saturday,Bengaluru,V008,Pizza Junction,Grocery,DRV051,1.72,Clear,0,882.12,21.6,0,0,5
ORD02517,6/18/2026,21:24:00,Thursday,Bengaluru,V004,Curry Express,Food Delivery,DRV045,1.93,Rain,1,404.72,30.4,0,0,4
ORD02518,2/16/2026,21:40:00,Monday,Mumbai,V007,Wok This Way,Food Delivery,DRV001,1.64,Clear,1,172.97,26,0,0,4
ORD02519,6/7/2026,13:58:00,Sunday,Bengaluru,V004,Curry Express,Pharmacy,DRV032,1.61,Clear,1,750.18,18.4,0,0,5
ORD02520,3/27/2026,13:32:00,Friday,Hyderabad,V011,Roti Roll Co.,Food Delivery,DRV047,2.89,Rain,1,717.87,35.6,0,0,3
ORD02521,1/10/2026,14:56:00,Saturday,Chennai,V001,Spice Route Kitchen,Food Delivery,DRV003,7.49,Clear,0,1091.66,52.9,1,0,3
ORD02522,6/8/2026,9:34:00,Monday,Delhi,V006,Tandoori Nights,Food Delivery,DRV007,3.49,Clear,0,904.25,32.1,0,0,4
ORD02523,4/29/2026,20:31:00,Wednesday,Chennai,V002,Urban Tadka,Food Delivery,DRV024,4.18,Clear,1,1162.36,35.6,0,0,5
ORD02524,3/17/2026,22:29:00,Tuesday,Bengaluru,V010,Bun Intended Burgers,Food Delivery,DRV053,2.84,Clear,0,652.84,17.6,0,0,5
ORD02525,4/2/2026,16:14:00,Thursday,Bengaluru,V008,Pizza Junction,Pharmacy,DRV002,0.61,Clear,0,146.39,13.6,0,0,5
ORD02526,6/28/2026,19:40:00,Sunday,Delhi,V006,Tandoori Nights,Food Delivery,DRV026,1.58,Heavy Traffic Event,1,771.42,38.8,0,0,3
ORD02527,2/12/2026,12:52:00,Thursday,Hyderabad,V009,Sushi Central,Pharmacy,DRV012,2.67,Clear,1,483.68,28.9,0,0,4
ORD02528,5/26/2026,15:14:00,Tuesday,Chennai,V002,Urban Tadka,Grocery,DRV050,2.61,Clear,0,1127.6,22,0,0,5
ORD02529,5/23/2026,15:55:00,Saturday,Mumbai,V007,Wok This Way,Grocery,DRV033,5.91,Clear,0,548.59,54.5,1,0,3
ORD02530,5/28/2026,16:00:00,Thursday,Hyderabad,V009,Sushi Central,Food Delivery,DRV054,2.65,Clear,0,578.63,24.3,0,0,4
ORD02531,5/24/2026,8:26:00,Sunday,Mumbai,V007,Wok This Way,Food Delivery,DRV026,3.23,Clear,0,292.69,33.5,0,0,4
ORD02532,5/25/2026,16:39:00,Monday,Bengaluru,V010,Bun Intended Burgers,Grocery,DRV007,3.04,Rain,0,915.77,26.5,0,0,5
ORD02533,2/10/2026,16:18:00,Tuesday,Mumbai,V007,Wok This Way,Pharmacy,DRV021,2.66,Clear,0,773.81,27.4,0,0,3
ORD02534,4/30/2026,17:53:00,Thursday,Bengaluru,V004,Curry Express,Pharmacy,DRV024,1.17,Rain,0,354.99,13.5,0,0,5
ORD02535,6/16/2026,16:34:00,Tuesday,Delhi,V005,Green Leaf Cafe,Food Delivery,DRV050,1.56,Clear,0,1296.14,21.3,0,0,3
ORD02536,5/10/2026,13:00:00,Sunday,Bengaluru,V008,Pizza Junction,Grocery,DRV033,1.2,Clear,1,490.84,24.4,0,0,4
ORD02537,5/8/2026,20:09:00,Friday,Chennai,V003,Bowl & Broth,Food Delivery,DRV009,5.64,Clear,1,549.21,36,0,0,5
ORD02538,2/9/2026,16:29:00,Monday,Delhi,V005,Green Leaf Cafe,Food Delivery,DRV057,1.51,Clear,0,705.37,21.9,0,0,4
ORD02539,4/21/2026,14:33:00,Tuesday,Bengaluru,V010,Bun Intended Burgers,Food Delivery,DRV019,2.11,Rain,0,540.94,24.8,0,0,5
ORD02540,1/13/2026,15:07:00,Tuesday,Bengaluru,V004,Curry Express,Food Delivery,DRV045,0.57,Clear,0,1318.36,13.5,0,0,4
ORD02541,6/27/2026,10:32:00,Saturday,Delhi,V005,Green Leaf Cafe,Food Delivery,DRV028,5.98,Rain,0,476.26,53.3,1,0,2
ORD02542,2/1/2026,15:29:00,Sunday,Bengaluru,V010,Bun Intended Burgers,Grocery,DRV040,6.25,Rain,0,715.86,49,1,0,4
ORD02543,2/13/2026,22:36:00,Friday,Delhi,V006,Tandoori Nights,Grocery,DRV005,2.38,Clear,0,1368.76,30.6,0,0,4
ORD02544,5/7/2026,14:56:00,Thursday,Delhi,V006,Tandoori Nights,Food Delivery,DRV021,2.02,Clear,0,348.91,28.1,0,0,4
ORD02545,1/18/2026,11:34:00,Sunday,Mumbai,V012,Dosa Point,Food Delivery,DRV023,0.53,Clear,0,379.31,13.4,0,0,5
ORD02546,3/17/2026,18:16:00,Tuesday,Chennai,V002,Urban Tadka,Food Delivery,DRV010,4.32,Rain,0,502.28,31.4,0,0,5
ORD02547,1/12/2026,18:27:00,Monday,Chennai,V002,Urban Tadka,Food Delivery,DRV043,1.78,Rain,0,213.69,19.2,0,0,4
ORD02548,1/2/2026,14:00:00,Friday,Delhi,V006,Tandoori Nights,Food Delivery,DRV005,1.64,Clear,0,131.8,23,0,0,3
ORD02549,3/12/2026,14:47:00,Thursday,Delhi,V005,Green Leaf Cafe,Food Delivery,DRV038,1.44,Rain,0,915.34,21.9,0,0,4
ORD02550,5/12/2026,18:16:00,Tuesday,Bengaluru,V008,Pizza Junction,Food Delivery,DRV002,2.76,Rain,0,947.53,25.7,0,0,5
ORD02551,2/21/2026,16:03:00,Saturday,Bengaluru,V004,Curry Express,Food Delivery,DRV016,4.58,Clear,0,1307.54,33.9,0,0,5
ORD02552,6/29/2026,15:18:00,Monday,Chennai,V001,Spice Route Kitchen,Food Delivery,DRV021,0.5,Rain,0,628.16,22.6,0,0,4
ORD02553,6/15/2026,11:12:00,Monday,Hyderabad,V011,Roti Roll Co.,Food Delivery,DRV017,2.91,Rain,0,1196.77,26,0,0,4
ORD02554,5/8/2026,16:05:00,Friday,Hyderabad,V009,Sushi Central,Food Delivery,DRV031,0.77,Clear,0,468.25,12.9,0,0,5
ORD02555,4/21/2026,16:52:00,Tuesday,Hyderabad,V011,Roti Roll Co.,Food Delivery,DRV012,3.01,Clear,0,897.2,33.5,0,0,4
ORD02556,4/3/2026,22:40:00,Friday,Hyderabad,V009,Sushi Central,Food Delivery,DRV015,2.33,Rain,0,299.29,35.2,0,0,4
ORD02557,3/5/2026,14:48:00,Thursday,Delhi,V006,Tandoori Nights,Food Delivery,DRV036,2.58,Clear,0,684.09,23.6,0,0,4
ORD02558,5/31/2026,18:40:00,Sunday,Mumbai,V012,Dosa Point,Food Delivery,DRV017,2.57,Clear,0,639.6,27.1,0,0,5
ORD02559,6/22/2026,12:22:00,Monday,Mumbai,V012,Dosa Point,Food Delivery,DRV035,1.42,Clear,1,586.52,34.3,0,0,5
ORD02560,5/4/2026,9:08:00,Monday,Chennai,V001,Spice Route Kitchen,Food Delivery,DRV020,2.28,Clear,0,318,,0,1,
ORD02561,4/12/2026,21:48:00,Sunday,Bengaluru,V010,Bun Intended Burgers,Grocery,DRV040,6.66,Heavy Traffic Event,1,998.67,67.8,1,0,3
ORD02562,2/26/2026,19:26:00,Thursday,Bengaluru,V010,Bun Intended Burgers,Food Delivery,DRV042,0.39,Clear,1,1063.77,9.5,0,0,5
ORD02563,3/21/2026,15:49:00,Saturday,Hyderabad,V009,Sushi Central,Grocery,DRV052,0.64,Clear,0,1183.14,18.9,0,0,5
ORD02564,6/28/2026,16:38:00,Sunday,Bengaluru,V004,Curry Express,Food Delivery,DRV052,0.88,Rain,0,405.32,22.9,0,0,4
ORD02565,4/25/2026,14:37:00,Saturday,Chennai,V003,Bowl & Broth,Grocery,DRV039,1.47,Rain,0,1183,21.9,0,0,4
ORD02566,6/6/2026,19:08:00,Saturday,Hyderabad,V011,Roti Roll Co.,Food Delivery,DRV037,2.39,Clear,1,701.26,24.3,0,0,4
ORD02567,6/18/2026,22:39:00,Thursday,Mumbai,V007,Wok This Way,Grocery,DRV056,1.47,Clear,0,473.39,16.7,0,0,4
ORD02568,6/15/2026,10:38:00,Monday,Chennai,V001,Spice Route Kitchen,Grocery,DRV016,1.37,Clear,0,329.06,25.8,0,0,4
ORD02569,6/15/2026,13:17:00,Monday,Hyderabad,V011,Roti Roll Co.,Food Delivery,DRV002,1.05,Clear,1,808.94,10.5,0,0,3
ORD02570,1/17/2026,15:55:00,Saturday,Bengaluru,V008,Pizza Junction,Food Delivery,DRV009,1.33,Clear,0,603.12,11.5,0,0,5
ORD02571,4/1/2026,22:17:00,Wednesday,Bengaluru,V010,Bun Intended Burgers,Food Delivery,DRV028,1.7,Heavy Traffic Event,0,1008.62,20,0,0,4
ORD02572,4/29/2026,15:37:00,Wednesday,Mumbai,V012,Dosa Point,Food Delivery,DRV056,6.31,Clear,0,648.56,48.7,1,0,4
ORD02573,4/2/2026,18:12:00,Thursday,Mumbai,V012,Dosa Point,Food Delivery,DRV016,1.32,Clear,0,390,14.6,0,0,5
ORD02574,6/12/2026,22:21:00,Friday,Hyderabad,V009,Sushi Central,Pharmacy,DRV040,1.24,Clear,0,739.76,26.5,0,0,4
ORD02575,4/18/2026,22:46:00,Saturday,Mumbai,V012,Dosa Point,Food Delivery,DRV003,4.54,Clear,0,169.17,40.1,0,0,5
ORD02576,2/16/2026,21:38:00,Monday,Delhi,V006,Tandoori Nights,Food Delivery,DRV018,1.49,Clear,1,196.03,29.9,0,0,4
ORD02577,4/24/2026,12:40:00,Friday,Delhi,V005,Green Leaf Cafe,Grocery,DRV057,1.65,Clear,1,212.18,19.6,0,0,4
ORD02578,4/12/2026,14:12:00,Sunday,Chennai,V001,Spice Route Kitchen,Food Delivery,DRV008,1.93,Clear,0,898.92,25.4,0,0,4
ORD02579,3/2/2026,13:17:00,Monday,Chennai,V003,Bowl & Broth,Food Delivery,DRV032,2.56,Clear,1,1363.7,28.5,0,0,5
ORD02580,5/5/2026,22:24:00,Tuesday,Chennai,V001,Spice Route Kitchen,Food Delivery,DRV026,3.48,Clear,0,171.56,31.3,0,0,4
ORD02581,6/8/2026,14:22:00,Monday,Bengaluru,V004,Curry Express,Food Delivery,DRV037,6.52,Clear,0,1210.48,44.6,0,0,4
ORD02582,4/21/2026,16:10:00,Tuesday,Hyderabad,V009,Sushi Central,Food Delivery,DRV014,1.74,Clear,0,712.73,16.5,0,0,4
ORD02583,2/7/2026,12:01:00,Saturday,Hyderabad,V009,Sushi Central,Pharmacy,DRV021,2.29,Clear,1,221.44,25.6,0,0,5
ORD02584,3/11/2026,13:32:00,Wednesday,Delhi,V006,Tandoori Nights,Food Delivery,DRV016,2.78,Rain,1,805.91,38,0,0,4
ORD02585,1/3/2026,18:04:00,Saturday,Chennai,V003,Bowl & Broth,Food Delivery,DRV027,1.81,Clear,0,492.49,17.4,0,0,5
ORD02586,1/11/2026,12:30:00,Sunday,Hyderabad,V011,Roti Roll Co.,Grocery,DRV035,2.8,Rain,1,1092.03,27.5,0,0,3
ORD02587,5/5/2026,14:08:00,Tuesday,Delhi,V005,Green Leaf Cafe,Grocery,DRV019,4.57,Rain,0,408.09,41.8,0,0,3
ORD02588,4/30/2026,22:30:00,Thursday,Bengaluru,V008,Pizza Junction,Food Delivery,DRV035,7.28,Clear,0,617.96,56.6,1,0,4
ORD02589,1/3/2026,16:28:00,Saturday,Chennai,V002,Urban Tadka,Grocery,DRV022,2.92,Clear,0,1066.01,27.4,0,0,5
ORD02590,2/13/2026,11:18:00,Friday,Chennai,V001,Spice Route Kitchen,Food Delivery,DRV026,2.02,Clear,0,1302.76,22.8,0,0,4
ORD02591,1/26/2026,21:48:00,Monday,Chennai,V003,Bowl & Broth,Food Delivery,DRV022,2.77,Clear,1,672.74,25.7,0,0,4
ORD02592,5/13/2026,22:40:00,Wednesday,Chennai,V001,Spice Route Kitchen,Food Delivery,DRV027,1.94,Rain,0,874,29.3,0,0,4
ORD02593,4/15/2026,9:03:00,Wednesday,Hyderabad,V009,Sushi Central,Food Delivery,DRV025,4.69,Clear,0,686.92,36.1,0,0,5
ORD02594,3/14/2026,17:23:00,Saturday,Bengaluru,V004,Curry Express,Grocery,DRV032,1.95,Rain,0,208.3,25.3,0,0,4
ORD02595,6/17/2026,17:50:00,Wednesday,Mumbai,V007,Wok This Way,Grocery,DRV003,4.12,Clear,0,770.3,38.6,0,0,3
ORD02596,2/3/2026,12:35:00,Tuesday,Bengaluru,V010,Bun Intended Burgers,Food Delivery,DRV033,2.83,Clear,1,326.71,27,0,0,5
ORD02597,3/25/2026,19:01:00,Wednesday,Delhi,V005,Green Leaf Cafe,Food Delivery,DRV055,3.31,Clear,1,658.82,30.7,0,0,3
ORD02598,1/17/2026,16:32:00,Saturday,Bengaluru,V008,Pizza Junction,Food Delivery,DRV013,1.12,Clear,0,967.27,12.3,0,0,5
ORD02599,3/11/2026,16:21:00,Wednesday,Chennai,V001,Spice Route Kitchen,Food Delivery,DRV032,5.57,Clear,0,582.07,49.3,1,0,3
ORD02600,4/20/2026,14:23:00,Monday,Hyderabad,V009,Sushi Central,Grocery,DRV039,1.24,Clear,0,274.35,17.2,0,0,4
ORD02601,1/26/2026,17:46:00,Monday,Bengaluru,V004,Curry Express,Food Delivery,DRV043,2.36,Clear,0,496.04,23.4,0,0,4
ORD02602,6/29/2026,14:54:00,Monday,Hyderabad,V009,Sushi Central,Food Delivery,DRV051,1.44,Clear,0,1004.87,22.9,0,0,5
ORD02603,4/11/2026,11:54:00,Saturday,Delhi,V006,Tandoori Nights,Food Delivery,DRV009,4.7,Clear,0,401.53,40.6,0,0,3
ORD02604,6/5/2026,11:47:00,Friday,Bengaluru,V008,Pizza Junction,Grocery,DRV044,3.32,Clear,0,745.3,33.2,0,0,5
ORD02605,6/19/2026,15:36:00,Friday,Hyderabad,V011,Roti Roll Co.,Food Delivery,DRV009,2.24,Clear,0,163.22,19.2,0,0,3
ORD02606,3/22/2026,14:56:00,Sunday,Mumbai,V007,Wok This Way,Food Delivery,DRV033,1.86,Clear,0,834.52,24.5,0,0,4
ORD02607,4/25/2026,18:02:00,Saturday,Bengaluru,V008,Pizza Junction,Food Delivery,DRV038,6.48,Clear,0,1344.29,43.1,0,0,5
ORD02608,5/24/2026,17:16:00,Sunday,Bengaluru,V004,Curry Express,Food Delivery,DRV049,1.74,Clear,0,988.55,22.1,0,0,4
ORD02609,2/28/2026,18:30:00,Saturday,Chennai,V003,Bowl & Broth,Food Delivery,DRV016,3.11,Clear,0,797.81,26.1,0,0,5
ORD02610,3/15/2026,14:22:00,Sunday,Hyderabad,V009,Sushi Central,Food Delivery,DRV009,0.92,Clear,0,514.99,29.4,0,0,5
ORD02611,5/9/2026,15:14:00,Saturday,Chennai,V001,Spice Route Kitchen,Food Delivery,DRV019,3.69,Clear,0,1087.31,33.1,0,0,4
ORD02612,5/28/2026,12:21:00,Thursday,Bengaluru,V010,Bun Intended Burgers,Food Delivery,DRV006,2.22,Rain,1,614.22,30.9,0,0,5
ORD02613,3/28/2026,14:20:00,Saturday,Mumbai,V007,Wok This Way,Pharmacy,DRV019,1.4,Rain,0,194.78,23,0,0,3
ORD02614,4/28/2026,15:36:00,Tuesday,Delhi,V006,Tandoori Nights,Food Delivery,DRV001,4.66,Clear,0,1284.47,,0,1,
ORD02615,5/11/2026,15:13:00,Monday,Bengaluru,V004,Curry Express,Pharmacy,DRV027,0.59,Clear,0,1016.83,14.3,0,0,5
ORD02616,2/25/2026,16:33:00,Wednesday,Mumbai,V007,Wok This Way,Food Delivery,DRV028,2.34,Clear,0,498.08,25.7,0,0,4
ORD02617,4/7/2026,17:21:00,Tuesday,Bengaluru,V004,Curry Express,Grocery,DRV056,1.63,Clear,0,179.81,16.5,0,0,4
ORD02618,2/4/2026,13:41:00,Wednesday,Hyderabad,V009,Sushi Central,Food Delivery,DRV052,2.69,Clear,1,694.38,30.6,0,0,5
ORD02619,4/13/2026,12:21:00,Monday,Chennai,V003,Bowl & Broth,Food Delivery,DRV036,2.56,Clear,1,274.88,28.8,0,0,5
ORD02620,5/12/2026,14:15:00,Tuesday,Bengaluru,V004,Curry Express,Food Delivery,DRV054,2.56,Clear,0,851.65,22.1,0,0,5
ORD02621,5/26/2026,14:31:00,Tuesday,Delhi,V006,Tandoori Nights,Pharmacy,DRV024,1.52,Clear,0,894.95,26.7,0,0,4
ORD02622,6/5/2026,16:14:00,Friday,Delhi,V006,Tandoori Nights,Food Delivery,DRV054,4.11,Rain,0,628.64,34.1,0,0,4
ORD02623,1/21/2026,10:01:00,Wednesday,Mumbai,V012,Dosa Point,Food Delivery,DRV012,10.74,Clear,0,503.86,,0,1,
ORD02624,6/14/2026,18:56:00,Sunday,Hyderabad,V009,Sushi Central,Food Delivery,DRV011,1.16,Rain,0,743.46,30.9,0,0,5
ORD02625,1/1/2026,11:02:00,Thursday,Hyderabad,V009,Sushi Central,Food Delivery,DRV037,7.15,Clear,0,486.78,45.7,1,0,3
ORD02626,2/17/2026,15:57:00,Tuesday,Bengaluru,V004,Curry Express,Food Delivery,DRV018,0.23,Heavy Traffic Event,0,1312.36,16.1,0,0,4
ORD02627,3/17/2026,17:37:00,Tuesday,Chennai,V003,Bowl & Broth,Food Delivery,DRV002,1.09,Clear,0,442.32,19.6,0,0,5
ORD02628,6/6/2026,15:42:00,Saturday,Bengaluru,V010,Bun Intended Burgers,Food Delivery,DRV043,6.07,Clear,0,461.34,42.6,0,0,4
ORD02629,3/9/2026,14:46:00,Monday,Bengaluru,V010,Bun Intended Burgers,Food Delivery,DRV051,3.35,Clear,0,637.44,32.5,0,0,5
ORD02630,2/4/2026,18:43:00,Wednesday,Bengaluru,V010,Bun Intended Burgers,Food Delivery,DRV008,4.1,Clear,0,743.81,30.1,0,0,5
ORD02631,1/22/2026,10:14:00,Thursday,Bengaluru,V008,Pizza Junction,Food Delivery,DRV030,3.92,Rain,0,675.51,36.2,0,0,4
ORD02632,1/5/2026,14:21:00,Monday,Mumbai,V007,Wok This Way,Food Delivery,DRV044,8.38,Clear,0,512.81,57.1,1,0,2
ORD02633,2/17/2026,18:53:00,Tuesday,Bengaluru,V010,Bun Intended Burgers,Pharmacy,DRV032,3.02,Clear,0,617.5,28.8,0,0,5
ORD02634,4/8/2026,12:52:00,Wednesday,Delhi,V005,Green Leaf Cafe,Food Delivery,DRV005,0.71,Clear,1,1359.84,18.6,0,0,4
ORD02635,3/4/2026,17:52:00,Wednesday,Delhi,V005,Green Leaf Cafe,Food Delivery,DRV010,1.99,Clear,0,456.96,23.9,0,0,4
ORD02636,2/7/2026,21:46:00,Saturday,Chennai,V002,Urban Tadka,Food Delivery,DRV047,2.14,Clear,1,487.06,25,0,0,5
ORD02637,1/31/2026,22:18:00,Saturday,Mumbai,V007,Wok This Way,Food Delivery,DRV055,2.59,Clear,0,461.12,31.4,0,0,4
ORD02638,1/13/2026,8:29:00,Tuesday,Bengaluru,V004,Curry Express,Food Delivery,DRV023,0.78,Rain,0,302.18,18,0,0,5
ORD02639,3/3/2026,17:12:00,Tuesday,Hyderabad,V009,Sushi Central,Food Delivery,DRV030,10.05,Clear,0,881.78,55.9,1,0,4
ORD02640,1/23/2026,19:38:00,Friday,Chennai,V002,Urban Tadka,Grocery,DRV018,4.03,Clear,1,737.32,32.5,0,0,5
ORD02641,2/14/2026,16:07:00,Saturday,Delhi,V006,Tandoori Nights,Grocery,DRV057,1.81,Rain,0,711.77,30.8,0,0,4
ORD02642,3/26/2026,19:09:00,Thursday,Hyderabad,V009,Sushi Central,Food Delivery,DRV022,4.09,Clear,1,134.28,38.6,0,0,4
ORD02643,6/4/2026,17:40:00,Thursday,Hyderabad,V011,Roti Roll Co.,Food Delivery,DRV050,1.91,Heavy Traffic Event,0,465.79,20.5,0,0,3
ORD02644,2/15/2026,15:18:00,Sunday,Delhi,V005,Green Leaf Cafe,Food Delivery,DRV028,8.15,Rain,0,191.1,61.2,1,0,2
ORD02645,4/17/2026,14:58:00,Friday,Hyderabad,V011,Roti Roll Co.,Food Delivery,DRV006,2.59,Rain,0,734.45,31.4,0,0,4
ORD02646,3/28/2026,15:10:00,Saturday,Delhi,V006,Tandoori Nights,Food Delivery,DRV001,2.84,Clear,0,476.53,28.8,0,0,4
ORD02647,6/29/2026,20:24:00,Monday,Hyderabad,V011,Roti Roll Co.,Food Delivery,DRV006,4.89,Rain,1,358.09,42.8,0,0,3
ORD02648,5/31/2026,14:15:00,Sunday,Mumbai,V007,Wok This Way,Food Delivery,DRV046,5.4,Clear,0,1013.71,44,0,0,4
ORD02649,1/8/2026,13:04:00,Thursday,Bengaluru,V008,Pizza Junction,Food Delivery,DRV001,1.33,Clear,1,954.91,30.1,0,0,5
ORD02650,5/20/2026,12:06:00,Wednesday,Chennai,V003,Bowl & Broth,Food Delivery,DRV009,1.56,Clear,1,390.89,21.4,0,0,4
ORD02651,4/2/2026,14:17:00,Thursday,Mumbai,V007,Wok This Way,Pharmacy,DRV010,5.79,Clear,0,303.29,50,1,0,3
ORD02652,4/1/2026,22:06:00,Wednesday,Chennai,V002,Urban Tadka,Food Delivery,DRV016,8.65,Heavy Traffic Event,0,974.35,71.4,1,0,3
ORD02653,5/21/2026,16:31:00,Thursday,Chennai,V001,Spice Route Kitchen,Food Delivery,DRV020,1.93,Clear,0,231.85,34.1,0,0,3
ORD02654,4/6/2026,12:55:00,Monday,Mumbai,V007,Wok This Way,Food Delivery,DRV003,6.69,Clear,1,848.68,61.6,1,0,2
ORD02655,4/23/2026,15:31:00,Thursday,Bengaluru,V010,Bun Intended Burgers,Food Delivery,DRV037,1.82,Clear,0,743.9,18.4,0,0,5
ORD02656,1/16/2026,14:49:00,Friday,Chennai,V003,Bowl & Broth,Pharmacy,DRV011,6.88,Rain,0,1127.97,51.6,1,0,4
ORD02657,1/2/2026,20:06:00,Friday,Mumbai,V012,Dosa Point,Grocery,DRV035,3.51,Clear,1,326.93,36.8,0,0,5
ORD02658,5/30/2026,22:27:00,Saturday,Bengaluru,V004,Curry Express,Food Delivery,DRV017,1.24,Clear,0,886.24,18.4,0,0,5
ORD02659,2/24/2026,17:06:00,Tuesday,Chennai,V002,Urban Tadka,Food Delivery,DRV015,6.4,Clear,0,1000.81,32.7,0,0,5
ORD02660,3/2/2026,15:57:00,Monday,Bengaluru,V010,Bun Intended Burgers,Food Delivery,DRV002,2.38,Clear,0,1291.67,29.2,0,0,5
ORD02661,5/23/2026,17:52:00,Saturday,Bengaluru,V008,Pizza Junction,Food Delivery,DRV043,0.54,Clear,0,568.85,,0,1,
ORD02662,1/8/2026,21:28:00,Thursday,Chennai,V002,Urban Tadka,Grocery,DRV031,3.11,Clear,1,1317.17,,0,1,
ORD02663,3/6/2026,12:13:00,Friday,Hyderabad,V009,Sushi Central,Food Delivery,DRV048,1.15,Rain,1,240.22,24.1,0,0,4
ORD02664,1/30/2026,12:27:00,Friday,Hyderabad,V009,Sushi Central,Food Delivery,DRV037,1.18,Heavy Traffic Event,1,1337.92,25.5,0,0,4
ORD02665,1/9/2026,20:35:00,Friday,Mumbai,V012,Dosa Point,Food Delivery,DRV010,5.17,Heavy Traffic Event,1,263.49,62.6,1,0,3
ORD02666,5/4/2026,17:10:00,Monday,Bengaluru,V004,Curry Express,Food Delivery,DRV051,1.47,Clear,0,440.59,22,0,0,5
ORD02667,1/4/2026,13:17:00,Sunday,Bengaluru,V008,Pizza Junction,Pharmacy,DRV021,1.3,Clear,1,359.14,25.7,0,0,5
ORD02668,5/26/2026,16:24:00,Tuesday,Chennai,V003,Bowl & Broth,Pharmacy,DRV001,3.08,Clear,0,794.17,27.7,0,0,5
ORD02669,6/28/2026,18:02:00,Sunday,Mumbai,V007,Wok This Way,Food Delivery,DRV015,5.58,Clear,0,813.4,41.1,0,0,4
ORD02670,2/19/2026,21:51:00,Thursday,Delhi,V006,Tandoori Nights,Food Delivery,DRV013,2.53,Rain,1,226.04,28.7,0,0,3
ORD02671,3/23/2026,10:16:00,Monday,Hyderabad,V011,Roti Roll Co.,Food Delivery,DRV046,3.62,Clear,0,1241.06,32.3,0,0,4
ORD02672,4/7/2026,17:23:00,Tuesday,Bengaluru,V010,Bun Intended Burgers,Grocery,DRV026,0.77,Clear,0,1113.54,19.4,0,0,4
ORD02673,1/24/2026,15:52:00,Saturday,Bengaluru,V004,Curry Express,Food Delivery,DRV050,1.1,Clear,0,988,21.1,0,0,4
ORD02674,1/21/2026,18:04:00,Wednesday,Chennai,V002,Urban Tadka,Grocery,DRV021,4.8,Clear,0,1330.4,41.9,0,0,5
ORD02675,3/22/2026,16:00:00,Sunday,Delhi,V006,Tandoori Nights,Food Delivery,DRV019,1.8,Clear,0,905.85,24.4,0,0,4
ORD02676,6/20/2026,22:39:00,Saturday,Chennai,V003,Bowl & Broth,Food Delivery,DRV021,2.09,Clear,0,522.75,18.3,0,0,4
ORD02677,1/2/2026,22:48:00,Friday,Delhi,V006,Tandoori Nights,Pharmacy,DRV019,5.42,Heavy Traffic Event,0,1355.6,54.1,1,0,2
ORD02678,4/17/2026,13:18:00,Friday,Chennai,V001,Spice Route Kitchen,Grocery,DRV047,6.47,Rain,1,1394.46,68.4,1,0,3
ORD02679,1/24/2026,14:22:00,Saturday,Bengaluru,V010,Bun Intended Burgers,Food Delivery,DRV057,0.34,Clear,0,253.79,16.5,0,0,5
ORD02680,1/1/2026,15:35:00,Thursday,Hyderabad,V009,Sushi Central,Grocery,DRV006,7.05,Clear,0,314.91,45.9,1,0,3
ORD02681,3/10/2026,21:21:00,Tuesday,Hyderabad,V009,Sushi Central,Food Delivery,DRV058,2.64,Clear,1,931.88,30.4,0,0,5
ORD02682,4/29/2026,13:36:00,Wednesday,Mumbai,V012,Dosa Point,Food Delivery,DRV026,4.53,Clear,1,150.49,57.9,1,0,5
ORD02683,6/24/2026,21:33:00,Wednesday,Chennai,V003,Bowl & Broth,Food Delivery,DRV008,2.87,Clear,1,1064.56,28.9,0,0,5
ORD02684,5/1/2026,12:36:00,Friday,Hyderabad,V011,Roti Roll Co.,Food Delivery,DRV041,0.99,Clear,1,1246.14,19.9,0,0,3
ORD02685,6/2/2026,20:19:00,Tuesday,Chennai,V003,Bowl & Broth,Food Delivery,DRV059,9.77,Heavy Traffic Event,1,864.67,86.6,1,0,2
ORD02686,1/13/2026,14:13:00,Tuesday,Bengaluru,V008,Pizza Junction,Food Delivery,DRV025,1.88,Clear,0,361.92,28.8,0,0,5
ORD02687,6/9/2026,22:47:00,Tuesday,Delhi,V005,Green Leaf Cafe,Food Delivery,DRV035,3.55,Rain,0,132.23,35.4,0,0,4
ORD02688,2/15/2026,22:47:00,Sunday,Hyderabad,V011,Roti Roll Co.,Grocery,DRV058,2.55,Clear,0,1331.47,26.7,0,0,3
ORD02689,5/4/2026,14:47:00,Monday,Delhi,V006,Tandoori Nights,Food Delivery,DRV008,4,Clear,0,1123.35,34.5,0,0,3
ORD02690,6/11/2026,12:17:00,Thursday,Chennai,V001,Spice Route Kitchen,Food Delivery,DRV001,0.3,Clear,1,1390.58,21.5,0,0,4
ORD02691,4/3/2026,17:22:00,Friday,Delhi,V006,Tandoori Nights,Food Delivery,DRV008,2.27,Clear,0,462.25,26.9,0,0,3
ORD02692,4/1/2026,11:17:00,Wednesday,Delhi,V006,Tandoori Nights,Grocery,DRV033,2.58,Clear,0,251.24,22.6,0,0,4
ORD02693,3/24/2026,16:26:00,Tuesday,Mumbai,V007,Wok This Way,Food Delivery,DRV011,4.1,Clear,0,1084.11,31.9,0,0,3
ORD02694,4/16/2026,19:11:00,Thursday,Bengaluru,V008,Pizza Junction,Grocery,DRV017,4.52,Clear,1,425.44,36.6,0,0,5
ORD02695,2/14/2026,14:10:00,Saturday,Bengaluru,V010,Bun Intended Burgers,Food Delivery,DRV021,1.21,Clear,0,676.52,16.8,0,0,4
ORD02696,1/3/2026,12:02:00,Saturday,Mumbai,V007,Wok This Way,Food Delivery,DRV032,0.7,Clear,1,199.32,18.9,0,0,3
ORD02697,2/4/2026,16:53:00,Wednesday,Hyderabad,V011,Roti Roll Co.,Grocery,DRV039,0.75,Heavy Traffic Event,0,539.47,19.9,0,0,3
ORD02698,3/14/2026,22:01:00,Saturday,Hyderabad,V009,Sushi Central,Pharmacy,DRV007,3.75,Heavy Traffic Event,0,1024.75,41.8,0,0,5
ORD02699,3/27/2026,14:24:00,Friday,Chennai,V003,Bowl & Broth,Food Delivery,DRV003,9.44,Rain,0,1291.87,61.6,1,0,3
ORD02700,4/19/2026,16:23:00,Sunday,Chennai,V002,Urban Tadka,Food Delivery,DRV016,2.78,Clear,0,1392.51,28.6,0,0,5
ORD02701,3/6/2026,12:17:00,Friday,Bengaluru,V010,Bun Intended Burgers,Food Delivery,DRV014,3.25,Rain,1,1280.33,29.4,0,0,5
ORD02702,5/29/2026,18:07:00,Friday,Chennai,V001,Spice Route Kitchen,Food Delivery,DRV056,2.37,Clear,0,433.39,23.6,0,0,4
ORD02703,1/11/2026,13:08:00,Sunday,Hyderabad,V009,Sushi Central,Food Delivery,DRV043,2.64,Clear,1,787.64,29.8,0,0,4
ORD02704,1/10/2026,14:54:00,Saturday,Mumbai,V012,Dosa Point,Food Delivery,DRV013,0.94,Clear,0,460.78,19,0,0,5
ORD02705,1/7/2026,13:14:00,Wednesday,Mumbai,V007,Wok This Way,Food Delivery,DRV009,0.64,Rain,1,1384.5,17.2,0,0,3
ORD02706,6/2/2026,20:40:00,Tuesday,Chennai,V003,Bowl & Broth,Pharmacy,DRV004,5.01,Clear,1,184.56,35.6,0,0,4
ORD02707,6/6/2026,15:47:00,Saturday,Chennai,V003,Bowl & Broth,Food Delivery,DRV037,7.37,Clear,0,156.43,41.6,0,0,5
ORD02708,5/3/2026,21:43:00,Sunday,Chennai,V001,Spice Route Kitchen,Food Delivery,DRV043,3.58,Rain,1,556.27,41.6,0,0,4
ORD02709,2/18/2026,15:17:00,Wednesday,Bengaluru,V004,Curry Express,Food Delivery,DRV031,3.84,Clear,0,742.88,29.9,0,0,4
ORD02710,5/29/2026,12:19:00,Friday,Chennai,V003,Bowl & Broth,Food Delivery,DRV012,6.6,Clear,1,503.07,51.5,1,0,4
ORD02711,1/30/2026,13:38:00,Friday,Chennai,V003,Bowl & Broth,Food Delivery,DRV012,2.9,Clear,1,369.41,30.3,0,0,5
ORD02712,4/28/2026,12:17:00,Tuesday,Bengaluru,V010,Bun Intended Burgers,Food Delivery,DRV051,1.57,Clear,1,381.07,21.8,0,0,5
ORD02713,2/22/2026,13:14:00,Sunday,Delhi,V006,Tandoori Nights,Food Delivery,DRV003,2.57,Clear,1,996.39,34,0,0,4
ORD02714,5/4/2026,19:02:00,Monday,Delhi,V006,Tandoori Nights,Grocery,DRV023,1.22,Clear,1,1342.67,18,0,0,4
ORD02715,1/22/2026,22:15:00,Thursday,Bengaluru,V010,Bun Intended Burgers,Food Delivery,DRV058,4.66,Heavy Traffic Event,0,1376.66,,0,1,
ORD02716,3/12/2026,14:49:00,Thursday,Bengaluru,V004,Curry Express,Food Delivery,DRV020,2.04,Heavy Traffic Event,0,707.41,20.9,0,0,4
ORD02717,1/18/2026,21:24:00,Sunday,Chennai,V002,Urban Tadka,Food Delivery,DRV036,4.51,Clear,1,443.5,35,0,0,5
ORD02718,2/27/2026,19:12:00,Friday,Mumbai,V012,Dosa Point,Food Delivery,DRV015,4.95,Clear,1,690.76,46.9,1,0,4
ORD02719,1/1/2026,20:03:00,Thursday,Hyderabad,V011,Roti Roll Co.,Food Delivery,DRV028,5.32,Clear,1,499.03,52.1,1,0,3
ORD02720,2/4/2026,16:50:00,Wednesday,Hyderabad,V009,Sushi Central,Food Delivery,DRV053,2.79,Clear,0,142.54,27,0,0,5
ORD02721,6/7/2026,22:43:00,Sunday,Mumbai,V007,Wok This Way,Food Delivery,DRV045,0.96,Clear,0,1387.24,23.2,0,0,4
ORD02722,4/28/2026,15:56:00,Tuesday,Chennai,V002,Urban Tadka,Grocery,DRV012,2.09,Clear,0,1328.33,22.4,0,0,5
ORD02723,1/3/2026,13:29:00,Saturday,Bengaluru,V010,Bun Intended Burgers,Grocery,DRV057,4.2,Clear,1,875.02,40.2,0,0,5
ORD02724,6/2/2026,14:32:00,Tuesday,Bengaluru,V010,Bun Intended Burgers,Grocery,DRV038,1.39,Clear,0,1332.39,21.6,0,0,5
ORD02725,2/23/2026,10:46:00,Monday,Delhi,V005,Green Leaf Cafe,Food Delivery,DRV010,1.61,Clear,0,1331.93,27.8,0,0,3
ORD02726,1/10/2026,22:30:00,Saturday,Chennai,V003,Bowl & Broth,Food Delivery,DRV041,0.7,Clear,0,189.84,29,0,0,5
ORD02727,3/9/2026,13:36:00,Monday,Bengaluru,V004,Curry Express,Grocery,DRV036,1.63,Clear,1,819.76,26.4,0,0,4
ORD02728,5/3/2026,14:12:00,Sunday,Chennai,V002,Urban Tadka,Food Delivery,DRV039,0.53,Clear,0,460.37,12.7,0,0,5
ORD02729,5/24/2026,11:47:00,Sunday,Hyderabad,V011,Roti Roll Co.,Food Delivery,DRV023,4.09,Clear,0,652.14,27.5,0,0,3
ORD02730,1/3/2026,14:09:00,Saturday,Bengaluru,V004,Curry Express,Food Delivery,DRV007,3.1,Clear,0,132.72,28.4,0,0,5
ORD02731,1/7/2026,12:55:00,Wednesday,Hyderabad,V009,Sushi Central,Grocery,DRV020,1.39,Clear,1,911.16,28.2,0,0,5
ORD02732,2/14/2026,22:27:00,Saturday,Hyderabad,V009,Sushi Central,Food Delivery,DRV048,4.51,Rain,0,1297.51,36.1,0,0,4
ORD02733,2/9/2026,11:26:00,Monday,Chennai,V003,Bowl & Broth,Grocery,DRV028,1.97,Rain,0,634.68,23.8,0,0,5
ORD02734,1/30/2026,15:46:00,Friday,Chennai,V003,Bowl & Broth,Food Delivery,DRV021,3.89,Clear,0,333.22,33.5,0,0,4
ORD02735,3/3/2026,22:17:00,Tuesday,Mumbai,V012,Dosa Point,Food Delivery,DRV025,2.27,Clear,0,1259.16,24.9,0,0,5
ORD02736,1/4/2026,12:41:00,Sunday,Mumbai,V007,Wok This Way,Grocery,DRV009,3.96,Clear,1,1382.52,,0,1,
ORD02737,3/30/2026,12:06:00,Monday,Bengaluru,V004,Curry Express,Food Delivery,DRV039,3.31,Clear,1,184.81,36.6,0,0,5
ORD02738,5/21/2026,14:38:00,Thursday,Chennai,V003,Bowl & Broth,Pharmacy,DRV006,2.17,Clear,0,692.86,24,0,0,5
ORD02739,5/22/2026,15:08:00,Friday,Mumbai,V007,Wok This Way,Food Delivery,DRV023,3.74,Clear,0,825.64,33.5,0,0,3
ORD02740,3/12/2026,17:35:00,Thursday,Bengaluru,V010,Bun Intended Burgers,Grocery,DRV008,9.92,Heavy Traffic Event,0,1229.08,94,1,0,2
ORD02741,5/30/2026,22:43:00,Saturday,Delhi,V005,Green Leaf Cafe,Food Delivery,DRV005,4.15,Clear,0,212.28,38.9,0,0,3
ORD02742,4/7/2026,22:40:00,Tuesday,Hyderabad,V011,Roti Roll Co.,Food Delivery,DRV005,1.33,Clear,0,936.18,17.4,0,0,3
ORD02743,6/24/2026,21:29:00,Wednesday,Hyderabad,V009,Sushi Central,Grocery,DRV007,5.8,Clear,1,968.19,53.1,1,0,4
ORD02744,1/9/2026,15:54:00,Friday,Hyderabad,V009,Sushi Central,Food Delivery,DRV013,1.78,Clear,0,731.79,24.5,0,0,5
ORD02745,2/7/2026,19:19:00,Saturday,Bengaluru,V008,Pizza Junction,Food Delivery,DRV023,2.68,Clear,1,1192.83,25.2,0,0,5
ORD02746,2/23/2026,13:56:00,Monday,Mumbai,V007,Wok This Way,Food Delivery,DRV026,0.35,Clear,1,829.68,18.5,0,0,3
ORD02747,2/12/2026,15:41:00,Thursday,Bengaluru,V008,Pizza Junction,Food Delivery,DRV051,0.84,Clear,0,1067.36,17.5,0,0,5
ORD02748,5/5/2026,13:12:00,Tuesday,Bengaluru,V010,Bun Intended Burgers,Food Delivery,DRV027,2.19,Rain,1,1269.13,25.8,0,0,5
ORD02749,3/2/2026,13:10:00,Monday,Delhi,V005,Green Leaf Cafe,Grocery,DRV054,2.09,Clear,1,982.7,22,0,0,4
ORD02750,4/14/2026,15:30:00,Tuesday,Bengaluru,V010,Bun Intended Burgers,Food Delivery,DRV042,3.99,Rain,0,958.32,33.5,0,0,4
ORD02751,2/17/2026,17:26:00,Tuesday,Bengaluru,V004,Curry Express,Food Delivery,DRV028,0.82,Heavy Traffic Event,0,1021.58,19.7,0,0,4
ORD02752,5/18/2026,11:15:00,Monday,Mumbai,V007,Wok This Way,Grocery,DRV013,3.57,Clear,0,750.68,33.5,0,0,4
ORD02753,1/16/2026,13:44:00,Friday,Chennai,V002,Urban Tadka,Food Delivery,DRV007,2,Heavy Traffic Event,1,842.83,33.2,0,0,5
ORD02754,6/8/2026,15:13:00,Monday,Hyderabad,V009,Sushi Central,Food Delivery,DRV022,4.8,Clear,0,1213.81,30.5,0,0,5
ORD02755,5/4/2026,16:00:00,Monday,Bengaluru,V010,Bun Intended Burgers,Grocery,DRV014,0.78,Clear,0,1234.78,14.4,0,0,5
ORD02756,6/9/2026,15:42:00,Tuesday,Hyderabad,V011,Roti Roll Co.,Food Delivery,DRV032,3.29,Heavy Traffic Event,0,477.02,33.9,0,0,3
ORD02757,2/28/2026,15:58:00,Saturday,Bengaluru,V010,Bun Intended Burgers,Food Delivery,DRV025,2.51,Rain,0,1260.27,24.6,0,0,5
ORD02758,1/1/2026,12:52:00,Thursday,Hyderabad,V011,Roti Roll Co.,Grocery,DRV019,0.77,Clear,1,929.24,19.9,0,0,3
ORD02759,6/9/2026,11:21:00,Tuesday,Mumbai,V007,Wok This Way,Food Delivery,DRV032,3.12,Clear,0,967.68,39.8,0,0,3
ORD02760,6/17/2026,18:19:00,Wednesday,Delhi,V006,Tandoori Nights,Grocery,DRV033,2.21,Clear,0,418.18,22.3,0,0,4
ORD02761,3/16/2026,20:04:00,Monday,Bengaluru,V010,Bun Intended Burgers,Grocery,DRV017,6.57,Clear,1,1125.67,55.7,1,0,4
ORD02762,1/22/2026,16:07:00,Thursday,Delhi,V005,Green Leaf Cafe,Pharmacy,DRV023,0.23,Clear,0,1245.06,15.6,0,0,4
ORD02763,3/6/2026,13:15:00,Friday,Chennai,V001,Spice Route Kitchen,Food Delivery,DRV023,2.69,Clear,1,952.51,26.1,0,0,4
ORD02764,6/22/2026,20:27:00,Monday,Mumbai,V007,Wok This Way,Food Delivery,DRV020,0.97,Rain,1,325.36,28.6,0,0,3
ORD02765,5/1/2026,16:25:00,Friday,Delhi,V006,Tandoori Nights,Food Delivery,DRV048,3.25,Rain,0,1133.46,40.2,0,0,3
ORD02766,3/8/2026,17:29:00,Sunday,Chennai,V002,Urban Tadka,Grocery,DRV001,0.51,Clear,0,419.34,12.6,0,0,5
ORD02767,6/18/2026,13:09:00,Thursday,Delhi,V005,Green Leaf Cafe,Food Delivery,DRV057,3.88,Clear,1,292.4,30.5,0,0,4
ORD02768,2/22/2026,19:10:00,Sunday,Mumbai,V007,Wok This Way,Pharmacy,DRV046,1.3,Clear,1,891.49,22.6,0,0,4
ORD02769,4/11/2026,11:34:00,Saturday,Chennai,V002,Urban Tadka,Food Delivery,DRV049,2.39,Clear,0,205.87,18,0,0,5
ORD02770,4/3/2026,19:41:00,Friday,Mumbai,V012,Dosa Point,Pharmacy,DRV031,1.72,Clear,1,1243.48,28.6,0,0,5
ORD02771,4/23/2026,16:27:00,Thursday,Bengaluru,V010,Bun Intended Burgers,Food Delivery,DRV045,1.62,Clear,0,702.02,15.1,0,0,5
ORD02772,1/15/2026,13:25:00,Thursday,Chennai,V001,Spice Route Kitchen,Food Delivery,DRV003,3.64,Heavy Traffic Event,1,1232.27,46.1,1,0,3
ORD02773,4/9/2026,13:08:00,Thursday,Delhi,V006,Tandoori Nights,Food Delivery,DRV056,2.77,Rain,1,1232.67,37.7,0,0,3
ORD02774,4/16/2026,17:01:00,Thursday,Chennai,V002,Urban Tadka,Food Delivery,DRV060,2.39,Clear,0,764.58,24.4,0,0,5
ORD02775,5/14/2026,22:02:00,Thursday,Chennai,V002,Urban Tadka,Food Delivery,DRV013,1.82,Rain,0,1346.33,25.1,0,0,5
ORD02776,4/23/2026,13:06:00,Thursday,Bengaluru,V008,Pizza Junction,Grocery,DRV032,0.99,Clear,1,1398.41,16.2,0,0,5
ORD02777,5/5/2026,14:00:00,Tuesday,Chennai,V003,Bowl & Broth,Grocery,DRV052,2.52,Clear,0,848.67,21.4,0,0,5
ORD02778,3/18/2026,15:16:00,Wednesday,Mumbai,V007,Wok This Way,Food Delivery,DRV022,2.46,Clear,0,582.48,24.9,0,0,4
ORD02779,3/1/2026,15:05:00,Sunday,Hyderabad,V011,Roti Roll Co.,Food Delivery,DRV038,2.08,Clear,0,212.52,22,0,0,3
ORD02780,5/24/2026,17:04:00,Sunday,Bengaluru,V010,Bun Intended Burgers,Grocery,DRV058,2.46,Clear,0,934.87,27.6,0,0,5
ORD02781,2/9/2026,10:47:00,Monday,Chennai,V002,Urban Tadka,Food Delivery,DRV024,1.05,Clear,0,342.13,11.4,0,0,5
ORD02782,3/24/2026,21:53:00,Tuesday,Hyderabad,V011,Roti Roll Co.,Grocery,DRV010,1.58,Clear,1,462,19.6,0,0,4
ORD02783,6/7/2026,11:38:00,Sunday,Mumbai,V012,Dosa Point,Food Delivery,DRV027,2.25,Clear,0,173.02,29.8,0,0,5
ORD02784,2/7/2026,11:26:00,Saturday,Bengaluru,V008,Pizza Junction,Food Delivery,DRV035,5.47,Clear,0,382.54,40.6,0,0,4
ORD02785,4/20/2026,15:54:00,Monday,Bengaluru,V008,Pizza Junction,Grocery,DRV052,0.66,Heavy Traffic Event,0,1262.4,30.4,0,0,5
ORD02786,5/2/2026,16:26:00,Saturday,Hyderabad,V011,Roti Roll Co.,Grocery,DRV037,6.05,Rain,0,637.77,47.4,1,0,3
ORD02787,6/23/2026,16:38:00,Tuesday,Hyderabad,V011,Roti Roll Co.,Food Delivery,DRV014,2.05,Rain,0,961.86,21.1,0,0,3
ORD02788,4/6/2026,14:08:00,Monday,Delhi,V006,Tandoori Nights,Food Delivery,DRV025,3.58,Clear,0,184.14,31.8,0,0,3
ORD02789,1/19/2026,16:24:00,Monday,Mumbai,V007,Wok This Way,Food Delivery,DRV041,1.51,Clear,0,291.73,22.7,0,0,4
ORD02790,5/15/2026,10:05:00,Friday,Mumbai,V012,Dosa Point,Food Delivery,DRV016,4.73,Clear,0,364.35,36.8,0,0,5
ORD02791,3/4/2026,11:45:00,Wednesday,Chennai,V001,Spice Route Kitchen,Grocery,DRV055,1.41,Clear,0,650.19,22.3,0,0,4
ORD02792,2/1/2026,15:56:00,Sunday,Chennai,V003,Bowl & Broth,Food Delivery,DRV028,2.3,Clear,0,434.88,23.1,0,0,5
ORD02793,3/5/2026,18:40:00,Thursday,Hyderabad,V009,Sushi Central,Food Delivery,DRV033,0.97,Clear,0,593.22,21.4,0,0,4
ORD02794,6/29/2026,21:57:00,Monday,Delhi,V006,Tandoori Nights,Food Delivery,DRV015,6.16,Rain,1,469.47,62.2,1,0,3
ORD02795,3/16/2026,16:00:00,Monday,Bengaluru,V004,Curry Express,Food Delivery,DRV056,3.44,Clear,0,218.62,23.7,0,0,5
ORD02796,1/15/2026,18:31:00,Thursday,Hyderabad,V011,Roti Roll Co.,Food Delivery,DRV001,3.95,Clear,0,1125.17,31.6,0,0,3
ORD02797,2/24/2026,12:40:00,Tuesday,Chennai,V003,Bowl & Broth,Grocery,DRV041,2.37,Heavy Traffic Event,1,1052.83,41.4,0,0,4
ORD02798,5/19/2026,16:03:00,Tuesday,Mumbai,V012,Dosa Point,Grocery,DRV037,1.95,Heavy Traffic Event,0,898.63,29.8,0,0,5
ORD02799,6/2/2026,15:56:00,Tuesday,Delhi,V005,Green Leaf Cafe,Grocery,DRV051,4.32,Rain,0,183.82,38.2,0,0,3
ORD02800,3/13/2026,18:08:00,Friday,Chennai,V001,Spice Route Kitchen,Food Delivery,DRV002,3.72,Clear,0,1233.26,29.7,0,0,4
ORD02801,5/22/2026,17:01:00,Friday,Hyderabad,V009,Sushi Central,Food Delivery,DRV018,0.79,Clear,0,1304.91,17.9,0,0,5
ORD02802,5/5/2026,11:28:00,Tuesday,Bengaluru,V010,Bun Intended Burgers,Pharmacy,DRV056,2.41,Clear,0,1054.08,21.5,0,0,5
ORD02803,3/7/2026,12:29:00,Saturday,Delhi,V006,Tandoori Nights,Food Delivery,DRV043,4.01,Clear,1,534.37,34.8,0,0,3
ORD02804,2/8/2026,15:34:00,Sunday,Bengaluru,V008,Pizza Junction,Food Delivery,DRV040,8.54,Clear,0,977.76,58.8,1,0,4
ORD02805,6/1/2026,19:37:00,Monday,Bengaluru,V008,Pizza Junction,Grocery,DRV007,3.36,Clear,1,359.19,37.4,0,0,5
ORD02806,4/30/2026,12:30:00,Thursday,Hyderabad,V009,Sushi Central,Food Delivery,DRV020,2.09,Rain,1,658.45,27.4,0,0,5
ORD02807,1/6/2026,11:42:00,Tuesday,Chennai,V003,Bowl & Broth,Pharmacy,DRV057,10.33,Clear,0,372.44,57.4,1,0,4
ORD02808,2/27/2026,14:23:00,Friday,Delhi,V005,Green Leaf Cafe,Food Delivery,DRV037,1.93,Heavy Traffic Event,0,1052.66,29.8,0,0,3
ORD02809,4/17/2026,15:18:00,Friday,Bengaluru,V010,Bun Intended Burgers,Food Delivery,DRV028,2.07,Clear,0,946.51,26,0,0,4
ORD02810,1/25/2026,15:52:00,Sunday,Delhi,V006,Tandoori Nights,Food Delivery,DRV039,2.62,Clear,0,1269.26,25.3,0,0,3
ORD02811,3/17/2026,21:46:00,Tuesday,Mumbai,V012,Dosa Point,Food Delivery,DRV031,1.91,Clear,1,127.19,23.1,0,0,5
ORD02812,2/2/2026,16:14:00,Monday,Delhi,V005,Green Leaf Cafe,Grocery,DRV059,11.86,Clear,0,334.59,70.1,1,0,2
ORD02813,5/25/2026,14:17:00,Monday,Bengaluru,V010,Bun Intended Burgers,Food Delivery,DRV058,1.72,Clear,0,475.76,23.5,0,0,5
ORD02814,4/24/2026,16:01:00,Friday,Delhi,V006,Tandoori Nights,Food Delivery,DRV017,2.78,Clear,0,624.5,33.3,0,0,4
ORD02815,1/28/2026,9:23:00,Wednesday,Hyderabad,V011,Roti Roll Co.,Pharmacy,DRV043,3.01,Clear,0,735.19,24.5,0,0,4
ORD02816,2/17/2026,14:10:00,Tuesday,Mumbai,V012,Dosa Point,Food Delivery,DRV005,1.48,Clear,0,252.68,13.1,0,0,5
ORD02817,4/22/2026,13:48:00,Wednesday,Hyderabad,V009,Sushi Central,Pharmacy,DRV011,5.61,Heavy Traffic Event,1,355.14,69.6,1,0,3
ORD02818,5/9/2026,15:51:00,Saturday,Mumbai,V012,Dosa Point,Food Delivery,DRV019,6.06,Clear,0,1377.98,49.5,1,0,4
ORD02819,3/26/2026,13:02:00,Thursday,Chennai,V001,Spice Route Kitchen,Food Delivery,DRV021,1.34,Clear,1,562.21,25.1,0,0,4
ORD02820,3/14/2026,18:56:00,Saturday,Chennai,V001,Spice Route Kitchen,Food Delivery,DRV001,4.42,Rain,0,290.66,42.1,0,0,4
ORD02821,2/28/2026,15:19:00,Saturday,Bengaluru,V008,Pizza Junction,Food Delivery,DRV060,0.26,Clear,0,327.61,17.3,0,0,5
ORD02822,3/27/2026,13:17:00,Friday,Bengaluru,V004,Curry Express,Grocery,DRV016,1.61,Heavy Traffic Event,1,323.07,25.8,0,0,4
ORD02823,3/13/2026,16:20:00,Friday,Chennai,V002,Urban Tadka,Food Delivery,DRV012,3.45,Rain,0,924.18,32,0,0,5
ORD02824,1/29/2026,20:41:00,Thursday,Bengaluru,V004,Curry Express,Food Delivery,DRV022,2.55,Clear,1,665.44,24.4,0,0,5
ORD02825,2/25/2026,22:36:00,Wednesday,Hyderabad,V009,Sushi Central,Food Delivery,DRV030,1.25,Clear,0,1090.57,20.5,0,0,5
ORD02826,3/30/2026,14:53:00,Monday,Bengaluru,V008,Pizza Junction,Grocery,DRV011,3.54,Clear,0,517.12,35.2,0,0,5
ORD02827,4/27/2026,18:14:00,Monday,Chennai,V003,Bowl & Broth,Food Delivery,DRV035,6.89,Clear,0,781.54,43.5,0,0,4
ORD02828,4/26/2026,15:09:00,Sunday,Mumbai,V007,Wok This Way,Food Delivery,DRV021,2.7,Clear,0,1192.79,26.4,0,0,4
ORD02829,2/23/2026,15:32:00,Monday,Delhi,V005,Green Leaf Cafe,Food Delivery,DRV033,3.14,Rain,0,545.86,36,0,0,3
ORD02830,1/23/2026,15:12:00,Friday,Hyderabad,V009,Sushi Central,Food Delivery,DRV056,1.13,Clear,0,1044.18,21.3,0,0,5
ORD02831,3/12/2026,16:57:00,Thursday,Hyderabad,V011,Roti Roll Co.,Food Delivery,DRV033,6.86,Clear,0,653.84,37,0,0,3
ORD02832,2/13/2026,15:11:00,Friday,Bengaluru,V008,Pizza Junction,Grocery,DRV010,4.48,Clear,0,1355.08,35.3,0,0,5
ORD02833,6/21/2026,22:45:00,Sunday,Mumbai,V012,Dosa Point,Food Delivery,DRV008,1.43,Clear,0,339.95,23.7,0,0,5
ORD02834,5/16/2026,22:12:00,Saturday,Hyderabad,V009,Sushi Central,Grocery,DRV044,2.61,Clear,0,1339.13,35.3,0,0,4
ORD02835,5/26/2026,14:50:00,Tuesday,Chennai,V003,Bowl & Broth,Food Delivery,DRV049,1.34,Clear,0,264.11,12.4,0,0,4
ORD02836,2/2/2026,11:48:00,Monday,Mumbai,V012,Dosa Point,Food Delivery,DRV022,2.09,Clear,0,674.24,29.1,0,0,5
ORD02837,4/23/2026,13:46:00,Thursday,Delhi,V006,Tandoori Nights,Pharmacy,DRV035,0.45,Clear,1,363.09,13.2,0,0,4
ORD02838,3/11/2026,8:58:00,Wednesday,Delhi,V006,Tandoori Nights,Food Delivery,DRV022,3.07,Clear,0,568.04,31.6,0,0,4
ORD02839,5/2/2026,21:40:00,Saturday,Hyderabad,V009,Sushi Central,Grocery,DRV018,5.87,Clear,1,527.29,39,0,0,4
ORD02840,6/9/2026,14:53:00,Tuesday,Delhi,V006,Tandoori Nights,Food Delivery,DRV031,0.73,Rain,0,1107.78,19.8,0,0,3
ORD02841,3/26/2026,14:06:00,Thursday,Chennai,V003,Bowl & Broth,Food Delivery,DRV001,2.7,Heavy Traffic Event,0,379.49,23.5,0,0,5
ORD02842,3/6/2026,12:56:00,Friday,Mumbai,V012,Dosa Point,Food Delivery,DRV023,1.1,Clear,1,425.16,24.3,0,0,5
ORD02843,5/30/2026,15:01:00,Saturday,Mumbai,V007,Wok This Way,Food Delivery,DRV007,6.22,Rain,0,1102.68,59.5,1,0,3
ORD02844,4/15/2026,17:58:00,Wednesday,Mumbai,V007,Wok This Way,Food Delivery,DRV038,3.64,Clear,0,612.25,31.2,0,0,3
ORD02845,1/25/2026,13:09:00,Sunday,Bengaluru,V010,Bun Intended Burgers,Food Delivery,DRV010,2.9,Clear,1,1091.42,31.4,0,0,4
ORD02846,3/21/2026,14:07:00,Saturday,Bengaluru,V004,Curry Express,Food Delivery,DRV060,3.05,Clear,0,1001.82,26,0,0,4
ORD02847,5/8/2026,11:21:00,Friday,Delhi,V005,Green Leaf Cafe,Food Delivery,DRV039,3.48,Clear,0,907.66,34.6,0,0,3
ORD02848,5/31/2026,14:49:00,Sunday,Chennai,V001,Spice Route Kitchen,Food Delivery,DRV003,0.9,Clear,0,868.61,21.1,0,0,4
ORD02849,6/23/2026,17:37:00,Tuesday,Mumbai,V012,Dosa Point,Food Delivery,DRV013,2.49,Rain,0,770.07,28.3,0,0,5
ORD02850,3/21/2026,22:57:00,Saturday,Bengaluru,V010,Bun Intended Burgers,Grocery,DRV059,2.73,Clear,0,531.72,24.2,0,0,4
ORD02851,5/17/2026,17:17:00,Sunday,Chennai,V003,Bowl & Broth,Food Delivery,DRV031,1.28,Clear,0,422.9,18,0,0,5
ORD02852,1/24/2026,12:02:00,Saturday,Chennai,V001,Spice Route Kitchen,Grocery,DRV060,1.43,Rain,1,673.95,29.5,0,0,3
ORD02853,6/6/2026,14:24:00,Saturday,Mumbai,V007,Wok This Way,Food Delivery,DRV021,3.43,Rain,0,672.89,34.3,0,0,4
ORD02854,1/14/2026,9:10:00,Wednesday,Hyderabad,V009,Sushi Central,Grocery,DRV012,3.62,Heavy Traffic Event,0,1307.56,36.3,0,0,4
ORD02855,4/3/2026,14:28:00,Friday,Chennai,V002,Urban Tadka,Food Delivery,DRV026,2.54,Rain,0,777.88,27.3,0,0,5
ORD02856,6/3/2026,18:13:00,Wednesday,Delhi,V006,Tandoori Nights,Food Delivery,DRV053,1.68,Heavy Traffic Event,0,896.81,26.7,0,0,3
ORD02857,1/19/2026,21:54:00,Monday,Mumbai,V007,Wok This Way,Grocery,DRV004,2.59,Clear,1,957.2,48,1,0,3
ORD02858,4/7/2026,22:15:00,Tuesday,Chennai,V002,Urban Tadka,Grocery,DRV058,3.27,Rain,0,383.03,27.5,0,0,5
ORD02859,3/10/2026,17:14:00,Tuesday,Chennai,V001,Spice Route Kitchen,Pharmacy,DRV018,3.36,Heavy Traffic Event,0,396.61,37.2,0,0,3
ORD02860,5/28/2026,17:49:00,Thursday,Mumbai,V012,Dosa Point,Food Delivery,DRV032,5.56,Rain,0,835.13,52.5,1,0,4
ORD02861,6/9/2026,14:27:00,Tuesday,Chennai,V002,Urban Tadka,Grocery,DRV055,4.99,Clear,0,899.17,35.6,0,0,5
ORD02862,5/17/2026,21:24:00,Sunday,Bengaluru,V010,Bun Intended Burgers,Food Delivery,DRV014,2.7,Clear,1,1209.38,35.5,0,0,4
ORD02863,3/31/2026,20:08:00,Tuesday,Delhi,V006,Tandoori Nights,Food Delivery,DRV043,1.64,Clear,1,307.05,34.4,0,0,3
ORD02864,5/20/2026,22:05:00,Wednesday,Delhi,V006,Tandoori Nights,Food Delivery,DRV012,1.41,Heavy Traffic Event,0,877.49,28,0,0,3
ORD02865,5/9/2026,18:31:00,Saturday,Mumbai,V012,Dosa Point,Food Delivery,DRV052,0.8,Rain,0,533.09,20.2,0,0,5
ORD02866,5/20/2026,12:51:00,Wednesday,Bengaluru,V010,Bun Intended Burgers,Food Delivery,DRV005,2.51,Clear,1,741.32,32.5,0,0,5
ORD02867,4/23/2026,20:49:00,Thursday,Chennai,V002,Urban Tadka,Grocery,DRV041,6.8,Heavy Traffic Event,1,510.31,73.5,1,0,3
ORD02868,1/28/2026,15:52:00,Wednesday,Bengaluru,V004,Curry Express,Grocery,DRV031,3.52,Clear,0,641.32,,0,1,
ORD02869,4/3/2026,13:46:00,Friday,Hyderabad,V011,Roti Roll Co.,Food Delivery,DRV039,3.55,Clear,1,1173.36,33.3,0,0,4
ORD02870,2/14/2026,19:24:00,Saturday,Chennai,V003,Bowl & Broth,Pharmacy,DRV046,1.13,Clear,1,370.53,14.9,0,0,5
ORD02871,6/5/2026,14:29:00,Friday,Delhi,V005,Green Leaf Cafe,Food Delivery,DRV034,5.08,Clear,0,730.77,45.2,1,0,4
ORD02872,6/24/2026,22:04:00,Wednesday,Chennai,V001,Spice Route Kitchen,Food Delivery,DRV058,5.46,Clear,0,1288.82,42.2,0,0,4
ORD02873,3/10/2026,13:43:00,Tuesday,Bengaluru,V010,Bun Intended Burgers,Food Delivery,DRV030,1.03,Rain,1,461.58,22.2,0,0,5
ORD02874,2/5/2026,21:55:00,Thursday,Chennai,V002,Urban Tadka,Food Delivery,DRV002,2.22,Clear,1,799.38,20.9,0,0,5
ORD02875,5/5/2026,17:09:00,Tuesday,Bengaluru,V004,Curry Express,Food Delivery,DRV029,3.75,Clear,0,153.55,29.3,0,0,4
ORD02876,3/22/2026,12:48:00,Sunday,Mumbai,V007,Wok This Way,Food Delivery,DRV014,1.55,Clear,1,181.62,23.9,0,0,4
ORD02877,4/22/2026,16:53:00,Wednesday,Chennai,V002,Urban Tadka,Food Delivery,DRV054,6.54,Clear,0,1142.99,43.6,0,0,4
ORD02878,3/20/2026,21:08:00,Friday,Delhi,V005,Green Leaf Cafe,Food Delivery,DRV030,2.38,Clear,1,590.01,24.4,0,0,3
ORD02879,3/5/2026,15:19:00,Thursday,Bengaluru,V004,Curry Express,Food Delivery,DRV037,2.12,Rain,0,717.19,26.2,0,0,5
ORD02880,4/8/2026,13:35:00,Wednesday,Delhi,V005,Green Leaf Cafe,Pharmacy,DRV014,1.71,Rain,1,1203.17,26.9,0,0,3
ORD02881,3/23/2026,11:21:00,Monday,Chennai,V002,Urban Tadka,Food Delivery,DRV055,2.88,Rain,0,921.1,32.4,0,0,5
ORD02882,5/12/2026,12:45:00,Tuesday,Bengaluru,V010,Bun Intended Burgers,Food Delivery,DRV053,2.07,Clear,1,1055.71,20.4,0,0,5
ORD02883,1/23/2026,14:03:00,Friday,Chennai,V002,Urban Tadka,Food Delivery,DRV021,4,Rain,0,638.19,45.2,1,0,4
ORD02884,4/15/2026,16:49:00,Wednesday,Hyderabad,V011,Roti Roll Co.,Grocery,DRV043,1.73,Rain,0,1214.29,13.7,0,0,4
ORD02885,3/17/2026,12:35:00,Tuesday,Mumbai,V007,Wok This Way,Food Delivery,DRV042,1.83,Clear,1,698.01,25.1,0,0,4
ORD02886,3/11/2026,12:40:00,Wednesday,Bengaluru,V008,Pizza Junction,Grocery,DRV050,1.69,Clear,1,357.29,21.4,0,0,5
ORD02887,6/7/2026,15:25:00,Sunday,Hyderabad,V011,Roti Roll Co.,Food Delivery,DRV012,2.04,Clear,0,744.63,20.1,0,0,4
ORD02888,3/17/2026,12:03:00,Tuesday,Chennai,V003,Bowl & Broth,Food Delivery,DRV016,2.96,Clear,1,1147.97,30.4,0,0,5
ORD02889,2/24/2026,12:37:00,Tuesday,Chennai,V003,Bowl & Broth,Food Delivery,DRV001,6.76,Clear,1,1192.53,49,1,0,4
ORD02890,4/3/2026,14:05:00,Friday,Chennai,V002,Urban Tadka,Food Delivery,DRV052,2.19,Rain,0,402.08,27.7,0,0,5
ORD02891,5/8/2026,19:12:00,Friday,Mumbai,V012,Dosa Point,Pharmacy,DRV041,3.71,Clear,1,756.67,31.9,0,0,5
ORD02892,6/4/2026,16:10:00,Thursday,Hyderabad,V009,Sushi Central,Food Delivery,DRV016,2.77,Clear,0,296.82,30.9,0,0,4
ORD02893,1/20/2026,21:23:00,Tuesday,Bengaluru,V004,Curry Express,Food Delivery,DRV040,2.73,Clear,1,393.98,26.5,0,0,5
ORD02894,3/24/2026,16:14:00,Tuesday,Mumbai,V007,Wok This Way,Food Delivery,DRV018,2.82,Clear,0,302.43,32.2,0,0,4
ORD02895,1/17/2026,16:29:00,Saturday,Chennai,V003,Bowl & Broth,Food Delivery,DRV024,8.38,Clear,0,755.56,46,1,0,4
ORD02896,4/30/2026,14:07:00,Thursday,Bengaluru,V010,Bun Intended Burgers,Food Delivery,DRV028,1.84,Clear,0,549.23,19.6,0,0,4
ORD02897,5/29/2026,14:09:00,Friday,Mumbai,V007,Wok This Way,Grocery,DRV015,1.43,Clear,0,384.99,24.5,0,0,4
ORD02898,2/22/2026,15:07:00,Sunday,Delhi,V006,Tandoori Nights,Pharmacy,DRV021,2.57,Clear,0,750.3,31.2,0,0,3
ORD02899,2/21/2026,16:28:00,Saturday,Hyderabad,V011,Roti Roll Co.,Food Delivery,DRV018,2.08,Heavy Traffic Event,0,1202.65,24.3,0,0,3
ORD02900,5/1/2026,18:15:00,Friday,Chennai,V002,Urban Tadka,Grocery,DRV056,0.98,Clear,0,662.9,12.8,0,0,5
ORD02901,4/26/2026,13:56:00,Sunday,Hyderabad,V009,Sushi Central,Food Delivery,DRV038,1.42,Rain,1,343.24,28.6,0,0,4
ORD02902,2/28/2026,14:06:00,Saturday,Bengaluru,V008,Pizza Junction,Food Delivery,DRV018,2.44,Heavy Traffic Event,0,934.98,37,0,0,5
ORD02903,1/16/2026,15:03:00,Friday,Hyderabad,V011,Roti Roll Co.,Food Delivery,DRV001,1.17,Clear,0,204.27,25.5,0,0,4
ORD02904,2/28/2026,16:29:00,Saturday,Chennai,V001,Spice Route Kitchen,Food Delivery,DRV003,2.37,Clear,0,491.95,34.3,0,0,4
ORD02905,5/7/2026,15:48:00,Thursday,Mumbai,V012,Dosa Point,Grocery,DRV006,3.31,Clear,0,1306.65,29,0,0,5
ORD02906,4/15/2026,12:12:00,Wednesday,Chennai,V002,Urban Tadka,Grocery,DRV057,2.02,Clear,1,1025.28,20.4,0,0,5
ORD02907,6/28/2026,15:33:00,Sunday,Mumbai,V007,Wok This Way,Pharmacy,DRV020,2.37,Clear,0,668.37,26.8,0,0,4
ORD02908,5/5/2026,10:27:00,Tuesday,Bengaluru,V010,Bun Intended Burgers,Food Delivery,DRV032,1.4,Clear,0,295.43,19.8,0,0,5
ORD02909,3/13/2026,16:45:00,Friday,Mumbai,V012,Dosa Point,Food Delivery,DRV016,2.06,Clear,0,416.4,18,0,0,5
ORD02910,6/4/2026,13:35:00,Thursday,Chennai,V002,Urban Tadka,Food Delivery,DRV032,1.33,Clear,1,580.81,15.8,0,0,5
ORD02911,2/18/2026,14:36:00,Wednesday,Bengaluru,V008,Pizza Junction,Pharmacy,DRV003,3.45,Heavy Traffic Event,0,1052.55,45.5,1,0,4
ORD02912,1/4/2026,22:54:00,Sunday,Hyderabad,V011,Roti Roll Co.,Grocery,DRV040,0.59,Clear,0,1398.3,16.4,0,0,3
ORD02913,4/26/2026,8:58:00,Sunday,Delhi,V005,Green Leaf Cafe,Grocery,DRV006,2.05,Clear,0,881.38,24.6,0,0,3
ORD02914,1/30/2026,13:52:00,Friday,Chennai,V002,Urban Tadka,Food Delivery,DRV012,2.46,Clear,1,177.86,26.3,0,0,5
ORD02915,4/9/2026,14:43:00,Thursday,Bengaluru,V010,Bun Intended Burgers,Grocery,DRV002,0.45,Rain,0,1228.2,18.6,0,0,5
ORD02916,3/31/2026,15:27:00,Tuesday,Chennai,V001,Spice Route Kitchen,Grocery,DRV004,2.43,Clear,0,329.14,37.2,0,0,3
ORD02917,6/25/2026,21:41:00,Thursday,Mumbai,V012,Dosa Point,Food Delivery,DRV020,6.84,Clear,1,1142.84,50.9,1,0,5
ORD02918,4/14/2026,18:44:00,Tuesday,Hyderabad,V009,Sushi Central,Food Delivery,DRV053,4.35,Clear,0,469.48,32.5,0,0,5
ORD02919,4/15/2026,14:54:00,Wednesday,Delhi,V006,Tandoori Nights,Grocery,DRV036,0.1,Clear,0,1096.51,15.5,0,0,4
ORD02920,6/2/2026,16:23:00,Tuesday,Mumbai,V012,Dosa Point,Food Delivery,DRV043,1.91,Clear,0,1036.59,,0,1,
ORD02921,6/12/2026,15:58:00,Friday,Bengaluru,V004,Curry Express,Food Delivery,DRV054,3.79,Clear,0,672.07,41,0,0,4
ORD02922,2/16/2026,14:49:00,Monday,Chennai,V003,Bowl & Broth,Food Delivery,DRV014,1.77,Clear,0,1160.82,15.3,0,0,4
ORD02923,2/3/2026,13:16:00,Tuesday,Chennai,V003,Bowl & Broth,Grocery,DRV058,3.4,Clear,1,881.34,28.3,0,0,5
ORD02924,6/4/2026,12:00:00,Thursday,Bengaluru,V004,Curry Express,Grocery,DRV011,5.22,Rain,1,201.3,53,1,0,4
ORD02925,3/1/2026,18:01:00,Sunday,Mumbai,V012,Dosa Point,Grocery,DRV036,2.31,Clear,0,336.18,28.4,0,0,5
ORD02926,6/8/2026,16:08:00,Monday,Delhi,V006,Tandoori Nights,Food Delivery,DRV006,1.98,Clear,0,1337.26,18.2,0,0,4
ORD02927,5/16/2026,12:53:00,Saturday,Chennai,V002,Urban Tadka,Food Delivery,DRV038,4.1,Clear,1,564.28,41.8,0,0,5
ORD02928,6/17/2026,18:26:00,Wednesday,Hyderabad,V011,Roti Roll Co.,Food Delivery,DRV036,2.34,Heavy Traffic Event,0,1135.15,29.1,0,0,3
ORD02929,3/13/2026,17:17:00,Friday,Chennai,V002,Urban Tadka,Grocery,DRV017,4.8,Heavy Traffic Event,0,602.41,,0,1,
ORD02930,5/15/2026,15:34:00,Friday,Mumbai,V012,Dosa Point,Grocery,DRV060,1.88,Clear,0,525.17,34.8,0,0,5
ORD02931,3/27/2026,14:32:00,Friday,Bengaluru,V010,Bun Intended Burgers,Food Delivery,DRV020,5,Clear,0,295.77,30,0,0,5
ORD02932,5/19/2026,17:45:00,Tuesday,Mumbai,V007,Wok This Way,Grocery,DRV002,2.87,Clear,0,1306.25,31.2,0,0,3
ORD02933,4/5/2026,16:22:00,Sunday,Chennai,V002,Urban Tadka,Food Delivery,DRV035,4.65,Clear,0,539.77,,0,1,
ORD02934,1/19/2026,16:24:00,Monday,Mumbai,V007,Wok This Way,Grocery,DRV006,4.02,Clear,0,510.68,40,0,0,3
ORD02935,6/21/2026,16:54:00,Sunday,Delhi,V005,Green Leaf Cafe,Grocery,DRV013,3.65,Clear,0,635.09,35.1,0,0,3
ORD02936,5/28/2026,18:57:00,Thursday,Bengaluru,V004,Curry Express,Food Delivery,DRV006,5.26,Clear,0,706.48,33.2,0,0,4
ORD02937,5/25/2026,14:41:00,Monday,Hyderabad,V011,Roti Roll Co.,Grocery,DRV026,1.41,Clear,0,877.1,20.5,0,0,3
ORD02938,2/2/2026,14:22:00,Monday,Bengaluru,V004,Curry Express,Food Delivery,DRV059,0.84,Clear,0,913.8,8.9,0,0,5
ORD02939,6/2/2026,13:32:00,Tuesday,Bengaluru,V010,Bun Intended Burgers,Grocery,DRV011,3.53,Clear,1,684.59,34.8,0,0,4
ORD02940,3/21/2026,14:32:00,Saturday,Delhi,V006,Tandoori Nights,Grocery,DRV007,1.33,Clear,0,1233.51,24.8,0,0,4
ORD02941,2/2/2026,19:16:00,Monday,Bengaluru,V008,Pizza Junction,Food Delivery,DRV054,5.46,Clear,1,1304.46,51.6,1,0,4
ORD02942,1/30/2026,18:03:00,Friday,Chennai,V001,Spice Route Kitchen,Food Delivery,DRV009,2.38,Clear,0,268.04,,0,1,
ORD02943,6/7/2026,11:04:00,Sunday,Mumbai,V007,Wok This Way,Food Delivery,DRV007,4.65,Rain,0,1384.92,43.3,0,0,3
ORD02944,3/12/2026,13:24:00,Thursday,Bengaluru,V004,Curry Express,Grocery,DRV047,2.59,Clear,1,446.44,31.6,0,0,4
ORD02945,3/12/2026,13:32:00,Thursday,Hyderabad,V011,Roti Roll Co.,Food Delivery,DRV059,1.4,Heavy Traffic Event,1,514.94,18.2,0,0,4
ORD02946,6/5/2026,15:27:00,Friday,Chennai,V001,Spice Route Kitchen,Food Delivery,DRV055,0.72,Rain,0,941.81,25,0,0,5
ORD02947,5/10/2026,12:12:00,Sunday,Chennai,V003,Bowl & Broth,Food Delivery,DRV019,2.07,Clear,1,572.15,,0,1,
ORD02948,5/16/2026,15:03:00,Saturday,Hyderabad,V011,Roti Roll Co.,Food Delivery,DRV007,3.48,Clear,0,1160.89,23.3,0,0,3
ORD02949,5/20/2026,18:33:00,Wednesday,Bengaluru,V008,Pizza Junction,Food Delivery,DRV008,3.32,Clear,0,307.7,26.9,0,0,5
ORD02950,3/6/2026,18:31:00,Friday,Hyderabad,V009,Sushi Central,Food Delivery,DRV003,5.82,Rain,0,559.52,43.9,0,0,4
ORD02951,6/26/2026,20:33:00,Friday,Chennai,V002,Urban Tadka,Food Delivery,DRV018,1.96,Clear,1,1274.38,26.8,0,0,5
ORD02952,4/18/2026,13:03:00,Saturday,Hyderabad,V011,Roti Roll Co.,Food Delivery,DRV050,0.29,Rain,1,793.86,19.3,0,0,3
ORD02953,1/12/2026,21:07:00,Monday,Bengaluru,V004,Curry Express,Food Delivery,DRV025,6.34,Heavy Traffic Event,1,453.04,74.2,1,0,2
ORD02954,3/6/2026,20:43:00,Friday,Chennai,V003,Bowl & Broth,Food Delivery,DRV037,3.07,Clear,1,437.67,27.7,0,0,4
ORD02955,3/28/2026,22:06:00,Saturday,Bengaluru,V010,Bun Intended Burgers,Food Delivery,DRV018,4.88,Clear,0,1180.35,37.3,0,0,5
ORD02956,2/14/2026,14:14:00,Saturday,Bengaluru,V010,Bun Intended Burgers,Food Delivery,DRV056,1.75,Clear,0,601.07,19.4,0,0,5
ORD02957,3/31/2026,22:06:00,Tuesday,Chennai,V003,Bowl & Broth,Pharmacy,DRV009,4.35,Clear,0,651.92,37.9,0,0,5
ORD02958,2/26/2026,20:38:00,Thursday,Hyderabad,V009,Sushi Central,Food Delivery,DRV052,1.97,Clear,1,993.41,20.8,0,0,4
ORD02959,5/9/2026,14:05:00,Saturday,Delhi,V005,Green Leaf Cafe,Food Delivery,DRV042,3.12,Clear,0,538.32,22,0,0,3
ORD02960,1/11/2026,16:22:00,Sunday,Mumbai,V012,Dosa Point,Grocery,DRV010,1.6,Rain,0,1227.24,25.5,0,0,5
ORD02961,6/10/2026,22:26:00,Wednesday,Chennai,V003,Bowl & Broth,Food Delivery,DRV053,4.01,Clear,0,750.42,33.1,0,0,5
ORD02962,2/3/2026,13:22:00,Tuesday,Bengaluru,V010,Bun Intended Burgers,Food Delivery,DRV003,3.2,Clear,1,722.91,27.7,0,0,5
ORD02963,1/9/2026,17:43:00,Friday,Bengaluru,V004,Curry Express,Food Delivery,DRV057,2.63,Rain,0,1208.67,27.7,0,0,4
ORD02964,4/3/2026,12:33:00,Friday,Mumbai,V012,Dosa Point,Food Delivery,DRV003,3.16,Clear,1,783.65,37,0,0,5
ORD02965,5/3/2026,21:06:00,Sunday,Chennai,V001,Spice Route Kitchen,Pharmacy,DRV041,4.16,Clear,1,129.55,42.5,0,0,4
ORD02966,2/25/2026,19:58:00,Wednesday,Mumbai,V007,Wok This Way,Food Delivery,DRV006,1.89,Rain,1,870.65,35.7,0,0,4
ORD02967,2/7/2026,18:06:00,Saturday,Hyderabad,V009,Sushi Central,Grocery,DRV056,2.36,Rain,0,921.35,29.8,0,0,5
ORD02968,5/1/2026,19:43:00,Friday,Delhi,V005,Green Leaf Cafe,Grocery,DRV004,0.86,Clear,1,404.42,15.9,0,0,4
ORD02969,6/16/2026,14:38:00,Tuesday,Chennai,V003,Bowl & Broth,Food Delivery,DRV029,2.5,Rain,0,222.48,26.2,0,0,5
ORD02970,2/27/2026,14:55:00,Friday,Hyderabad,V011,Roti Roll Co.,Food Delivery,DRV026,7.1,Clear,0,1177.46,36.3,0,0,3
ORD02971,1/16/2026,21:06:00,Friday,Mumbai,V012,Dosa Point,Food Delivery,DRV030,8.45,Rain,1,646.67,79.5,1,0,4
ORD02972,2/3/2026,15:43:00,Tuesday,Bengaluru,V004,Curry Express,Food Delivery,DRV049,8.65,Clear,0,1344.62,56.2,1,0,4
ORD02973,5/15/2026,15:21:00,Friday,Mumbai,V012,Dosa Point,Food Delivery,DRV036,0.74,Rain,0,1170.7,18.7,0,0,5
ORD02974,3/7/2026,13:36:00,Saturday,Delhi,V005,Green Leaf Cafe,Grocery,DRV040,2.77,Clear,1,400.53,31.2,0,0,4
ORD02975,1/16/2026,15:29:00,Friday,Delhi,V006,Tandoori Nights,Food Delivery,DRV017,1.6,Clear,0,1000.38,24.2,0,0,4
ORD02976,6/3/2026,15:03:00,Wednesday,Bengaluru,V004,Curry Express,Grocery,DRV004,4.84,Clear,0,431.43,35.1,0,0,5
ORD02977,4/8/2026,14:45:00,Wednesday,Hyderabad,V009,Sushi Central,Grocery,DRV012,1.34,Clear,0,443.46,26.4,0,0,5
ORD02978,3/9/2026,15:30:00,Monday,Hyderabad,V011,Roti Roll Co.,Food Delivery,DRV018,1.71,Clear,0,678.44,16.2,0,0,4
ORD02979,3/27/2026,17:53:00,Friday,Hyderabad,V011,Roti Roll Co.,Pharmacy,DRV040,2.78,Clear,0,1272.25,22.9,0,0,3
ORD02980,4/29/2026,15:28:00,Wednesday,Delhi,V006,Tandoori Nights,Food Delivery,DRV006,2.57,Clear,0,1146.53,31.6,0,0,3
ORD02981,3/26/2026,11:38:00,Thursday,Bengaluru,V004,Curry Express,Food Delivery,DRV022,1.03,Clear,0,1341.8,10.7,0,0,5
ORD02982,2/9/2026,11:34:00,Monday,Delhi,V005,Green Leaf Cafe,Food Delivery,DRV003,1.89,Rain,0,839.13,20.8,0,0,4
ORD02983,6/8/2026,15:01:00,Monday,Bengaluru,V010,Bun Intended Burgers,Food Delivery,DRV012,2.48,Clear,0,122.39,23.8,0,0,5
ORD02984,3/11/2026,14:06:00,Wednesday,Chennai,V003,Bowl & Broth,Pharmacy,DRV052,1.78,Clear,0,1162.79,16.9,0,0,5
ORD02985,3/4/2026,10:22:00,Wednesday,Bengaluru,V010,Bun Intended Burgers,Food Delivery,DRV036,5.09,Clear,0,985.34,43.1,0,0,4
ORD02986,5/12/2026,16:04:00,Tuesday,Chennai,V003,Bowl & Broth,Grocery,DRV042,3.27,Clear,0,542.31,23.9,0,0,5
ORD02987,3/4/2026,18:31:00,Wednesday,Bengaluru,V008,Pizza Junction,Food Delivery,DRV022,1.77,Rain,0,1167.31,32.5,0,0,5
ORD02988,1/15/2026,12:13:00,Thursday,Delhi,V005,Green Leaf Cafe,Food Delivery,DRV045,7.73,Rain,1,1240.88,69.7,1,0,2
ORD02989,1/30/2026,16:13:00,Friday,Chennai,V003,Bowl & Broth,Food Delivery,DRV060,4.08,Rain,0,808.15,36.9,0,0,4
ORD02990,4/7/2026,13:26:00,Tuesday,Mumbai,V007,Wok This Way,Food Delivery,DRV053,4.62,Clear,1,495.81,39.8,0,0,3
ORD02991,6/11/2026,20:49:00,Thursday,Mumbai,V012,Dosa Point,Grocery,DRV029,1.06,Clear,1,299.05,24,0,0,5
ORD02992,6/17/2026,18:03:00,Wednesday,Delhi,V005,Green Leaf Cafe,Food Delivery,DRV045,8.12,Rain,0,1001.88,64.6,1,0,3
ORD02993,1/28/2026,22:10:00,Wednesday,Delhi,V006,Tandoori Nights,Food Delivery,DRV013,2.27,Rain,0,163.99,29.7,0,0,4
ORD02994,6/4/2026,16:55:00,Thursday,Mumbai,V012,Dosa Point,Grocery,DRV048,4.53,Clear,0,1106.9,45.1,1,0,5
ORD02995,2/6/2026,16:11:00,Friday,Chennai,V002,Urban Tadka,Food Delivery,DRV021,6.38,Clear,0,677.48,43.5,0,0,5
ORD02996,6/22/2026,14:37:00,Monday,Bengaluru,V004,Curry Express,Food Delivery,DRV003,2.8,Clear,0,362.84,28.6,0,0,5
ORD02997,5/15/2026,18:51:00,Friday,Chennai,V001,Spice Route Kitchen,Food Delivery,DRV049,5.07,Clear,0,501.35,36.1,0,0,4
ORD02998,2/5/2026,14:28:00,Thursday,Bengaluru,V008,Pizza Junction,Food Delivery,DRV054,1.75,Clear,0,1272.07,26.1,0,0,5
ORD02999,4/22/2026,15:56:00,Wednesday,Chennai,V002,Urban Tadka,Food Delivery,DRV055,2.47,Clear,0,339.92,17.9,0,0,5
ORD03000,5/25/2026,15:22:00,Monday,Bengaluru,V008,Pizza Junction,Food Delivery,DRV031,1.02,Rain,0,1395.25,19.7,0,0,5
